

Microchip MPLAB XC8 Assembler V2.46 build 20240104201356 
                                                                                               Mon Aug 19 21:13:07 2024

Microchip MPLAB XC8 C Compiler v2.46 (Free license) build 20240104201356 Og1 
     1                           	processor	16F1827
     2                           	pagewidth 120
     3                           	opt	flic
     4                           	psect	nvBANK0,global,class=BANK0,space=1,delta=1,noexec
     5                           	psect	cinit,global,class=CODE,merge=1,delta=2
     6                           	psect	bssBANK0,global,class=BANK0,space=1,delta=1,noexec
     7                           	psect	bssBANK1,global,class=BANK1,space=1,delta=1,noexec
     8                           	psect	clrtext,global,class=CODE,delta=2
     9                           	psect	cstackBANK1,global,class=BANK1,space=1,delta=1,noexec
    10                           	psect	cstackCOMMON,global,class=COMMON,space=1,delta=1,noexec
    11                           	psect	cstackBANK0,global,class=BANK0,space=1,delta=1,noexec
    12                           	psect	maintext,global,class=CODE,merge=1,split=1,delta=2
    13                           	psect	text1,local,class=CODE,merge=1,delta=2
    14                           	psect	text2,local,class=CODE,merge=1,delta=2,group=1
    15                           	psect	text3,local,class=CODE,merge=1,delta=2,group=1
    16                           	psect	text4,local,class=CODE,merge=1,delta=2,group=1
    17                           	psect	text5,local,class=CODE,merge=1,delta=2,group=1
    18                           	psect	text6,local,class=CODE,merge=1,delta=2,group=1
    19                           	psect	text7,local,class=CODE,merge=1,delta=2
    20                           	psect	text8,local,class=CODE,merge=1,delta=2
    21                           	psect	text9,local,class=CODE,merge=1,delta=2
    22                           	psect	text10,local,class=CODE,merge=1,delta=2
    23                           	psect	text11,local,class=CODE,merge=1,delta=2
    24                           	psect	text12,local,class=CODE,merge=1,delta=2
    25                           	psect	text13,local,class=CODE,merge=1,delta=2
    26                           	psect	text14,local,class=CODE,merge=1,delta=2
    27                           	psect	text15,local,class=CODE,merge=1,delta=2
    28                           	psect	text16,local,class=CODE,merge=1,delta=2
    29                           	psect	text17,local,class=CODE,merge=1,delta=2
    30                           	psect	text18,local,class=CODE,merge=1,delta=2
    31                           	psect	text19,local,class=CODE,merge=1,delta=2
    32                           	psect	text20,local,class=CODE,merge=1,delta=2
    33                           	psect	text21,local,class=CODE,merge=1,delta=2
    34                           	psect	text22,local,class=CODE,merge=1,delta=2
    35                           	psect	text23,local,class=CODE,merge=1,delta=2
    36                           	psect	text24,local,class=CODE,merge=1,delta=2
    37                           	psect	text25,local,class=CODE,merge=1,delta=2
    38                           	psect	text26,local,class=CODE,merge=1,delta=2
    39                           	psect	intentry,global,class=CODE,delta=2
    40                           	psect	text28,local,class=CODE,merge=1,delta=2
    41                           	psect	text29,local,class=CODE,merge=1,delta=2
    42                           	psect	text30,local,class=CODE,merge=1,delta=2
    43                           	psect	text31,local,class=CODE,merge=1,delta=2
    44                           	psect	text32,local,class=CODE,merge=1,delta=2
    45                           	psect	text33,local,class=CODE,merge=1,delta=2
    46                           	psect	text34,local,class=CODE,merge=1,delta=2
    47                           	psect	text35,local,class=CODE,merge=1,delta=2
    48                           	psect	text36,local,class=CODE,merge=1,delta=2
    49                           	psect	text37,local,class=CODE,merge=1,delta=2
    50                           	psect	config,global,abs,ovrld,class=CONFIG,space=4,delta=2,noexec
    51                           	dabs	1,0x7E,2
    52     0000                     
    53                           ; Generated 07/09/2023 GMT
    54                           ; 
    55                           ; Copyright © 2023, Microchip Technology Inc. and its subsidiaries ("Microchip")
    56                           ; All rights reserved.
    57                           ; 
    58                           ; This software is developed by Microchip Technology Inc. and its subsidiaries ("Microch
      +                          ip").
    59                           ; 
    60                           ; Redistribution and use in source and binary forms, with or without modification, are
    61                           ; permitted provided that the following conditions are met:
    62                           ; 
    63                           ;     1. Redistributions of source code must retain the above copyright notice, this lis
      +                          t of
    64                           ;        conditions and the following disclaimer.
    65                           ; 
    66                           ;     2. Redistributions in binary form must reproduce the above copyright notice, this 
      +                          list
    67                           ;        of conditions and the following disclaimer in the documentation and/or other
    68                           ;        materials provided with the distribution. Publication is not required when
    69                           ;        this file is used in an embedded application.
    70                           ; 
    71                           ;     3. Microchip's name may not be used to endorse or promote products derived from th
      +                          is
    72                           ;        software without specific prior written permission.
    73                           ; 
    74                           ; THIS SOFTWARE IS PROVIDED BY MICROCHIP "AS IS" AND ANY EXPRESS OR IMPLIED WARRANTIES,
    75                           ; INCLUDING, BUT NOT LIMITED TO, THE IMPLIED WARRANTIES OF MERCHANTABILITY AND FITNESS F
      +                          OR
    76                           ; PURPOSE ARE DISCLAIMED.  IN NO EVENT SHALL MICROCHIP BE LIABLE FOR ANY DIRECT, INDIREC
      +                          T,
    77                           ; INCIDENTAL, SPECIAL, EXEMPLARY, OR CONSEQUENTIAL DAMAGES (INCLUDING BUT NOT LIMITED TO
    78                           ; PROCUREMENT OF SUBSTITUTE GOODS OR SERVICES; LOSS OF USE, DATA OR PROFITS; OR BUSINESS
    79                           ; INTERRUPTION) HOWSOEVER CAUSED AND ON ANY THEORY OF LIABILITY, WHETHER IN CONTRACT, ST
      +                          RICT
    80                           ; LIABILITY, OR TORT (INCLUDING NEGLIGENCE OR OTHERWISE) ARISING IN ANY WAY OUT OF THE U
      +                          SE OF
    81                           ; THIS SOFTWARE, EVEN IF ADVISED OF THE POSSIBILITY OF SUCH DAMAGE.
    82                           ; 
    83                           ; 
    84                           ; Code-generator required, PIC16F1827 Definitions
    85                           ; 
    86                           ; SFR Addresses
    87     0000                     	;# 
    88     0001                     	;# 
    89     0002                     	;# 
    90     0003                     	;# 
    91     0004                     	;# 
    92     0005                     	;# 
    93     0006                     	;# 
    94     0007                     	;# 
    95     0008                     	;# 
    96     0009                     	;# 
    97     000A                     	;# 
    98     000B                     	;# 
    99     000C                     	;# 
   100     000D                     	;# 
   101     0011                     	;# 
   102     0012                     	;# 
   103     0013                     	;# 
   104     0014                     	;# 
   105     0015                     	;# 
   106     0016                     	;# 
   107     0016                     	;# 
   108     0017                     	;# 
   109     0018                     	;# 
   110     0019                     	;# 
   111     001A                     	;# 
   112     001B                     	;# 
   113     001C                     	;# 
   114     001E                     	;# 
   115     001F                     	;# 
   116     008C                     	;# 
   117     008D                     	;# 
   118     0091                     	;# 
   119     0092                     	;# 
   120     0093                     	;# 
   121     0094                     	;# 
   122     0095                     	;# 
   123     0096                     	;# 
   124     0097                     	;# 
   125     0098                     	;# 
   126     0099                     	;# 
   127     009A                     	;# 
   128     009B                     	;# 
   129     009B                     	;# 
   130     009C                     	;# 
   131     009D                     	;# 
   132     009E                     	;# 
   133     010C                     	;# 
   134     010D                     	;# 
   135     0111                     	;# 
   136     0112                     	;# 
   137     0113                     	;# 
   138     0114                     	;# 
   139     0115                     	;# 
   140     0116                     	;# 
   141     0117                     	;# 
   142     0118                     	;# 
   143     0119                     	;# 
   144     011A                     	;# 
   145     011B                     	;# 
   146     011D                     	;# 
   147     011E                     	;# 
   148     018C                     	;# 
   149     018D                     	;# 
   150     0191                     	;# 
   151     0191                     	;# 
   152     0192                     	;# 
   153     0193                     	;# 
   154     0193                     	;# 
   155     0193                     	;# 
   156     0194                     	;# 
   157     0195                     	;# 
   158     0196                     	;# 
   159     0199                     	;# 
   160     019A                     	;# 
   161     019B                     	;# 
   162     019B                     	;# 
   163     019B                     	;# 
   164     019B                     	;# 
   165     019C                     	;# 
   166     019C                     	;# 
   167     019D                     	;# 
   168     019E                     	;# 
   169     019F                     	;# 
   170     020C                     	;# 
   171     020D                     	;# 
   172     0211                     	;# 
   173     0211                     	;# 
   174     0212                     	;# 
   175     0212                     	;# 
   176     0213                     	;# 
   177     0213                     	;# 
   178     0214                     	;# 
   179     0214                     	;# 
   180     0215                     	;# 
   181     0215                     	;# 
   182     0215                     	;# 
   183     0216                     	;# 
   184     0216                     	;# 
   185     0217                     	;# 
   186     0217                     	;# 
   187     0219                     	;# 
   188     021A                     	;# 
   189     021B                     	;# 
   190     021C                     	;# 
   191     021D                     	;# 
   192     021E                     	;# 
   193     021F                     	;# 
   194     0291                     	;# 
   195     0291                     	;# 
   196     0292                     	;# 
   197     0293                     	;# 
   198     0294                     	;# 
   199     0295                     	;# 
   200     0295                     	;# 
   201     0296                     	;# 
   202     0298                     	;# 
   203     0298                     	;# 
   204     0299                     	;# 
   205     029A                     	;# 
   206     029B                     	;# 
   207     029C                     	;# 
   208     029C                     	;# 
   209     029D                     	;# 
   210     029E                     	;# 
   211     029E                     	;# 
   212     0311                     	;# 
   213     0311                     	;# 
   214     0312                     	;# 
   215     0313                     	;# 
   216     0318                     	;# 
   217     0318                     	;# 
   218     0319                     	;# 
   219     031A                     	;# 
   220     0394                     	;# 
   221     0395                     	;# 
   222     0396                     	;# 
   223     039A                     	;# 
   224     039C                     	;# 
   225     039D                     	;# 
   226     039E                     	;# 
   227     039F                     	;# 
   228     0415                     	;# 
   229     0416                     	;# 
   230     0417                     	;# 
   231     041C                     	;# 
   232     041D                     	;# 
   233     041E                     	;# 
   234     0FE4                     	;# 
   235     0FE5                     	;# 
   236     0FE6                     	;# 
   237     0FE7                     	;# 
   238     0FE8                     	;# 
   239     0FE9                     	;# 
   240     0FEA                     	;# 
   241     0FEB                     	;# 
   242     0FED                     	;# 
   243     0FEE                     	;# 
   244     0FEF                     	;# 
   245     0000                     	;# 
   246     0001                     	;# 
   247     0002                     	;# 
   248     0003                     	;# 
   249     0004                     	;# 
   250     0005                     	;# 
   251     0006                     	;# 
   252     0007                     	;# 
   253     0008                     	;# 
   254     0009                     	;# 
   255     000A                     	;# 
   256     000B                     	;# 
   257     000C                     	;# 
   258     000D                     	;# 
   259     0011                     	;# 
   260     0012                     	;# 
   261     0013                     	;# 
   262     0014                     	;# 
   263     0015                     	;# 
   264     0016                     	;# 
   265     0016                     	;# 
   266     0017                     	;# 
   267     0018                     	;# 
   268     0019                     	;# 
   269     001A                     	;# 
   270     001B                     	;# 
   271     001C                     	;# 
   272     001E                     	;# 
   273     001F                     	;# 
   274     008C                     	;# 
   275     008D                     	;# 
   276     0091                     	;# 
   277     0092                     	;# 
   278     0093                     	;# 
   279     0094                     	;# 
   280     0095                     	;# 
   281     0096                     	;# 
   282     0097                     	;# 
   283     0098                     	;# 
   284     0099                     	;# 
   285     009A                     	;# 
   286     009B                     	;# 
   287     009B                     	;# 
   288     009C                     	;# 
   289     009D                     	;# 
   290     009E                     	;# 
   291     010C                     	;# 
   292     010D                     	;# 
   293     0111                     	;# 
   294     0112                     	;# 
   295     0113                     	;# 
   296     0114                     	;# 
   297     0115                     	;# 
   298     0116                     	;# 
   299     0117                     	;# 
   300     0118                     	;# 
   301     0119                     	;# 
   302     011A                     	;# 
   303     011B                     	;# 
   304     011D                     	;# 
   305     011E                     	;# 
   306     018C                     	;# 
   307     018D                     	;# 
   308     0191                     	;# 
   309     0191                     	;# 
   310     0192                     	;# 
   311     0193                     	;# 
   312     0193                     	;# 
   313     0193                     	;# 
   314     0194                     	;# 
   315     0195                     	;# 
   316     0196                     	;# 
   317     0199                     	;# 
   318     019A                     	;# 
   319     019B                     	;# 
   320     019B                     	;# 
   321     019B                     	;# 
   322     019B                     	;# 
   323     019C                     	;# 
   324     019C                     	;# 
   325     019D                     	;# 
   326     019E                     	;# 
   327     019F                     	;# 
   328     020C                     	;# 
   329     020D                     	;# 
   330     0211                     	;# 
   331     0211                     	;# 
   332     0212                     	;# 
   333     0212                     	;# 
   334     0213                     	;# 
   335     0213                     	;# 
   336     0214                     	;# 
   337     0214                     	;# 
   338     0215                     	;# 
   339     0215                     	;# 
   340     0215                     	;# 
   341     0216                     	;# 
   342     0216                     	;# 
   343     0217                     	;# 
   344     0217                     	;# 
   345     0219                     	;# 
   346     021A                     	;# 
   347     021B                     	;# 
   348     021C                     	;# 
   349     021D                     	;# 
   350     021E                     	;# 
   351     021F                     	;# 
   352     0291                     	;# 
   353     0291                     	;# 
   354     0292                     	;# 
   355     0293                     	;# 
   356     0294                     	;# 
   357     0295                     	;# 
   358     0295                     	;# 
   359     0296                     	;# 
   360     0298                     	;# 
   361     0298                     	;# 
   362     0299                     	;# 
   363     029A                     	;# 
   364     029B                     	;# 
   365     029C                     	;# 
   366     029C                     	;# 
   367     029D                     	;# 
   368     029E                     	;# 
   369     029E                     	;# 
   370     0311                     	;# 
   371     0311                     	;# 
   372     0312                     	;# 
   373     0313                     	;# 
   374     0318                     	;# 
   375     0318                     	;# 
   376     0319                     	;# 
   377     031A                     	;# 
   378     0394                     	;# 
   379     0395                     	;# 
   380     0396                     	;# 
   381     039A                     	;# 
   382     039C                     	;# 
   383     039D                     	;# 
   384     039E                     	;# 
   385     039F                     	;# 
   386     0415                     	;# 
   387     0416                     	;# 
   388     0417                     	;# 
   389     041C                     	;# 
   390     041D                     	;# 
   391     041E                     	;# 
   392     0FE4                     	;# 
   393     0FE5                     	;# 
   394     0FE6                     	;# 
   395     0FE7                     	;# 
   396     0FE8                     	;# 
   397     0FE9                     	;# 
   398     0FEA                     	;# 
   399     0FEB                     	;# 
   400     0FED                     	;# 
   401     0FEE                     	;# 
   402     0FEF                     	;# 
   403     0000                     	;# 
   404     0001                     	;# 
   405     0002                     	;# 
   406     0003                     	;# 
   407     0004                     	;# 
   408     0005                     	;# 
   409     0006                     	;# 
   410     0007                     	;# 
   411     0008                     	;# 
   412     0009                     	;# 
   413     000A                     	;# 
   414     000B                     	;# 
   415     000C                     	;# 
   416     000D                     	;# 
   417     0011                     	;# 
   418     0012                     	;# 
   419     0013                     	;# 
   420     0014                     	;# 
   421     0015                     	;# 
   422     0016                     	;# 
   423     0016                     	;# 
   424     0017                     	;# 
   425     0018                     	;# 
   426     0019                     	;# 
   427     001A                     	;# 
   428     001B                     	;# 
   429     001C                     	;# 
   430     001E                     	;# 
   431     001F                     	;# 
   432     008C                     	;# 
   433     008D                     	;# 
   434     0091                     	;# 
   435     0092                     	;# 
   436     0093                     	;# 
   437     0094                     	;# 
   438     0095                     	;# 
   439     0096                     	;# 
   440     0097                     	;# 
   441     0098                     	;# 
   442     0099                     	;# 
   443     009A                     	;# 
   444     009B                     	;# 
   445     009B                     	;# 
   446     009C                     	;# 
   447     009D                     	;# 
   448     009E                     	;# 
   449     010C                     	;# 
   450     010D                     	;# 
   451     0111                     	;# 
   452     0112                     	;# 
   453     0113                     	;# 
   454     0114                     	;# 
   455     0115                     	;# 
   456     0116                     	;# 
   457     0117                     	;# 
   458     0118                     	;# 
   459     0119                     	;# 
   460     011A                     	;# 
   461     011B                     	;# 
   462     011D                     	;# 
   463     011E                     	;# 
   464     018C                     	;# 
   465     018D                     	;# 
   466     0191                     	;# 
   467     0191                     	;# 
   468     0192                     	;# 
   469     0193                     	;# 
   470     0193                     	;# 
   471     0193                     	;# 
   472     0194                     	;# 
   473     0195                     	;# 
   474     0196                     	;# 
   475     0199                     	;# 
   476     019A                     	;# 
   477     019B                     	;# 
   478     019B                     	;# 
   479     019B                     	;# 
   480     019B                     	;# 
   481     019C                     	;# 
   482     019C                     	;# 
   483     019D                     	;# 
   484     019E                     	;# 
   485     019F                     	;# 
   486     020C                     	;# 
   487     020D                     	;# 
   488     0211                     	;# 
   489     0211                     	;# 
   490     0212                     	;# 
   491     0212                     	;# 
   492     0213                     	;# 
   493     0213                     	;# 
   494     0214                     	;# 
   495     0214                     	;# 
   496     0215                     	;# 
   497     0215                     	;# 
   498     0215                     	;# 
   499     0216                     	;# 
   500     0216                     	;# 
   501     0217                     	;# 
   502     0217                     	;# 
   503     0219                     	;# 
   504     021A                     	;# 
   505     021B                     	;# 
   506     021C                     	;# 
   507     021D                     	;# 
   508     021E                     	;# 
   509     021F                     	;# 
   510     0291                     	;# 
   511     0291                     	;# 
   512     0292                     	;# 
   513     0293                     	;# 
   514     0294                     	;# 
   515     0295                     	;# 
   516     0295                     	;# 
   517     0296                     	;# 
   518     0298                     	;# 
   519     0298                     	;# 
   520     0299                     	;# 
   521     029A                     	;# 
   522     029B                     	;# 
   523     029C                     	;# 
   524     029C                     	;# 
   525     029D                     	;# 
   526     029E                     	;# 
   527     029E                     	;# 
   528     0311                     	;# 
   529     0311                     	;# 
   530     0312                     	;# 
   531     0313                     	;# 
   532     0318                     	;# 
   533     0318                     	;# 
   534     0319                     	;# 
   535     031A                     	;# 
   536     0394                     	;# 
   537     0395                     	;# 
   538     0396                     	;# 
   539     039A                     	;# 
   540     039C                     	;# 
   541     039D                     	;# 
   542     039E                     	;# 
   543     039F                     	;# 
   544     0415                     	;# 
   545     0416                     	;# 
   546     0417                     	;# 
   547     041C                     	;# 
   548     041D                     	;# 
   549     041E                     	;# 
   550     0FE4                     	;# 
   551     0FE5                     	;# 
   552     0FE6                     	;# 
   553     0FE7                     	;# 
   554     0FE8                     	;# 
   555     0FE9                     	;# 
   556     0FEA                     	;# 
   557     0FEB                     	;# 
   558     0FED                     	;# 
   559     0FEE                     	;# 
   560     0FEF                     	;# 
   561     0000                     	;# 
   562     0001                     	;# 
   563     0002                     	;# 
   564     0003                     	;# 
   565     0004                     	;# 
   566     0005                     	;# 
   567     0006                     	;# 
   568     0007                     	;# 
   569     0008                     	;# 
   570     0009                     	;# 
   571     000A                     	;# 
   572     000B                     	;# 
   573     000C                     	;# 
   574     000D                     	;# 
   575     0011                     	;# 
   576     0012                     	;# 
   577     0013                     	;# 
   578     0014                     	;# 
   579     0015                     	;# 
   580     0016                     	;# 
   581     0016                     	;# 
   582     0017                     	;# 
   583     0018                     	;# 
   584     0019                     	;# 
   585     001A                     	;# 
   586     001B                     	;# 
   587     001C                     	;# 
   588     001E                     	;# 
   589     001F                     	;# 
   590     008C                     	;# 
   591     008D                     	;# 
   592     0091                     	;# 
   593     0092                     	;# 
   594     0093                     	;# 
   595     0094                     	;# 
   596     0095                     	;# 
   597     0096                     	;# 
   598     0097                     	;# 
   599     0098                     	;# 
   600     0099                     	;# 
   601     009A                     	;# 
   602     009B                     	;# 
   603     009B                     	;# 
   604     009C                     	;# 
   605     009D                     	;# 
   606     009E                     	;# 
   607     010C                     	;# 
   608     010D                     	;# 
   609     0111                     	;# 
   610     0112                     	;# 
   611     0113                     	;# 
   612     0114                     	;# 
   613     0115                     	;# 
   614     0116                     	;# 
   615     0117                     	;# 
   616     0118                     	;# 
   617     0119                     	;# 
   618     011A                     	;# 
   619     011B                     	;# 
   620     011D                     	;# 
   621     011E                     	;# 
   622     018C                     	;# 
   623     018D                     	;# 
   624     0191                     	;# 
   625     0191                     	;# 
   626     0192                     	;# 
   627     0193                     	;# 
   628     0193                     	;# 
   629     0193                     	;# 
   630     0194                     	;# 
   631     0195                     	;# 
   632     0196                     	;# 
   633     0199                     	;# 
   634     019A                     	;# 
   635     019B                     	;# 
   636     019B                     	;# 
   637     019B                     	;# 
   638     019B                     	;# 
   639     019C                     	;# 
   640     019C                     	;# 
   641     019D                     	;# 
   642     019E                     	;# 
   643     019F                     	;# 
   644     020C                     	;# 
   645     020D                     	;# 
   646     0211                     	;# 
   647     0211                     	;# 
   648     0212                     	;# 
   649     0212                     	;# 
   650     0213                     	;# 
   651     0213                     	;# 
   652     0214                     	;# 
   653     0214                     	;# 
   654     0215                     	;# 
   655     0215                     	;# 
   656     0215                     	;# 
   657     0216                     	;# 
   658     0216                     	;# 
   659     0217                     	;# 
   660     0217                     	;# 
   661     0219                     	;# 
   662     021A                     	;# 
   663     021B                     	;# 
   664     021C                     	;# 
   665     021D                     	;# 
   666     021E                     	;# 
   667     021F                     	;# 
   668     0291                     	;# 
   669     0291                     	;# 
   670     0292                     	;# 
   671     0293                     	;# 
   672     0294                     	;# 
   673     0295                     	;# 
   674     0295                     	;# 
   675     0296                     	;# 
   676     0298                     	;# 
   677     0298                     	;# 
   678     0299                     	;# 
   679     029A                     	;# 
   680     029B                     	;# 
   681     029C                     	;# 
   682     029C                     	;# 
   683     029D                     	;# 
   684     029E                     	;# 
   685     029E                     	;# 
   686     0311                     	;# 
   687     0311                     	;# 
   688     0312                     	;# 
   689     0313                     	;# 
   690     0318                     	;# 
   691     0318                     	;# 
   692     0319                     	;# 
   693     031A                     	;# 
   694     0394                     	;# 
   695     0395                     	;# 
   696     0396                     	;# 
   697     039A                     	;# 
   698     039C                     	;# 
   699     039D                     	;# 
   700     039E                     	;# 
   701     039F                     	;# 
   702     0415                     	;# 
   703     0416                     	;# 
   704     0417                     	;# 
   705     041C                     	;# 
   706     041D                     	;# 
   707     041E                     	;# 
   708     0FE4                     	;# 
   709     0FE5                     	;# 
   710     0FE6                     	;# 
   711     0FE7                     	;# 
   712     0FE8                     	;# 
   713     0FE9                     	;# 
   714     0FEA                     	;# 
   715     0FEB                     	;# 
   716     0FED                     	;# 
   717     0FEE                     	;# 
   718     0FEF                     	;# 
   719     0000                     	;# 
   720     0001                     	;# 
   721     0002                     	;# 
   722     0003                     	;# 
   723     0004                     	;# 
   724     0005                     	;# 
   725     0006                     	;# 
   726     0007                     	;# 
   727     0008                     	;# 
   728     0009                     	;# 
   729     000A                     	;# 
   730     000B                     	;# 
   731     000C                     	;# 
   732     000D                     	;# 
   733     0011                     	;# 
   734     0012                     	;# 
   735     0013                     	;# 
   736     0014                     	;# 
   737     0015                     	;# 
   738     0016                     	;# 
   739     0016                     	;# 
   740     0017                     	;# 
   741     0018                     	;# 
   742     0019                     	;# 
   743     001A                     	;# 
   744     001B                     	;# 
   745     001C                     	;# 
   746     001E                     	;# 
   747     001F                     	;# 
   748     008C                     	;# 
   749     008D                     	;# 
   750     0091                     	;# 
   751     0092                     	;# 
   752     0093                     	;# 
   753     0094                     	;# 
   754     0095                     	;# 
   755     0096                     	;# 
   756     0097                     	;# 
   757     0098                     	;# 
   758     0099                     	;# 
   759     009A                     	;# 
   760     009B                     	;# 
   761     009B                     	;# 
   762     009C                     	;# 
   763     009D                     	;# 
   764     009E                     	;# 
   765     010C                     	;# 
   766     010D                     	;# 
   767     0111                     	;# 
   768     0112                     	;# 
   769     0113                     	;# 
   770     0114                     	;# 
   771     0115                     	;# 
   772     0116                     	;# 
   773     0117                     	;# 
   774     0118                     	;# 
   775     0119                     	;# 
   776     011A                     	;# 
   777     011B                     	;# 
   778     011D                     	;# 
   779     011E                     	;# 
   780     018C                     	;# 
   781     018D                     	;# 
   782     0191                     	;# 
   783     0191                     	;# 
   784     0192                     	;# 
   785     0193                     	;# 
   786     0193                     	;# 
   787     0193                     	;# 
   788     0194                     	;# 
   789     0195                     	;# 
   790     0196                     	;# 
   791     0199                     	;# 
   792     019A                     	;# 
   793     019B                     	;# 
   794     019B                     	;# 
   795     019B                     	;# 
   796     019B                     	;# 
   797     019C                     	;# 
   798     019C                     	;# 
   799     019D                     	;# 
   800     019E                     	;# 
   801     019F                     	;# 
   802     020C                     	;# 
   803     020D                     	;# 
   804     0211                     	;# 
   805     0211                     	;# 
   806     0212                     	;# 
   807     0212                     	;# 
   808     0213                     	;# 
   809     0213                     	;# 
   810     0214                     	;# 
   811     0214                     	;# 
   812     0215                     	;# 
   813     0215                     	;# 
   814     0215                     	;# 
   815     0216                     	;# 
   816     0216                     	;# 
   817     0217                     	;# 
   818     0217                     	;# 
   819     0219                     	;# 
   820     021A                     	;# 
   821     021B                     	;# 
   822     021C                     	;# 
   823     021D                     	;# 
   824     021E                     	;# 
   825     021F                     	;# 
   826     0291                     	;# 
   827     0291                     	;# 
   828     0292                     	;# 
   829     0293                     	;# 
   830     0294                     	;# 
   831     0295                     	;# 
   832     0295                     	;# 
   833     0296                     	;# 
   834     0298                     	;# 
   835     0298                     	;# 
   836     0299                     	;# 
   837     029A                     	;# 
   838     029B                     	;# 
   839     029C                     	;# 
   840     029C                     	;# 
   841     029D                     	;# 
   842     029E                     	;# 
   843     029E                     	;# 
   844     0311                     	;# 
   845     0311                     	;# 
   846     0312                     	;# 
   847     0313                     	;# 
   848     0318                     	;# 
   849     0318                     	;# 
   850     0319                     	;# 
   851     031A                     	;# 
   852     0394                     	;# 
   853     0395                     	;# 
   854     0396                     	;# 
   855     039A                     	;# 
   856     039C                     	;# 
   857     039D                     	;# 
   858     039E                     	;# 
   859     039F                     	;# 
   860     0415                     	;# 
   861     0416                     	;# 
   862     0417                     	;# 
   863     041C                     	;# 
   864     041D                     	;# 
   865     041E                     	;# 
   866     0FE4                     	;# 
   867     0FE5                     	;# 
   868     0FE6                     	;# 
   869     0FE7                     	;# 
   870     0FE8                     	;# 
   871     0FE9                     	;# 
   872     0FEA                     	;# 
   873     0FEB                     	;# 
   874     0FED                     	;# 
   875     0FEE                     	;# 
   876     0FEF                     	;# 
   877     0000                     	;# 
   878     0001                     	;# 
   879     0002                     	;# 
   880     0003                     	;# 
   881     0004                     	;# 
   882     0005                     	;# 
   883     0006                     	;# 
   884     0007                     	;# 
   885     0008                     	;# 
   886     0009                     	;# 
   887     000A                     	;# 
   888     000B                     	;# 
   889     000C                     	;# 
   890     000D                     	;# 
   891     0011                     	;# 
   892     0012                     	;# 
   893     0013                     	;# 
   894     0014                     	;# 
   895     0015                     	;# 
   896     0016                     	;# 
   897     0016                     	;# 
   898     0017                     	;# 
   899     0018                     	;# 
   900     0019                     	;# 
   901     001A                     	;# 
   902     001B                     	;# 
   903     001C                     	;# 
   904     001E                     	;# 
   905     001F                     	;# 
   906     008C                     	;# 
   907     008D                     	;# 
   908     0091                     	;# 
   909     0092                     	;# 
   910     0093                     	;# 
   911     0094                     	;# 
   912     0095                     	;# 
   913     0096                     	;# 
   914     0097                     	;# 
   915     0098                     	;# 
   916     0099                     	;# 
   917     009A                     	;# 
   918     009B                     	;# 
   919     009B                     	;# 
   920     009C                     	;# 
   921     009D                     	;# 
   922     009E                     	;# 
   923     010C                     	;# 
   924     010D                     	;# 
   925     0111                     	;# 
   926     0112                     	;# 
   927     0113                     	;# 
   928     0114                     	;# 
   929     0115                     	;# 
   930     0116                     	;# 
   931     0117                     	;# 
   932     0118                     	;# 
   933     0119                     	;# 
   934     011A                     	;# 
   935     011B                     	;# 
   936     011D                     	;# 
   937     011E                     	;# 
   938     018C                     	;# 
   939     018D                     	;# 
   940     0191                     	;# 
   941     0191                     	;# 
   942     0192                     	;# 
   943     0193                     	;# 
   944     0193                     	;# 
   945     0193                     	;# 
   946     0194                     	;# 
   947     0195                     	;# 
   948     0196                     	;# 
   949     0199                     	;# 
   950     019A                     	;# 
   951     019B                     	;# 
   952     019B                     	;# 
   953     019B                     	;# 
   954     019B                     	;# 
   955     019C                     	;# 
   956     019C                     	;# 
   957     019D                     	;# 
   958     019E                     	;# 
   959     019F                     	;# 
   960     020C                     	;# 
   961     020D                     	;# 
   962     0211                     	;# 
   963     0211                     	;# 
   964     0212                     	;# 
   965     0212                     	;# 
   966     0213                     	;# 
   967     0213                     	;# 
   968     0214                     	;# 
   969     0214                     	;# 
   970     0215                     	;# 
   971     0215                     	;# 
   972     0215                     	;# 
   973     0216                     	;# 
   974     0216                     	;# 
   975     0217                     	;# 
   976     0217                     	;# 
   977     0219                     	;# 
   978     021A                     	;# 
   979     021B                     	;# 
   980     021C                     	;# 
   981     021D                     	;# 
   982     021E                     	;# 
   983     021F                     	;# 
   984     0291                     	;# 
   985     0291                     	;# 
   986     0292                     	;# 
   987     0293                     	;# 
   988     0294                     	;# 
   989     0295                     	;# 
   990     0295                     	;# 
   991     0296                     	;# 
   992     0298                     	;# 
   993     0298                     	;# 
   994     0299                     	;# 
   995     029A                     	;# 
   996     029B                     	;# 
   997     029C                     	;# 
   998     029C                     	;# 
   999     029D                     	;# 
  1000     029E                     	;# 
  1001     029E                     	;# 
  1002     0311                     	;# 
  1003     0311                     	;# 
  1004     0312                     	;# 
  1005     0313                     	;# 
  1006     0318                     	;# 
  1007     0318                     	;# 
  1008     0319                     	;# 
  1009     031A                     	;# 
  1010     0394                     	;# 
  1011     0395                     	;# 
  1012     0396                     	;# 
  1013     039A                     	;# 
  1014     039C                     	;# 
  1015     039D                     	;# 
  1016     039E                     	;# 
  1017     039F                     	;# 
  1018     0415                     	;# 
  1019     0416                     	;# 
  1020     0417                     	;# 
  1021     041C                     	;# 
  1022     041D                     	;# 
  1023     041E                     	;# 
  1024     0FE4                     	;# 
  1025     0FE5                     	;# 
  1026     0FE6                     	;# 
  1027     0FE7                     	;# 
  1028     0FE8                     	;# 
  1029     0FE9                     	;# 
  1030     0FEA                     	;# 
  1031     0FEB                     	;# 
  1032     0FED                     	;# 
  1033     0FEE                     	;# 
  1034     0FEF                     	;# 
  1035     0000                     	;# 
  1036     0001                     	;# 
  1037     0002                     	;# 
  1038     0003                     	;# 
  1039     0004                     	;# 
  1040     0005                     	;# 
  1041     0006                     	;# 
  1042     0007                     	;# 
  1043     0008                     	;# 
  1044     0009                     	;# 
  1045     000A                     	;# 
  1046     000B                     	;# 
  1047     000C                     	;# 
  1048     000D                     	;# 
  1049     0011                     	;# 
  1050     0012                     	;# 
  1051     0013                     	;# 
  1052     0014                     	;# 
  1053     0015                     	;# 
  1054     0016                     	;# 
  1055     0016                     	;# 
  1056     0017                     	;# 
  1057     0018                     	;# 
  1058     0019                     	;# 
  1059     001A                     	;# 
  1060     001B                     	;# 
  1061     001C                     	;# 
  1062     001E                     	;# 
  1063     001F                     	;# 
  1064     008C                     	;# 
  1065     008D                     	;# 
  1066     0091                     	;# 
  1067     0092                     	;# 
  1068     0093                     	;# 
  1069     0094                     	;# 
  1070     0095                     	;# 
  1071     0096                     	;# 
  1072     0097                     	;# 
  1073     0098                     	;# 
  1074     0099                     	;# 
  1075     009A                     	;# 
  1076     009B                     	;# 
  1077     009B                     	;# 
  1078     009C                     	;# 
  1079     009D                     	;# 
  1080     009E                     	;# 
  1081     010C                     	;# 
  1082     010D                     	;# 
  1083     0111                     	;# 
  1084     0112                     	;# 
  1085     0113                     	;# 
  1086     0114                     	;# 
  1087     0115                     	;# 
  1088     0116                     	;# 
  1089     0117                     	;# 
  1090     0118                     	;# 
  1091     0119                     	;# 
  1092     011A                     	;# 
  1093     011B                     	;# 
  1094     011D                     	;# 
  1095     011E                     	;# 
  1096     018C                     	;# 
  1097     018D                     	;# 
  1098     0191                     	;# 
  1099     0191                     	;# 
  1100     0192                     	;# 
  1101     0193                     	;# 
  1102     0193                     	;# 
  1103     0193                     	;# 
  1104     0194                     	;# 
  1105     0195                     	;# 
  1106     0196                     	;# 
  1107     0199                     	;# 
  1108     019A                     	;# 
  1109     019B                     	;# 
  1110     019B                     	;# 
  1111     019B                     	;# 
  1112     019B                     	;# 
  1113     019C                     	;# 
  1114     019C                     	;# 
  1115     019D                     	;# 
  1116     019E                     	;# 
  1117     019F                     	;# 
  1118     020C                     	;# 
  1119     020D                     	;# 
  1120     0211                     	;# 
  1121     0211                     	;# 
  1122     0212                     	;# 
  1123     0212                     	;# 
  1124     0213                     	;# 
  1125     0213                     	;# 
  1126     0214                     	;# 
  1127     0214                     	;# 
  1128     0215                     	;# 
  1129     0215                     	;# 
  1130     0215                     	;# 
  1131     0216                     	;# 
  1132     0216                     	;# 
  1133     0217                     	;# 
  1134     0217                     	;# 
  1135     0219                     	;# 
  1136     021A                     	;# 
  1137     021B                     	;# 
  1138     021C                     	;# 
  1139     021D                     	;# 
  1140     021E                     	;# 
  1141     021F                     	;# 
  1142     0291                     	;# 
  1143     0291                     	;# 
  1144     0292                     	;# 
  1145     0293                     	;# 
  1146     0294                     	;# 
  1147     0295                     	;# 
  1148     0295                     	;# 
  1149     0296                     	;# 
  1150     0298                     	;# 
  1151     0298                     	;# 
  1152     0299                     	;# 
  1153     029A                     	;# 
  1154     029B                     	;# 
  1155     029C                     	;# 
  1156     029C                     	;# 
  1157     029D                     	;# 
  1158     029E                     	;# 
  1159     029E                     	;# 
  1160     0311                     	;# 
  1161     0311                     	;# 
  1162     0312                     	;# 
  1163     0313                     	;# 
  1164     0318                     	;# 
  1165     0318                     	;# 
  1166     0319                     	;# 
  1167     031A                     	;# 
  1168     0394                     	;# 
  1169     0395                     	;# 
  1170     0396                     	;# 
  1171     039A                     	;# 
  1172     039C                     	;# 
  1173     039D                     	;# 
  1174     039E                     	;# 
  1175     039F                     	;# 
  1176     0415                     	;# 
  1177     0416                     	;# 
  1178     0417                     	;# 
  1179     041C                     	;# 
  1180     041D                     	;# 
  1181     041E                     	;# 
  1182     0FE4                     	;# 
  1183     0FE5                     	;# 
  1184     0FE6                     	;# 
  1185     0FE7                     	;# 
  1186     0FE8                     	;# 
  1187     0FE9                     	;# 
  1188     0FEA                     	;# 
  1189     0FEB                     	;# 
  1190     0FED                     	;# 
  1191     0FEE                     	;# 
  1192     0FEF                     	;# 
  1193     0000                     	;# 
  1194     0001                     	;# 
  1195     0002                     	;# 
  1196     0003                     	;# 
  1197     0004                     	;# 
  1198     0005                     	;# 
  1199     0006                     	;# 
  1200     0007                     	;# 
  1201     0008                     	;# 
  1202     0009                     	;# 
  1203     000A                     	;# 
  1204     000B                     	;# 
  1205     000C                     	;# 
  1206     000D                     	;# 
  1207     0011                     	;# 
  1208     0012                     	;# 
  1209     0013                     	;# 
  1210     0014                     	;# 
  1211     0015                     	;# 
  1212     0016                     	;# 
  1213     0016                     	;# 
  1214     0017                     	;# 
  1215     0018                     	;# 
  1216     0019                     	;# 
  1217     001A                     	;# 
  1218     001B                     	;# 
  1219     001C                     	;# 
  1220     001E                     	;# 
  1221     001F                     	;# 
  1222     008C                     	;# 
  1223     008D                     	;# 
  1224     0091                     	;# 
  1225     0092                     	;# 
  1226     0093                     	;# 
  1227     0094                     	;# 
  1228     0095                     	;# 
  1229     0096                     	;# 
  1230     0097                     	;# 
  1231     0098                     	;# 
  1232     0099                     	;# 
  1233     009A                     	;# 
  1234     009B                     	;# 
  1235     009B                     	;# 
  1236     009C                     	;# 
  1237     009D                     	;# 
  1238     009E                     	;# 
  1239     010C                     	;# 
  1240     010D                     	;# 
  1241     0111                     	;# 
  1242     0112                     	;# 
  1243     0113                     	;# 
  1244     0114                     	;# 
  1245     0115                     	;# 
  1246     0116                     	;# 
  1247     0117                     	;# 
  1248     0118                     	;# 
  1249     0119                     	;# 
  1250     011A                     	;# 
  1251     011B                     	;# 
  1252     011D                     	;# 
  1253     011E                     	;# 
  1254     018C                     	;# 
  1255     018D                     	;# 
  1256     0191                     	;# 
  1257     0191                     	;# 
  1258     0192                     	;# 
  1259     0193                     	;# 
  1260     0193                     	;# 
  1261     0193                     	;# 
  1262     0194                     	;# 
  1263     0195                     	;# 
  1264     0196                     	;# 
  1265     0199                     	;# 
  1266     019A                     	;# 
  1267     019B                     	;# 
  1268     019B                     	;# 
  1269     019B                     	;# 
  1270     019B                     	;# 
  1271     019C                     	;# 
  1272     019C                     	;# 
  1273     019D                     	;# 
  1274     019E                     	;# 
  1275     019F                     	;# 
  1276     020C                     	;# 
  1277     020D                     	;# 
  1278     0211                     	;# 
  1279     0211                     	;# 
  1280     0212                     	;# 
  1281     0212                     	;# 
  1282     0213                     	;# 
  1283     0213                     	;# 
  1284     0214                     	;# 
  1285     0214                     	;# 
  1286     0215                     	;# 
  1287     0215                     	;# 
  1288     0215                     	;# 
  1289     0216                     	;# 
  1290     0216                     	;# 
  1291     0217                     	;# 
  1292     0217                     	;# 
  1293     0219                     	;# 
  1294     021A                     	;# 
  1295     021B                     	;# 
  1296     021C                     	;# 
  1297     021D                     	;# 
  1298     021E                     	;# 
  1299     021F                     	;# 
  1300     0291                     	;# 
  1301     0291                     	;# 
  1302     0292                     	;# 
  1303     0293                     	;# 
  1304     0294                     	;# 
  1305     0295                     	;# 
  1306     0295                     	;# 
  1307     0296                     	;# 
  1308     0298                     	;# 
  1309     0298                     	;# 
  1310     0299                     	;# 
  1311     029A                     	;# 
  1312     029B                     	;# 
  1313     029C                     	;# 
  1314     029C                     	;# 
  1315     029D                     	;# 
  1316     029E                     	;# 
  1317     029E                     	;# 
  1318     0311                     	;# 
  1319     0311                     	;# 
  1320     0312                     	;# 
  1321     0313                     	;# 
  1322     0318                     	;# 
  1323     0318                     	;# 
  1324     0319                     	;# 
  1325     031A                     	;# 
  1326     0394                     	;# 
  1327     0395                     	;# 
  1328     0396                     	;# 
  1329     039A                     	;# 
  1330     039C                     	;# 
  1331     039D                     	;# 
  1332     039E                     	;# 
  1333     039F                     	;# 
  1334     0415                     	;# 
  1335     0416                     	;# 
  1336     0417                     	;# 
  1337     041C                     	;# 
  1338     041D                     	;# 
  1339     041E                     	;# 
  1340     0FE4                     	;# 
  1341     0FE5                     	;# 
  1342     0FE6                     	;# 
  1343     0FE7                     	;# 
  1344     0FE8                     	;# 
  1345     0FE9                     	;# 
  1346     0FEA                     	;# 
  1347     0FEB                     	;# 
  1348     0FED                     	;# 
  1349     0FEE                     	;# 
  1350     0FEF                     	;# 
  1351     0000                     	;# 
  1352     0001                     	;# 
  1353     0002                     	;# 
  1354     0003                     	;# 
  1355     0004                     	;# 
  1356     0005                     	;# 
  1357     0006                     	;# 
  1358     0007                     	;# 
  1359     0008                     	;# 
  1360     0009                     	;# 
  1361     000A                     	;# 
  1362     000B                     	;# 
  1363     000C                     	;# 
  1364     000D                     	;# 
  1365     0011                     	;# 
  1366     0012                     	;# 
  1367     0013                     	;# 
  1368     0014                     	;# 
  1369     0015                     	;# 
  1370     0016                     	;# 
  1371     0016                     	;# 
  1372     0017                     	;# 
  1373     0018                     	;# 
  1374     0019                     	;# 
  1375     001A                     	;# 
  1376     001B                     	;# 
  1377     001C                     	;# 
  1378     001E                     	;# 
  1379     001F                     	;# 
  1380     008C                     	;# 
  1381     008D                     	;# 
  1382     0091                     	;# 
  1383     0092                     	;# 
  1384     0093                     	;# 
  1385     0094                     	;# 
  1386     0095                     	;# 
  1387     0096                     	;# 
  1388     0097                     	;# 
  1389     0098                     	;# 
  1390     0099                     	;# 
  1391     009A                     	;# 
  1392     009B                     	;# 
  1393     009B                     	;# 
  1394     009C                     	;# 
  1395     009D                     	;# 
  1396     009E                     	;# 
  1397     010C                     	;# 
  1398     010D                     	;# 
  1399     0111                     	;# 
  1400     0112                     	;# 
  1401     0113                     	;# 
  1402     0114                     	;# 
  1403     0115                     	;# 
  1404     0116                     	;# 
  1405     0117                     	;# 
  1406     0118                     	;# 
  1407     0119                     	;# 
  1408     011A                     	;# 
  1409     011B                     	;# 
  1410     011D                     	;# 
  1411     011E                     	;# 
  1412     018C                     	;# 
  1413     018D                     	;# 
  1414     0191                     	;# 
  1415     0191                     	;# 
  1416     0192                     	;# 
  1417     0193                     	;# 
  1418     0193                     	;# 
  1419     0193                     	;# 
  1420     0194                     	;# 
  1421     0195                     	;# 
  1422     0196                     	;# 
  1423     0199                     	;# 
  1424     019A                     	;# 
  1425     019B                     	;# 
  1426     019B                     	;# 
  1427     019B                     	;# 
  1428     019B                     	;# 
  1429     019C                     	;# 
  1430     019C                     	;# 
  1431     019D                     	;# 
  1432     019E                     	;# 
  1433     019F                     	;# 
  1434     020C                     	;# 
  1435     020D                     	;# 
  1436     0211                     	;# 
  1437     0211                     	;# 
  1438     0212                     	;# 
  1439     0212                     	;# 
  1440     0213                     	;# 
  1441     0213                     	;# 
  1442     0214                     	;# 
  1443     0214                     	;# 
  1444     0215                     	;# 
  1445     0215                     	;# 
  1446     0215                     	;# 
  1447     0216                     	;# 
  1448     0216                     	;# 
  1449     0217                     	;# 
  1450     0217                     	;# 
  1451     0219                     	;# 
  1452     021A                     	;# 
  1453     021B                     	;# 
  1454     021C                     	;# 
  1455     021D                     	;# 
  1456     021E                     	;# 
  1457     021F                     	;# 
  1458     0291                     	;# 
  1459     0291                     	;# 
  1460     0292                     	;# 
  1461     0293                     	;# 
  1462     0294                     	;# 
  1463     0295                     	;# 
  1464     0295                     	;# 
  1465     0296                     	;# 
  1466     0298                     	;# 
  1467     0298                     	;# 
  1468     0299                     	;# 
  1469     029A                     	;# 
  1470     029B                     	;# 
  1471     029C                     	;# 
  1472     029C                     	;# 
  1473     029D                     	;# 
  1474     029E                     	;# 
  1475     029E                     	;# 
  1476     0311                     	;# 
  1477     0311                     	;# 
  1478     0312                     	;# 
  1479     0313                     	;# 
  1480     0318                     	;# 
  1481     0318                     	;# 
  1482     0319                     	;# 
  1483     031A                     	;# 
  1484     0394                     	;# 
  1485     0395                     	;# 
  1486     0396                     	;# 
  1487     039A                     	;# 
  1488     039C                     	;# 
  1489     039D                     	;# 
  1490     039E                     	;# 
  1491     039F                     	;# 
  1492     0415                     	;# 
  1493     0416                     	;# 
  1494     0417                     	;# 
  1495     041C                     	;# 
  1496     041D                     	;# 
  1497     041E                     	;# 
  1498     0FE4                     	;# 
  1499     0FE5                     	;# 
  1500     0FE6                     	;# 
  1501     0FE7                     	;# 
  1502     0FE8                     	;# 
  1503     0FE9                     	;# 
  1504     0FEA                     	;# 
  1505     0FEB                     	;# 
  1506     0FED                     	;# 
  1507     0FEE                     	;# 
  1508     0FEF                     	;# 
  1509     0000                     	;# 
  1510     0001                     	;# 
  1511     0002                     	;# 
  1512     0003                     	;# 
  1513     0004                     	;# 
  1514     0005                     	;# 
  1515     0006                     	;# 
  1516     0007                     	;# 
  1517     0008                     	;# 
  1518     0009                     	;# 
  1519     000A                     	;# 
  1520     000B                     	;# 
  1521     000C                     	;# 
  1522     000D                     	;# 
  1523     0011                     	;# 
  1524     0012                     	;# 
  1525     0013                     	;# 
  1526     0014                     	;# 
  1527     0015                     	;# 
  1528     0016                     	;# 
  1529     0016                     	;# 
  1530     0017                     	;# 
  1531     0018                     	;# 
  1532     0019                     	;# 
  1533     001A                     	;# 
  1534     001B                     	;# 
  1535     001C                     	;# 
  1536     001E                     	;# 
  1537     001F                     	;# 
  1538     008C                     	;# 
  1539     008D                     	;# 
  1540     0091                     	;# 
  1541     0092                     	;# 
  1542     0093                     	;# 
  1543     0094                     	;# 
  1544     0095                     	;# 
  1545     0096                     	;# 
  1546     0097                     	;# 
  1547     0098                     	;# 
  1548     0099                     	;# 
  1549     009A                     	;# 
  1550     009B                     	;# 
  1551     009B                     	;# 
  1552     009C                     	;# 
  1553     009D                     	;# 
  1554     009E                     	;# 
  1555     010C                     	;# 
  1556     010D                     	;# 
  1557     0111                     	;# 
  1558     0112                     	;# 
  1559     0113                     	;# 
  1560     0114                     	;# 
  1561     0115                     	;# 
  1562     0116                     	;# 
  1563     0117                     	;# 
  1564     0118                     	;# 
  1565     0119                     	;# 
  1566     011A                     	;# 
  1567     011B                     	;# 
  1568     011D                     	;# 
  1569     011E                     	;# 
  1570     018C                     	;# 
  1571     018D                     	;# 
  1572     0191                     	;# 
  1573     0191                     	;# 
  1574     0192                     	;# 
  1575     0193                     	;# 
  1576     0193                     	;# 
  1577     0193                     	;# 
  1578     0194                     	;# 
  1579     0195                     	;# 
  1580     0196                     	;# 
  1581     0199                     	;# 
  1582     019A                     	;# 
  1583     019B                     	;# 
  1584     019B                     	;# 
  1585     019B                     	;# 
  1586     019B                     	;# 
  1587     019C                     	;# 
  1588     019C                     	;# 
  1589     019D                     	;# 
  1590     019E                     	;# 
  1591     019F                     	;# 
  1592     020C                     	;# 
  1593     020D                     	;# 
  1594     0211                     	;# 
  1595     0211                     	;# 
  1596     0212                     	;# 
  1597     0212                     	;# 
  1598     0213                     	;# 
  1599     0213                     	;# 
  1600     0214                     	;# 
  1601     0214                     	;# 
  1602     0215                     	;# 
  1603     0215                     	;# 
  1604     0215                     	;# 
  1605     0216                     	;# 
  1606     0216                     	;# 
  1607     0217                     	;# 
  1608     0217                     	;# 
  1609     0219                     	;# 
  1610     021A                     	;# 
  1611     021B                     	;# 
  1612     021C                     	;# 
  1613     021D                     	;# 
  1614     021E                     	;# 
  1615     021F                     	;# 
  1616     0291                     	;# 
  1617     0291                     	;# 
  1618     0292                     	;# 
  1619     0293                     	;# 
  1620     0294                     	;# 
  1621     0295                     	;# 
  1622     0295                     	;# 
  1623     0296                     	;# 
  1624     0298                     	;# 
  1625     0298                     	;# 
  1626     0299                     	;# 
  1627     029A                     	;# 
  1628     029B                     	;# 
  1629     029C                     	;# 
  1630     029C                     	;# 
  1631     029D                     	;# 
  1632     029E                     	;# 
  1633     029E                     	;# 
  1634     0311                     	;# 
  1635     0311                     	;# 
  1636     0312                     	;# 
  1637     0313                     	;# 
  1638     0318                     	;# 
  1639     0318                     	;# 
  1640     0319                     	;# 
  1641     031A                     	;# 
  1642     0394                     	;# 
  1643     0395                     	;# 
  1644     0396                     	;# 
  1645     039A                     	;# 
  1646     039C                     	;# 
  1647     039D                     	;# 
  1648     039E                     	;# 
  1649     039F                     	;# 
  1650     0415                     	;# 
  1651     0416                     	;# 
  1652     0417                     	;# 
  1653     041C                     	;# 
  1654     041D                     	;# 
  1655     041E                     	;# 
  1656     0FE4                     	;# 
  1657     0FE5                     	;# 
  1658     0FE6                     	;# 
  1659     0FE7                     	;# 
  1660     0FE8                     	;# 
  1661     0FE9                     	;# 
  1662     0FEA                     	;# 
  1663     0FEB                     	;# 
  1664     0FED                     	;# 
  1665     0FEE                     	;# 
  1666     0FEF                     	;# 
  1667     0000                     	;# 
  1668     0001                     	;# 
  1669     0002                     	;# 
  1670     0003                     	;# 
  1671     0004                     	;# 
  1672     0005                     	;# 
  1673     0006                     	;# 
  1674     0007                     	;# 
  1675     0008                     	;# 
  1676     0009                     	;# 
  1677     000A                     	;# 
  1678     000B                     	;# 
  1679     000C                     	;# 
  1680     000D                     	;# 
  1681     0011                     	;# 
  1682     0012                     	;# 
  1683     0013                     	;# 
  1684     0014                     	;# 
  1685     0015                     	;# 
  1686     0016                     	;# 
  1687     0016                     	;# 
  1688     0017                     	;# 
  1689     0018                     	;# 
  1690     0019                     	;# 
  1691     001A                     	;# 
  1692     001B                     	;# 
  1693     001C                     	;# 
  1694     001E                     	;# 
  1695     001F                     	;# 
  1696     008C                     	;# 
  1697     008D                     	;# 
  1698     0091                     	;# 
  1699     0092                     	;# 
  1700     0093                     	;# 
  1701     0094                     	;# 
  1702     0095                     	;# 
  1703     0096                     	;# 
  1704     0097                     	;# 
  1705     0098                     	;# 
  1706     0099                     	;# 
  1707     009A                     	;# 
  1708     009B                     	;# 
  1709     009B                     	;# 
  1710     009C                     	;# 
  1711     009D                     	;# 
  1712     009E                     	;# 
  1713     010C                     	;# 
  1714     010D                     	;# 
  1715     0111                     	;# 
  1716     0112                     	;# 
  1717     0113                     	;# 
  1718     0114                     	;# 
  1719     0115                     	;# 
  1720     0116                     	;# 
  1721     0117                     	;# 
  1722     0118                     	;# 
  1723     0119                     	;# 
  1724     011A                     	;# 
  1725     011B                     	;# 
  1726     011D                     	;# 
  1727     011E                     	;# 
  1728     018C                     	;# 
  1729     018D                     	;# 
  1730     0191                     	;# 
  1731     0191                     	;# 
  1732     0192                     	;# 
  1733     0193                     	;# 
  1734     0193                     	;# 
  1735     0193                     	;# 
  1736     0194                     	;# 
  1737     0195                     	;# 
  1738     0196                     	;# 
  1739     0199                     	;# 
  1740     019A                     	;# 
  1741     019B                     	;# 
  1742     019B                     	;# 
  1743     019B                     	;# 
  1744     019B                     	;# 
  1745     019C                     	;# 
  1746     019C                     	;# 
  1747     019D                     	;# 
  1748     019E                     	;# 
  1749     019F                     	;# 
  1750     020C                     	;# 
  1751     020D                     	;# 
  1752     0211                     	;# 
  1753     0211                     	;# 
  1754     0212                     	;# 
  1755     0212                     	;# 
  1756     0213                     	;# 
  1757     0213                     	;# 
  1758     0214                     	;# 
  1759     0214                     	;# 
  1760     0215                     	;# 
  1761     0215                     	;# 
  1762     0215                     	;# 
  1763     0216                     	;# 
  1764     0216                     	;# 
  1765     0217                     	;# 
  1766     0217                     	;# 
  1767     0219                     	;# 
  1768     021A                     	;# 
  1769     021B                     	;# 
  1770     021C                     	;# 
  1771     021D                     	;# 
  1772     021E                     	;# 
  1773     021F                     	;# 
  1774     0291                     	;# 
  1775     0291                     	;# 
  1776     0292                     	;# 
  1777     0293                     	;# 
  1778     0294                     	;# 
  1779     0295                     	;# 
  1780     0295                     	;# 
  1781     0296                     	;# 
  1782     0298                     	;# 
  1783     0298                     	;# 
  1784     0299                     	;# 
  1785     029A                     	;# 
  1786     029B                     	;# 
  1787     029C                     	;# 
  1788     029C                     	;# 
  1789     029D                     	;# 
  1790     029E                     	;# 
  1791     029E                     	;# 
  1792     0311                     	;# 
  1793     0311                     	;# 
  1794     0312                     	;# 
  1795     0313                     	;# 
  1796     0318                     	;# 
  1797     0318                     	;# 
  1798     0319                     	;# 
  1799     031A                     	;# 
  1800     0394                     	;# 
  1801     0395                     	;# 
  1802     0396                     	;# 
  1803     039A                     	;# 
  1804     039C                     	;# 
  1805     039D                     	;# 
  1806     039E                     	;# 
  1807     039F                     	;# 
  1808     0415                     	;# 
  1809     0416                     	;# 
  1810     0417                     	;# 
  1811     041C                     	;# 
  1812     041D                     	;# 
  1813     041E                     	;# 
  1814     0FE4                     	;# 
  1815     0FE5                     	;# 
  1816     0FE6                     	;# 
  1817     0FE7                     	;# 
  1818     0FE8                     	;# 
  1819     0FE9                     	;# 
  1820     0FEA                     	;# 
  1821     0FEB                     	;# 
  1822     0FED                     	;# 
  1823     0FEE                     	;# 
  1824     0FEF                     	;# 
  1825     0000                     	;# 
  1826     0001                     	;# 
  1827     0002                     	;# 
  1828     0003                     	;# 
  1829     0004                     	;# 
  1830     0005                     	;# 
  1831     0006                     	;# 
  1832     0007                     	;# 
  1833     0008                     	;# 
  1834     0009                     	;# 
  1835     000A                     	;# 
  1836     000B                     	;# 
  1837     000C                     	;# 
  1838     000D                     	;# 
  1839     0011                     	;# 
  1840     0012                     	;# 
  1841     0013                     	;# 
  1842     0014                     	;# 
  1843     0015                     	;# 
  1844     0016                     	;# 
  1845     0016                     	;# 
  1846     0017                     	;# 
  1847     0018                     	;# 
  1848     0019                     	;# 
  1849     001A                     	;# 
  1850     001B                     	;# 
  1851     001C                     	;# 
  1852     001E                     	;# 
  1853     001F                     	;# 
  1854     008C                     	;# 
  1855     008D                     	;# 
  1856     0091                     	;# 
  1857     0092                     	;# 
  1858     0093                     	;# 
  1859     0094                     	;# 
  1860     0095                     	;# 
  1861     0096                     	;# 
  1862     0097                     	;# 
  1863     0098                     	;# 
  1864     0099                     	;# 
  1865     009A                     	;# 
  1866     009B                     	;# 
  1867     009B                     	;# 
  1868     009C                     	;# 
  1869     009D                     	;# 
  1870     009E                     	;# 
  1871     010C                     	;# 
  1872     010D                     	;# 
  1873     0111                     	;# 
  1874     0112                     	;# 
  1875     0113                     	;# 
  1876     0114                     	;# 
  1877     0115                     	;# 
  1878     0116                     	;# 
  1879     0117                     	;# 
  1880     0118                     	;# 
  1881     0119                     	;# 
  1882     011A                     	;# 
  1883     011B                     	;# 
  1884     011D                     	;# 
  1885     011E                     	;# 
  1886     018C                     	;# 
  1887     018D                     	;# 
  1888     0191                     	;# 
  1889     0191                     	;# 
  1890     0192                     	;# 
  1891     0193                     	;# 
  1892     0193                     	;# 
  1893     0193                     	;# 
  1894     0194                     	;# 
  1895     0195                     	;# 
  1896     0196                     	;# 
  1897     0199                     	;# 
  1898     019A                     	;# 
  1899     019B                     	;# 
  1900     019B                     	;# 
  1901     019B                     	;# 
  1902     019B                     	;# 
  1903     019C                     	;# 
  1904     019C                     	;# 
  1905     019D                     	;# 
  1906     019E                     	;# 
  1907     019F                     	;# 
  1908     020C                     	;# 
  1909     020D                     	;# 
  1910     0211                     	;# 
  1911     0211                     	;# 
  1912     0212                     	;# 
  1913     0212                     	;# 
  1914     0213                     	;# 
  1915     0213                     	;# 
  1916     0214                     	;# 
  1917     0214                     	;# 
  1918     0215                     	;# 
  1919     0215                     	;# 
  1920     0215                     	;# 
  1921     0216                     	;# 
  1922     0216                     	;# 
  1923     0217                     	;# 
  1924     0217                     	;# 
  1925     0219                     	;# 
  1926     021A                     	;# 
  1927     021B                     	;# 
  1928     021C                     	;# 
  1929     021D                     	;# 
  1930     021E                     	;# 
  1931     021F                     	;# 
  1932     0291                     	;# 
  1933     0291                     	;# 
  1934     0292                     	;# 
  1935     0293                     	;# 
  1936     0294                     	;# 
  1937     0295                     	;# 
  1938     0295                     	;# 
  1939     0296                     	;# 
  1940     0298                     	;# 
  1941     0298                     	;# 
  1942     0299                     	;# 
  1943     029A                     	;# 
  1944     029B                     	;# 
  1945     029C                     	;# 
  1946     029C                     	;# 
  1947     029D                     	;# 
  1948     029E                     	;# 
  1949     029E                     	;# 
  1950     0311                     	;# 
  1951     0311                     	;# 
  1952     0312                     	;# 
  1953     0313                     	;# 
  1954     0318                     	;# 
  1955     0318                     	;# 
  1956     0319                     	;# 
  1957     031A                     	;# 
  1958     0394                     	;# 
  1959     0395                     	;# 
  1960     0396                     	;# 
  1961     039A                     	;# 
  1962     039C                     	;# 
  1963     039D                     	;# 
  1964     039E                     	;# 
  1965     039F                     	;# 
  1966     0415                     	;# 
  1967     0416                     	;# 
  1968     0417                     	;# 
  1969     041C                     	;# 
  1970     041D                     	;# 
  1971     041E                     	;# 
  1972     0FE4                     	;# 
  1973     0FE5                     	;# 
  1974     0FE6                     	;# 
  1975     0FE7                     	;# 
  1976     0FE8                     	;# 
  1977     0FE9                     	;# 
  1978     0FEA                     	;# 
  1979     0FEB                     	;# 
  1980     0FED                     	;# 
  1981     0FEE                     	;# 
  1982     0FEF                     	;# 
  1983                           
  1984 ;; Function _EUSART_DefaultFramingErrorHandler is unused but had its address taken
  1985     0000                     
  1986 ;; Function _EUSART_DefaultOverrunErrorHandler is unused but had its address taken
  1987     0000                     
  1988 ;; Function _EUSART_DefaultErrorHandler is unused but had its address taken
  1989     0000                     
  1990                           	psect	nvBANK0
  1991     0054                     __pnvBANK0:
  1992     0054                     _TMR0_InterruptHandler:
  1993     0054                     	ds	2
  1994     0056                     _EUSART_ErrorHandler:
  1995     0056                     	ds	2
  1996     0058                     _EUSART_OverrunErrorHandler:
  1997     0058                     	ds	2
  1998     005A                     _EUSART_FramingErrorHandler:
  1999     005A                     	ds	2
  2000     0015                     _TMR0	set	21
  2001     001C                     _T2CONbits	set	28
  2002     001C                     _T2CON	set	28
  2003     001A                     _TMR2	set	26
  2004     001B                     _PR2	set	27
  2005     0019                     _T1GCONbits	set	25
  2006     0018                     _T1CONbits	set	24
  2007     0018                     _T1CON	set	24
  2008     0011                     _PIR1bits	set	17
  2009     0016                     _TMR1L	set	22
  2010     0017                     _TMR1H	set	23
  2011     0019                     _T1GCON	set	25
  2012     000B                     _INTCONbits	set	11
  2013     009D                     _ADCON0bits	set	157
  2014     009D                     _ADCON0	set	157
  2015     009C                     _ADRESH	set	156
  2016     009B                     _ADRESL	set	155
  2017     009E                     _ADCON1	set	158
  2018     0095                     _OPTION_REG	set	149
  2019     0095                     _OPTION_REGbits	set	149
  2020     008D                     _TRISB	set	141
  2021     008C                     _TRISA	set	140
  2022     0097                     _WDTCON	set	151
  2023     0098                     _OSCTUNE	set	152
  2024     0099                     _OSCCON	set	153
  2025     011E                     _APFCON1	set	286
  2026     011D                     _APFCON0	set	285
  2027     010D                     _LATB	set	269
  2028     010C                     _LATA	set	268
  2029     0116                     _BORCON	set	278
  2030     010C                     _LATAbits	set	268
  2031     0117                     _FVRCONbits	set	279
  2032     0117                     _FVRCON	set	279
  2033     019A                     _TXREG	set	410
  2034     0199                     _RCREG	set	409
  2035     019D                     _RCSTAbits	set	413
  2036     019E                     _TXSTAbits	set	414
  2037     019C                     _SPBRGH	set	412
  2038     019B                     _SPBRGL	set	411
  2039     019E                     _TXSTA	set	414
  2040     019D                     _RCSTA	set	413
  2041     019F                     _BAUDCON	set	415
  2042     018C                     _ANSELA	set	396
  2043     018D                     _ANSELB	set	397
  2044     020C                     _WPUA	set	524
  2045     020D                     _WPUB	set	525
  2046     029E                     _CCPTMRS0bits	set	670
  2047     0291                     _CCPR1L	set	657
  2048     0292                     _CCPR1H	set	658
  2049     0296                     _PSTR1CON	set	662
  2050     0294                     _PWM1CON	set	660
  2051     0295                     _ECCP1AS	set	661
  2052     0293                     _CCP1CON	set	659
  2053                           
  2054                           	psect	cinit
  2055     0015                     start_initialization:	
  2056                           ; #config settings
  2057                           
  2058     0015                     __initialization:
  2059                           
  2060                           ; Clear objects allocated to BANK0
  2061     0015  3044               	movlw	low __pbssBANK0
  2062     0016  0084               	movwf	4
  2063     0017  3000               	movlw	high __pbssBANK0
  2064     0018  0085               	movwf	5
  2065     0019  3010               	movlw	16
  2066     001A  3187  27FA  3180   	fcall	clear_ram0
  2067                           
  2068                           ; Clear objects allocated to BANK1
  2069     001D  0021               	movlb	1	; select bank1
  2070     001E  01EE               	clrf	__pbssBANK1& (0+127)
  2071     001F  01EF               	clrf	(__pbssBANK1+1)& (0+127)
  2072     0020                     end_of_initialization:	
  2073                           ;End of C runtime variable initialization code
  2074                           
  2075     0020                     __end_of__initialization:
  2076     0020  107E               	bcf	int$flags,0	;clear compiler interrupt flag (level 1)
  2077     0021  0020               	movlb	0
  2078     0022  318E  2E6D         	ljmp	_main	;jump to C main() function
  2079                           
  2080                           	psect	bssBANK0
  2081     0044                     __pbssBANK0:
  2082     0044                     _ADC_InterruptHandler:
  2083     0044                     	ds	2
  2084     0046                     TMR0_ISR@CountCallBack:
  2085     0046                     	ds	2
  2086     0048                     _timer1ReloadVal:
  2087     0048                     	ds	2
  2088     004A                     _temp:
  2089     004A                     	ds	2
  2090     004C                     _distance:
  2091     004C                     	ds	2
  2092     004E                     _timer0ReloadVal:
  2093     004E                     	ds	1
  2094     004F                     _eusartRxLastError:
  2095     004F                     	ds	1
  2096     0050                     _tempL:
  2097     0050                     	ds	1
  2098     0051                     _tempH:
  2099     0051                     	ds	1
  2100     0052                     _distanceH:
  2101     0052                     	ds	1
  2102     0053                     _distanceL:
  2103     0053                     	ds	1
  2104                           
  2105                           	psect	bssBANK1
  2106     00EE                     __pbssBANK1:
  2107     00EE                     _air_flux:
  2108     00EE                     	ds	2
  2109                           
  2110                           	psect	clrtext
  2111     07FA                     clear_ram0:	
  2112                           ;	Called with FSR0 containing the base address, and
  2113                           ;	WREG with the size to clear
  2114                           
  2115     07FA  0064               	clrwdt	;clear the watchdog before getting into this loop
  2116     07FB                     clrloop0:
  2117     07FB  0180               	clrf	0	;clear RAM location pointed to by FSR
  2118     07FC  3101               	addfsr 0,1
  2119     07FD  0B89               	decfsz	9,f	;Have we reached the end of clearing yet?
  2120     07FE  2FFB               	goto	clrloop0	;have we reached the end yet?
  2121     07FF  3400               	retlw	0	;all done for this memory range, return
  2122                           
  2123                           	psect	cstackBANK1
  2124     00A0                     __pcstackBANK1:
  2125     00A0                     ?_TMR1_WriteTimer:
  2126     00A0                     ??_TMR1_StartTimer:	
  2127                           ; 1 bytes @ 0x0
  2128                           
  2129     00A0                     ??_TMR1_StopTimer:	
  2130                           ; 1 bytes @ 0x0
  2131                           
  2132     00A0                     ?_TMR0_SetInterruptHandler:	
  2133                           ; 1 bytes @ 0x0
  2134                           
  2135     00A0                     ?_EPWM1_LoadDutyValue:	
  2136                           ; 1 bytes @ 0x0
  2137                           
  2138     00A0                     ??_PIN_MANAGER_Initialize:	
  2139                           ; 1 bytes @ 0x0
  2140                           
  2141     00A0                     ??_OSCILLATOR_Initialize:	
  2142                           ; 1 bytes @ 0x0
  2143                           
  2144     00A0                     ??_WDT_Initialize:	
  2145                           ; 1 bytes @ 0x0
  2146                           
  2147     00A0                     ??_ADC_Initialize:	
  2148                           ; 1 bytes @ 0x0
  2149                           
  2150     00A0                     ??_EPWM1_Initialize:	
  2151                           ; 1 bytes @ 0x0
  2152                           
  2153     00A0                     ??_TMR2_Initialize:	
  2154                           ; 1 bytes @ 0x0
  2155                           
  2156     00A0                     ?_EUSART_SetFramingErrorHandler:	
  2157                           ; 1 bytes @ 0x0
  2158                           
  2159     00A0                     ?_EUSART_SetOverrunErrorHandler:	
  2160                           ; 1 bytes @ 0x0
  2161                           
  2162     00A0                     ?_EUSART_SetErrorHandler:	
  2163                           ; 1 bytes @ 0x0
  2164                           
  2165     00A0                     ??_FVR_Initialize:	
  2166                           ; 1 bytes @ 0x0
  2167                           
  2168     00A0                     ??_TMR1_Initialize:	
  2169                           ; 1 bytes @ 0x0
  2170                           
  2171     00A0                     ?_TMR1_ReadTimer:	
  2172                           ; 1 bytes @ 0x0
  2173                           
  2174     00A0                     ?__Umul8_16:	
  2175                           ; 2 bytes @ 0x0
  2176                           
  2177     00A0                     ?___xxtofl:	
  2178                           ; 2 bytes @ 0x0
  2179                           
  2180     00A0                     __Umul8_16@multiplicand:	
  2181                           ; 4 bytes @ 0x0
  2182                           
  2183     00A0                     TMR1_WriteTimer@timerVal:	
  2184                           ; 1 bytes @ 0x0
  2185                           
  2186     00A0                     EUSART_SetFramingErrorHandler@interruptHandler:	
  2187                           ; 2 bytes @ 0x0
  2188                           
  2189     00A0                     EUSART_SetOverrunErrorHandler@interruptHandler:	
  2190                           ; 2 bytes @ 0x0
  2191                           
  2192     00A0                     EUSART_SetErrorHandler@interruptHandler:	
  2193                           ; 2 bytes @ 0x0
  2194                           
  2195     00A0                     TMR0_SetInterruptHandler@InterruptHandler:	
  2196                           ; 2 bytes @ 0x0
  2197                           
  2198     00A0                     EPWM1_LoadDutyValue@dutyValue:	
  2199                           ; 2 bytes @ 0x0
  2200                           
  2201     00A0                     ___xxtofl@val:	
  2202                           ; 2 bytes @ 0x0
  2203                           
  2204                           
  2205                           ; 4 bytes @ 0x0
  2206     00A0                     	ds	2
  2207     00A2                     ??_TMR1_WriteTimer:
  2208     00A2                     ??_TMR1_ReadTimer:	
  2209                           ; 1 bytes @ 0x2
  2210                           
  2211     00A2                     ??_SYSTEM_Initialize:	
  2212                           ; 1 bytes @ 0x2
  2213                           
  2214     00A2                     ??_TMR0_SetInterruptHandler:	
  2215                           ; 1 bytes @ 0x2
  2216                           
  2217     00A2                     ??_EPWM1_LoadDutyValue:	
  2218                           ; 1 bytes @ 0x2
  2219                           
  2220     00A2                     ??_TMR0_Initialize:	
  2221                           ; 1 bytes @ 0x2
  2222                           
  2223     00A2                     ??_EUSART_Initialize:	
  2224                           ; 1 bytes @ 0x2
  2225                           
  2226     00A2                     ??_EUSART_SetFramingErrorHandler:	
  2227                           ; 1 bytes @ 0x2
  2228                           
  2229     00A2                     ??_EUSART_SetOverrunErrorHandler:	
  2230                           ; 1 bytes @ 0x2
  2231                           
  2232     00A2                     ??_EUSART_SetErrorHandler:	
  2233                           ; 1 bytes @ 0x2
  2234                           
  2235     00A2                     ??__Umul8_16:	
  2236                           ; 1 bytes @ 0x2
  2237                           
  2238                           
  2239                           ; 1 bytes @ 0x2
  2240     00A2                     	ds	2
  2241     00A4                     ??___xxtofl:
  2242     00A4                     __Umul8_16@product:	
  2243                           ; 1 bytes @ 0x4
  2244                           
  2245                           
  2246                           ; 2 bytes @ 0x4
  2247     00A4                     	ds	2
  2248     00A6                     __Umul8_16@word_mpld:
  2249                           
  2250                           ; 2 bytes @ 0x6
  2251     00A6                     	ds	1
  2252     00A7                     TMR1_ReadTimer@readVal:
  2253                           
  2254                           ; 2 bytes @ 0x7
  2255     00A7                     	ds	1
  2256     00A8                     __Umul8_16@multiplier:
  2257     00A8                     ___xxtofl@sign:	
  2258                           ; 1 bytes @ 0x8
  2259                           
  2260                           
  2261                           ; 1 bytes @ 0x8
  2262     00A8                     	ds	1
  2263     00A9                     TMR1_ReadTimer@readValHigh:
  2264     00A9                     ___xxtofl@exp:	
  2265                           ; 1 bytes @ 0x9
  2266                           
  2267                           
  2268                           ; 1 bytes @ 0x9
  2269     00A9                     	ds	1
  2270     00AA                     TMR1_ReadTimer@readValLow:
  2271     00AA                     ___xxtofl@arg:	
  2272                           ; 1 bytes @ 0xA
  2273                           
  2274                           
  2275                           ; 4 bytes @ 0xA
  2276     00AA                     	ds	4
  2277     00AE                     ?___flmul:
  2278     00AE                     ___flmul@b:	
  2279                           ; 4 bytes @ 0xE
  2280                           
  2281                           
  2282                           ; 4 bytes @ 0xE
  2283     00AE                     	ds	4
  2284     00B2                     ___flmul@a:
  2285                           
  2286                           ; 4 bytes @ 0x12
  2287     00B2                     	ds	4
  2288     00B6                     ??___flmul:
  2289                           
  2290                           ; 1 bytes @ 0x16
  2291     00B6                     	ds	5
  2292     00BB                     ___flmul@sign:
  2293                           
  2294                           ; 1 bytes @ 0x1B
  2295     00BB                     	ds	1
  2296     00BC                     ___flmul@aexp:
  2297                           
  2298                           ; 1 bytes @ 0x1C
  2299     00BC                     	ds	1
  2300     00BD                     ___flmul@grs:
  2301                           
  2302                           ; 4 bytes @ 0x1D
  2303     00BD                     	ds	4
  2304     00C1                     ___flmul@bexp:
  2305                           
  2306                           ; 1 bytes @ 0x21
  2307     00C1                     	ds	1
  2308     00C2                     ___flmul@prod:
  2309                           
  2310                           ; 4 bytes @ 0x22
  2311     00C2                     	ds	4
  2312     00C6                     ___flmul@temp:
  2313                           
  2314                           ; 2 bytes @ 0x26
  2315     00C6                     	ds	2
  2316     00C8                     ?___fldiv:
  2317     00C8                     ___fldiv@a:	
  2318                           ; 4 bytes @ 0x28
  2319                           
  2320                           
  2321                           ; 4 bytes @ 0x28
  2322     00C8                     	ds	4
  2323     00CC                     ___fldiv@b:
  2324                           
  2325                           ; 4 bytes @ 0x2C
  2326     00CC                     	ds	4
  2327     00D0                     ??___fldiv:
  2328                           
  2329                           ; 1 bytes @ 0x30
  2330     00D0                     	ds	5
  2331     00D5                     ___fldiv@rem:
  2332                           
  2333                           ; 4 bytes @ 0x35
  2334     00D5                     	ds	4
  2335     00D9                     ___fldiv@sign:
  2336                           
  2337                           ; 1 bytes @ 0x39
  2338     00D9                     	ds	1
  2339     00DA                     ___fldiv@new_exp:
  2340                           
  2341                           ; 2 bytes @ 0x3A
  2342     00DA                     	ds	2
  2343     00DC                     ___fldiv@grs:
  2344                           
  2345                           ; 4 bytes @ 0x3C
  2346     00DC                     	ds	4
  2347     00E0                     ___fldiv@bexp:
  2348                           
  2349                           ; 1 bytes @ 0x40
  2350     00E0                     	ds	1
  2351     00E1                     ___fldiv@aexp:
  2352                           
  2353                           ; 1 bytes @ 0x41
  2354     00E1                     	ds	1
  2355     00E2                     ?___fltol:
  2356     00E2                     ___fltol@f1:	
  2357                           ; 4 bytes @ 0x42
  2358                           
  2359                           
  2360                           ; 4 bytes @ 0x42
  2361     00E2                     	ds	4
  2362     00E6                     ??___fltol:
  2363                           
  2364                           ; 1 bytes @ 0x46
  2365     00E6                     	ds	4
  2366     00EA                     ___fltol@sign1:
  2367                           
  2368                           ; 1 bytes @ 0x4A
  2369     00EA                     	ds	1
  2370     00EB                     ___fltol@exp1:
  2371                           
  2372                           ; 1 bytes @ 0x4B
  2373     00EB                     	ds	1
  2374     00EC                     ??_Trigger_and_Echo:
  2375     00EC                     Trigger_and_Echo@tempo_voo:	
  2376                           ; 1 bytes @ 0x4C
  2377                           
  2378                           
  2379                           ; 2 bytes @ 0x4C
  2380     00EC                     	ds	2
  2381     00EE                     ??_main:
  2382                           
  2383                           	psect	cstackCOMMON
  2384     0070                     __pcstackCOMMON:	
  2385                           ; 1 bytes @ 0x4E
  2386                           
  2387     0070                     ?_EUSART_Write:
  2388     0070                     ??_EUSART_Write:	
  2389                           ; 1 bytes @ 0x0
  2390                           
  2391     0070                     ?_TMR1_StartTimer:	
  2392                           ; 1 bytes @ 0x0
  2393                           
  2394     0070                     ?_TMR1_StopTimer:	
  2395                           ; 1 bytes @ 0x0
  2396                           
  2397     0070                     ?_SYSTEM_Initialize:	
  2398                           ; 1 bytes @ 0x0
  2399                           
  2400     0070                     ?_PIN_MANAGER_Initialize:	
  2401                           ; 1 bytes @ 0x0
  2402                           
  2403     0070                     ?_OSCILLATOR_Initialize:	
  2404                           ; 1 bytes @ 0x0
  2405                           
  2406     0070                     ?_WDT_Initialize:	
  2407                           ; 1 bytes @ 0x0
  2408                           
  2409     0070                     ?_ADC_Initialize:	
  2410                           ; 1 bytes @ 0x0
  2411                           
  2412     0070                     ?_EPWM1_Initialize:	
  2413                           ; 1 bytes @ 0x0
  2414                           
  2415     0070                     ?_TMR2_Initialize:	
  2416                           ; 1 bytes @ 0x0
  2417                           
  2418     0070                     ?_TMR0_Initialize:	
  2419                           ; 1 bytes @ 0x0
  2420                           
  2421     0070                     ?_EUSART_Initialize:	
  2422                           ; 1 bytes @ 0x0
  2423                           
  2424     0070                     ?_TMR0_DefaultInterruptHandler:	
  2425                           ; 1 bytes @ 0x0
  2426                           
  2427     0070                     ??_TMR0_DefaultInterruptHandler:	
  2428                           ; 1 bytes @ 0x0
  2429                           
  2430     0070                     ?_TMR0_CallBack:	
  2431                           ; 1 bytes @ 0x0
  2432                           
  2433     0070                     ?_FVR_Initialize:	
  2434                           ; 1 bytes @ 0x0
  2435                           
  2436     0070                     ?_send_data:	
  2437                           ; 1 bytes @ 0x0
  2438                           
  2439     0070                     ?_Trigger_and_Echo:	
  2440                           ; 1 bytes @ 0x0
  2441                           
  2442     0070                     ?_main:	
  2443                           ; 1 bytes @ 0x0
  2444                           
  2445     0070                     ?_TMR1_Initialize:	
  2446                           ; 1 bytes @ 0x0
  2447                           
  2448     0070                     ?_TMR0_ISR:	
  2449                           ; 1 bytes @ 0x0
  2450                           
  2451     0070                     ?_INTERRUPT_InterruptManager:	
  2452                           ; 1 bytes @ 0x0
  2453                           
  2454     0070                     ?_ADC_GetConversion:	
  2455                           ; 1 bytes @ 0x0
  2456                           
  2457     0070                     ?i1__Umul8_16:	
  2458                           ; 2 bytes @ 0x0
  2459                           
  2460     0070                     ?i1___xxtofl:	
  2461                           ; 2 bytes @ 0x0
  2462                           
  2463     0070                     EUSART_Write@txData:	
  2464                           ; 4 bytes @ 0x0
  2465                           
  2466     0070                     i1__Umul8_16@multiplicand:	
  2467                           ; 1 bytes @ 0x0
  2468                           
  2469     0070                     i1___xxtofl@val:	
  2470                           ; 1 bytes @ 0x0
  2471                           
  2472                           
  2473                           ; 4 bytes @ 0x0
  2474     0070                     	ds	2
  2475     0072                     ??_ADC_GetConversion:
  2476     0072                     ??i1__Umul8_16:	
  2477                           ; 1 bytes @ 0x2
  2478                           
  2479                           
  2480                           ; 1 bytes @ 0x2
  2481     0072                     	ds	1
  2482     0073                     ADC_GetConversion@channel:
  2483                           
  2484                           ; 1 bytes @ 0x3
  2485     0073                     	ds	1
  2486     0074                     ??i1___xxtofl:
  2487     0074                     i1__Umul8_16@product:	
  2488                           ; 1 bytes @ 0x4
  2489                           
  2490                           
  2491                           ; 2 bytes @ 0x4
  2492     0074                     	ds	2
  2493     0076                     i1__Umul8_16@word_mpld:
  2494                           
  2495                           ; 2 bytes @ 0x6
  2496     0076                     	ds	2
  2497     0078                     i1__Umul8_16@multiplier:
  2498     0078                     i1___xxtofl@sign:	
  2499                           ; 1 bytes @ 0x8
  2500                           
  2501                           
  2502                           ; 1 bytes @ 0x8
  2503     0078                     	ds	1
  2504     0079                     i1___xxtofl@exp:
  2505                           
  2506                           ; 1 bytes @ 0x9
  2507     0079                     	ds	1
  2508     007A                     i1___xxtofl@arg:
  2509                           
  2510                           ; 4 bytes @ 0xA
  2511     007A                     	ds	4
  2512     007E                     ??_TMR0_CallBack:
  2513     007E                     ??_send_data:	
  2514                           ; 1 bytes @ 0xE
  2515                           
  2516     007E                     ??_TMR0_ISR:	
  2517                           ; 1 bytes @ 0xE
  2518                           
  2519     007E                     ??_INTERRUPT_InterruptManager:	
  2520                           ; 1 bytes @ 0xE
  2521                           
  2522                           
  2523                           	psect	cstackBANK0
  2524     0020                     __pcstackBANK0:	
  2525                           ; 1 bytes @ 0xE
  2526                           
  2527     0020                     ?i1___flmul:
  2528     0020                     i1___flmul@b:	
  2529                           ; 4 bytes @ 0x0
  2530                           
  2531                           
  2532                           ; 4 bytes @ 0x0
  2533     0020                     	ds	4
  2534     0024                     i1___flmul@a:
  2535                           
  2536                           ; 4 bytes @ 0x4
  2537     0024                     	ds	4
  2538     0028                     ??i1___flmul:
  2539                           
  2540                           ; 1 bytes @ 0x8
  2541     0028                     	ds	5
  2542     002D                     i1___flmul@sign:
  2543                           
  2544                           ; 1 bytes @ 0xD
  2545     002D                     	ds	1
  2546     002E                     i1___flmul@grs:
  2547                           
  2548                           ; 4 bytes @ 0xE
  2549     002E                     	ds	4
  2550     0032                     i1___flmul@aexp:
  2551                           
  2552                           ; 1 bytes @ 0x12
  2553     0032                     	ds	1
  2554     0033                     i1___flmul@bexp:
  2555                           
  2556                           ; 1 bytes @ 0x13
  2557     0033                     	ds	1
  2558     0034                     i1___flmul@prod:
  2559                           
  2560                           ; 4 bytes @ 0x14
  2561     0034                     	ds	4
  2562     0038                     i1___flmul@temp:
  2563                           
  2564                           ; 2 bytes @ 0x18
  2565     0038                     	ds	2
  2566     003A                     ?i1___fltol:
  2567     003A                     i1___fltol@f1:	
  2568                           ; 4 bytes @ 0x1A
  2569                           
  2570                           
  2571                           ; 4 bytes @ 0x1A
  2572     003A                     	ds	4
  2573     003E                     ??i1___fltol:
  2574                           
  2575                           ; 1 bytes @ 0x1E
  2576     003E                     	ds	4
  2577     0042                     i1___fltol@sign1:
  2578                           
  2579                           ; 1 bytes @ 0x22
  2580     0042                     	ds	1
  2581     0043                     i1___fltol@exp1:
  2582                           
  2583                           ; 1 bytes @ 0x23
  2584     0043                     	ds	1
  2585                           
  2586                           	psect	maintext
  2587     0E6D                     __pmaintext:	
  2588 ;;
  2589 ;;Main: autosize = 0, tempsize = 0, incstack = 0, save=0
  2590 ;;
  2591 ;; *************** function _main *****************
  2592 ;; Defined at:
  2593 ;;		line 77 in file "main.c"
  2594 ;; Parameters:    Size  Location     Type
  2595 ;;		None
  2596 ;; Auto vars:     Size  Location     Type
  2597 ;;		None
  2598 ;; Return value:  Size  Location     Type
  2599 ;;                  1    wreg      void 
  2600 ;; Registers used:
  2601 ;;		wreg, status,2, status,0, pclath, cstack
  2602 ;; Tracked objects:
  2603 ;;		On entry : B1F/0
  2604 ;;		On exit  : 0/0
  2605 ;;		Unchanged: 0/0
  2606 ;; Data sizes:     COMMON   BANK0   BANK1   BANK2   BANK3   BANK4
  2607 ;;      Params:         0       0       0       0       0       0
  2608 ;;      Locals:         0       0       0       0       0       0
  2609 ;;      Temps:          0       0       0       0       0       0
  2610 ;;      Totals:         0       0       0       0       0       0
  2611 ;;Total ram usage:        0 bytes
  2612 ;; Hardware stack levels required when called: 9
  2613 ;; This function calls:
  2614 ;;		_EPWM1_LoadDutyValue
  2615 ;;		_SYSTEM_Initialize
  2616 ;;		_TMR0_SetInterruptHandler
  2617 ;;		_Trigger_and_Echo
  2618 ;; This function is called by:
  2619 ;;		Startup code after reset
  2620 ;; This function uses a non-reentrant model
  2621 ;;
  2622                           
  2623     0E6D                     _main:	
  2624                           ;psect for function _main
  2625                           
  2626     0E6D                     l3087:	
  2627                           ;incstack = 0
  2628                           ; Regs used in _main: [wreg+status,2+status,0+pclath+cstack]
  2629                           
  2630                           
  2631                           ;main.c: 80:     SYSTEM_Initialize();
  2632     0E6D  318D  25E2  318E   	fcall	_SYSTEM_Initialize
  2633     0E70                     l3089:
  2634                           
  2635                           ;main.c: 86:     (INTCONbits.GIE = 1);
  2636     0E70  178B               	bsf	11,7	;volatile
  2637     0E71                     l3091:
  2638                           
  2639                           ;main.c: 89:     (INTCONbits.PEIE = 1);
  2640     0E71  170B               	bsf	11,6	;volatile
  2641                           
  2642                           ;main.c: 91:     TMR0_SetInterruptHandler(send_data);
  2643     0E72  3099               	movlw	low _send_data
  2644     0E73  0021               	movlb	1	; select bank1
  2645     0E74  00A0               	movwf	TMR0_SetInterruptHandler@InterruptHandler^(0+128)
  2646     0E75  3007               	movlw	high _send_data
  2647     0E76  00A1               	movwf	(TMR0_SetInterruptHandler@InterruptHandler^(0+128)+1)
  2648     0E77  318D  2507  318E   	fcall	_TMR0_SetInterruptHandler
  2649     0E7A                     l3093:
  2650                           
  2651                           ;main.c: 93:     {;main.c: 94:         if(LATAbits.LATA1 == 0) air_flux += 10;
  2652     0E7A  0022               	movlb	2	; select bank2
  2653     0E7B  188C               	btfsc	12,1	;volatile
  2654     0E7C  2E7E               	goto	u3531
  2655     0E7D  2E7F               	goto	u3530
  2656     0E7E                     u3531:
  2657     0E7E  2E84               	goto	l3097
  2658     0E7F                     u3530:
  2659     0E7F                     l3095:
  2660     0E7F  300A               	movlw	10
  2661     0E80  0021               	movlb	1	; select bank1
  2662     0E81  07EE               	addwf	_air_flux^(0+128),f
  2663     0E82  3000               	movlw	0
  2664     0E83  3DEF               	addwfc	(_air_flux+1)^(0+128),f
  2665     0E84                     l3097:
  2666                           
  2667                           ;main.c: 95:         if(LATAbits.LATA2 == 0) air_flux -= 10;
  2668     0E84  0022               	movlb	2	; select bank2
  2669     0E85  190C               	btfsc	12,2	;volatile
  2670     0E86  2E88               	goto	u3541
  2671     0E87  2E89               	goto	u3540
  2672     0E88                     u3541:
  2673     0E88  2E8E               	goto	l67
  2674     0E89                     u3540:
  2675     0E89                     l3099:
  2676     0E89  300A               	movlw	10
  2677     0E8A  0021               	movlb	1	; select bank1
  2678     0E8B  02EE               	subwf	_air_flux^(0+128),f
  2679     0E8C  3000               	movlw	0
  2680     0E8D  3BEF               	subwfb	(_air_flux+1)^(0+128),f
  2681     0E8E                     l67:
  2682                           
  2683                           ;main.c: 96:         if(air_flux >= 1023) air_flux = 1023;
  2684     0E8E  3003               	movlw	3
  2685     0E8F  0021               	movlb	1	; select bank1
  2686     0E90  026F               	subwf	(_air_flux+1)^(0+128),w
  2687     0E91  30FF               	movlw	255
  2688     0E92  1903               	skipnz
  2689     0E93  026E               	subwf	_air_flux^(0+128),w
  2690     0E94  1C03               	skipc
  2691     0E95  2E97               	goto	u3551
  2692     0E96  2E98               	goto	u3550
  2693     0E97                     u3551:
  2694     0E97  2E9C               	goto	l3103
  2695     0E98                     u3550:
  2696     0E98                     l3101:
  2697     0E98  30FF               	movlw	255
  2698     0E99  00EE               	movwf	_air_flux^(0+128)
  2699     0E9A  3003               	movlw	3
  2700     0E9B  00EF               	movwf	(_air_flux^(0+128)+1)
  2701     0E9C                     l3103:
  2702                           
  2703                           ;main.c: 97:         if (0 >= air_flux ) air_flux = 0;
  2704     0E9C  086E               	movf	_air_flux^(0+128),w
  2705     0E9D  046F               	iorwf	(_air_flux+1)^(0+128),w
  2706     0E9E  1D03               	btfss	3,2
  2707     0E9F  2EA1               	goto	u3561
  2708     0EA0  2EA2               	goto	u3560
  2709     0EA1                     u3561:
  2710     0EA1  2EA4               	goto	l3107
  2711     0EA2                     u3560:
  2712     0EA2                     l3105:
  2713     0EA2  01EE               	clrf	_air_flux^(0+128)
  2714     0EA3  01EF               	clrf	(_air_flux+1)^(0+128)
  2715     0EA4                     l3107:
  2716                           
  2717                           ;main.c: 98:         EPWM1_LoadDutyValue(air_flux);
  2718     0EA4  086F               	movf	(_air_flux+1)^(0+128),w
  2719     0EA5  00A1               	movwf	(EPWM1_LoadDutyValue@dutyValue+1)^(0+128)
  2720     0EA6  086E               	movf	_air_flux^(0+128),w
  2721     0EA7  00A0               	movwf	EPWM1_LoadDutyValue@dutyValue^(0+128)
  2722     0EA8  318D  25AA  318E   	fcall	_EPWM1_LoadDutyValue
  2723     0EAB                     l3109:
  2724                           
  2725                           ;main.c: 99:         Trigger_and_Echo();
  2726     0EAB  318E  26B1  318E   	fcall	_Trigger_and_Echo
  2727     0EAE  2E7A               	goto	l3093
  2728     0EAF  3180  2813         	ljmp	start
  2729     0EB1                     __end_of_main:
  2730                           
  2731                           	psect	text1
  2732     0EB1                     __ptext1:	
  2733 ;; *************** function _Trigger_and_Echo *****************
  2734 ;; Defined at:
  2735 ;;		line 64 in file "main.c"
  2736 ;; Parameters:    Size  Location     Type
  2737 ;;		None
  2738 ;; Auto vars:     Size  Location     Type
  2739 ;;  tempo_voo       2   76[BANK1 ] unsigned short 
  2740 ;; Return value:  Size  Location     Type
  2741 ;;                  1    wreg      void 
  2742 ;; Registers used:
  2743 ;;		wreg, status,2, status,0, pclath, cstack
  2744 ;; Tracked objects:
  2745 ;;		On entry : 0/0
  2746 ;;		On exit  : 0/0
  2747 ;;		Unchanged: 0/0
  2748 ;; Data sizes:     COMMON   BANK0   BANK1   BANK2   BANK3   BANK4
  2749 ;;      Params:         0       0       0       0       0       0
  2750 ;;      Locals:         0       0       2       0       0       0
  2751 ;;      Temps:          0       0       0       0       0       0
  2752 ;;      Totals:         0       0       2       0       0       0
  2753 ;;Total ram usage:        2 bytes
  2754 ;; Hardware stack levels used: 1
  2755 ;; Hardware stack levels required when called: 8
  2756 ;; This function calls:
  2757 ;;		_TMR1_ReadTimer
  2758 ;;		_TMR1_StartTimer
  2759 ;;		_TMR1_StopTimer
  2760 ;;		_TMR1_WriteTimer
  2761 ;;		___fldiv
  2762 ;;		___flmul
  2763 ;;		___fltol
  2764 ;;		___xxtofl
  2765 ;; This function is called by:
  2766 ;;		_main
  2767 ;; This function uses a non-reentrant model
  2768 ;;
  2769                           
  2770     0EB1                     _Trigger_and_Echo:	
  2771                           ;psect for function _Trigger_and_Echo
  2772                           
  2773     0EB1                     l3067:	
  2774                           ;incstack = 0
  2775                           ; Regs used in _Trigger_and_Echo: [wreg+status,2+status,0+pclath+cstack]
  2776                           
  2777                           
  2778                           ;main.c: 65:     LATAbits.LATA4 = 1;
  2779     0EB1  0022               	movlb	2	; select bank2
  2780     0EB2  160C               	bsf	12,4	;volatile
  2781     0EB3                     l3069:
  2782                           
  2783                           ;main.c: 66:     _delay((unsigned long)((10)*(16000000/4000000.0)));
  2784     0EB3  300D               	movlw	13
  2785     0EB4                     u3577:
  2786     0EB4  0B89               	decfsz	9,f
  2787     0EB5  2EB4               	goto	u3577
  2788     0EB6  0000               	nop
  2789     0EB7                     l3071:
  2790                           
  2791                           ;main.c: 67:     LATAbits.LATA4 = 0;
  2792     0EB7  0022               	movlb	2	; select bank2
  2793     0EB8  120C               	bcf	12,4	;volatile
  2794     0EB9                     l54:	
  2795                           ;main.c: 68:     while(!LATAbits.LATA3);
  2796                           
  2797     0EB9  1D8C               	btfss	12,3	;volatile
  2798     0EBA  2EBC               	goto	u3501
  2799     0EBB  2EBD               	goto	u3500
  2800     0EBC                     u3501:
  2801     0EBC  2EB9               	goto	l54
  2802     0EBD                     u3500:
  2803     0EBD                     l3073:
  2804                           
  2805                           ;main.c: 69:     TMR1_WriteTimer(0);
  2806     0EBD  3000               	movlw	0
  2807     0EBE  0021               	movlb	1	; select bank1
  2808     0EBF  00A0               	movwf	TMR1_WriteTimer@timerVal^(0+128)
  2809     0EC0  00A1               	movwf	(TMR1_WriteTimer@timerVal+1)^(0+128)
  2810     0EC1  318D  2576  318E   	fcall	_TMR1_WriteTimer
  2811     0EC4                     l3075:
  2812                           
  2813                           ;main.c: 70:     TMR1_StartTimer();
  2814     0EC4  318C  24C7  318E   	fcall	_TMR1_StartTimer
  2815     0EC7                     l57:	
  2816                           ;main.c: 71:     while(LATAbits.LATA3);
  2817                           
  2818     0EC7  0022               	movlb	2	; select bank2
  2819     0EC8  198C               	btfsc	12,3	;volatile
  2820     0EC9  2ECB               	goto	u3511
  2821     0ECA  2ECC               	goto	u3510
  2822     0ECB                     u3511:
  2823     0ECB  2EC7               	goto	l57
  2824     0ECC                     u3510:
  2825     0ECC                     l3077:
  2826                           
  2827                           ;main.c: 72:     TMR1_StopTimer();
  2828     0ECC  318C  24CA  318E   	fcall	_TMR1_StopTimer
  2829     0ECF                     l3079:
  2830                           
  2831                           ;main.c: 73:     uint16_t tempo_voo = TMR1_ReadTimer();
  2832     0ECF  318D  25C6  318E   	fcall	_TMR1_ReadTimer
  2833     0ED2  0021               	movlb	1	; select bank1
  2834     0ED3  0821               	movf	(?_TMR1_ReadTimer+1)^(0+128),w
  2835     0ED4  00ED               	movwf	(Trigger_and_Echo@tempo_voo+1)^(0+128)
  2836     0ED5  0820               	movf	?_TMR1_ReadTimer^(0+128),w
  2837     0ED6  00EC               	movwf	Trigger_and_Echo@tempo_voo^(0+128)
  2838     0ED7                     l3081:
  2839                           
  2840                           ;main.c: 74:     distance = (float)(tempo_voo*340.0/2.0);
  2841     0ED7  086C               	movf	Trigger_and_Echo@tempo_voo^(0+128),w
  2842     0ED8  00A0               	movwf	___xxtofl@val^(0+128)
  2843     0ED9  086D               	movf	(Trigger_and_Echo@tempo_voo+1)^(0+128),w
  2844     0EDA  00A1               	movwf	(___xxtofl@val^(0+128)+1)
  2845     0EDB  01A2               	clrf	(___xxtofl@val^(0+128)+2)
  2846     0EDC  01A3               	clrf	(___xxtofl@val^(0+128)+3)
  2847     0EDD  3000               	movlw	0
  2848     0EDE  3186  2644  318E   	fcall	___xxtofl
  2849     0EE1  0021               	movlb	1	; select bank1
  2850     0EE2  0823               	movf	(?___xxtofl+3)^(0+128),w
  2851     0EE3  00B5               	movwf	(___flmul@a+3)^(0+128)
  2852     0EE4  0822               	movf	(?___xxtofl+2)^(0+128),w
  2853     0EE5  00B4               	movwf	(___flmul@a+2)^(0+128)
  2854     0EE6  0821               	movf	(?___xxtofl+1)^(0+128),w
  2855     0EE7  00B3               	movwf	(___flmul@a+1)^(0+128)
  2856     0EE8  0820               	movf	?___xxtofl^(0+128),w
  2857     0EE9  00B2               	movwf	___flmul@a^(0+128)
  2858     0EEA  3043               	movlw	67
  2859     0EEB  00B1               	movwf	(___flmul@b+3)^(0+128)
  2860     0EEC  30AA               	movlw	170
  2861     0EED  00B0               	movwf	(___flmul@b+2)^(0+128)
  2862     0EEE  3000               	movlw	0
  2863     0EEF  00AF               	movwf	(___flmul@b+1)^(0+128)
  2864     0EF0  3000               	movlw	0
  2865     0EF1  00AE               	movwf	___flmul@b^(0+128)
  2866     0EF2  3180  2024  318E   	fcall	___flmul
  2867     0EF5  0021               	movlb	1	; select bank1
  2868     0EF6  0831               	movf	(?___flmul+3)^(0+128),w
  2869     0EF7  00CF               	movwf	(___fldiv@b+3)^(0+128)
  2870     0EF8  0830               	movf	(?___flmul+2)^(0+128),w
  2871     0EF9  00CE               	movwf	(___fldiv@b+2)^(0+128)
  2872     0EFA  082F               	movf	(?___flmul+1)^(0+128),w
  2873     0EFB  00CD               	movwf	(___fldiv@b+1)^(0+128)
  2874     0EFC  082E               	movf	?___flmul^(0+128),w
  2875     0EFD  00CC               	movwf	___fldiv@b^(0+128)
  2876     0EFE  3040               	movlw	64
  2877     0EFF  00CB               	movwf	(___fldiv@a+3)^(0+128)
  2878     0F00  3000               	movlw	0
  2879     0F01  00CA               	movwf	(___fldiv@a+2)^(0+128)
  2880     0F02  3000               	movlw	0
  2881     0F03  00C9               	movwf	(___fldiv@a+1)^(0+128)
  2882     0F04  3000               	movlw	0
  2883     0F05  00C8               	movwf	___fldiv@a^(0+128)
  2884     0F06  3184  249A  318E   	fcall	___fldiv
  2885     0F09  0021               	movlb	1	; select bank1
  2886     0F0A  084B               	movf	(?___fldiv+3)^(0+128),w
  2887     0F0B  00E5               	movwf	(___fltol@f1+3)^(0+128)
  2888     0F0C  084A               	movf	(?___fldiv+2)^(0+128),w
  2889     0F0D  00E4               	movwf	(___fltol@f1+2)^(0+128)
  2890     0F0E  0849               	movf	(?___fldiv+1)^(0+128),w
  2891     0F0F  00E3               	movwf	(___fltol@f1+1)^(0+128)
  2892     0F10  0848               	movf	?___fldiv^(0+128),w
  2893     0F11  00E2               	movwf	___fltol@f1^(0+128)
  2894     0F12  318F  278F  318E   	fcall	___fltol
  2895     0F15  0021               	movlb	1	; select bank1
  2896     0F16  0863               	movf	(?___fltol+1)^(0+128),w
  2897     0F17  0020               	movlb	0	; select bank0
  2898     0F18  00CD               	movwf	_distance+1
  2899     0F19  0021               	movlb	1	; select bank1
  2900     0F1A  0862               	movf	?___fltol^(0+128),w
  2901     0F1B  0020               	movlb	0	; select bank0
  2902     0F1C  00CC               	movwf	_distance
  2903     0F1D                     l60:
  2904     0F1D  0008               	return
  2905     0F1E                     __end_of_Trigger_and_Echo:
  2906                           
  2907                           	psect	text2
  2908     0644                     __ptext2:	
  2909 ;; *************** function ___xxtofl *****************
  2910 ;; Defined at:
  2911 ;;		line 10 in file "C:\Program Files\Microchip\xc8\v2.46\pic\sources\c99\common\xxtofl.c"
  2912 ;; Parameters:    Size  Location     Type
  2913 ;;  sign            1    wreg     unsigned char 
  2914 ;;  val             4    0[BANK1 ] long 
  2915 ;; Auto vars:     Size  Location     Type
  2916 ;;  sign            1    8[BANK1 ] unsigned char 
  2917 ;;  arg             4   10[BANK1 ] unsigned long 
  2918 ;;  exp             1    9[BANK1 ] unsigned char 
  2919 ;; Return value:  Size  Location     Type
  2920 ;;                  4    0[BANK1 ] unsigned char 
  2921 ;; Registers used:
  2922 ;;		wreg, status,2, status,0
  2923 ;; Tracked objects:
  2924 ;;		On entry : 0/0
  2925 ;;		On exit  : 0/0
  2926 ;;		Unchanged: 0/0
  2927 ;; Data sizes:     COMMON   BANK0   BANK1   BANK2   BANK3   BANK4
  2928 ;;      Params:         0       0       4       0       0       0
  2929 ;;      Locals:         0       0       6       0       0       0
  2930 ;;      Temps:          0       0       4       0       0       0
  2931 ;;      Totals:         0       0      14       0       0       0
  2932 ;;Total ram usage:       14 bytes
  2933 ;; Hardware stack levels used: 1
  2934 ;; Hardware stack levels required when called: 6
  2935 ;; This function calls:
  2936 ;;		Nothing
  2937 ;; This function is called by:
  2938 ;;		_Trigger_and_Echo
  2939 ;; This function uses a non-reentrant model
  2940 ;;
  2941                           
  2942     0644                     ___xxtofl:	
  2943                           ;psect for function ___xxtofl
  2944                           
  2945                           
  2946                           ;incstack = 0
  2947                           ; Regs used in ___xxtofl: [wreg+status,2+status,0]
  2948                           ;___xxtofl@sign stored from wreg
  2949     0644  0021               	movlb	1	; select bank1
  2950     0645  00A8               	movwf	___xxtofl@sign^(0+128)
  2951     0646                     l3023:
  2952     0646  0828               	movf	___xxtofl@sign^(0+128),w
  2953     0647  1903               	btfsc	3,2
  2954     0648  2E4A               	goto	u3361
  2955     0649  2E4B               	goto	u3360
  2956     064A                     u3361:
  2957     064A  2E5F               	goto	l3029
  2958     064B                     u3360:
  2959     064B                     l3025:
  2960     064B  1FA3               	btfss	(___xxtofl@val+3)^(0+128),7
  2961     064C  2E4E               	goto	u3371
  2962     064D  2E4F               	goto	u3370
  2963     064E                     u3371:
  2964     064E  2E5F               	goto	l3029
  2965     064F                     u3370:
  2966     064F                     l3027:
  2967     064F  0920               	comf	___xxtofl@val^(0+128),w
  2968     0650  00AA               	movwf	___xxtofl@arg^(0+128)
  2969     0651  0921               	comf	(___xxtofl@val^(0+128)+1),w
  2970     0652  00AB               	movwf	(___xxtofl@arg+1)^(0+128)
  2971     0653  0922               	comf	(___xxtofl@val^(0+128)+2),w
  2972     0654  00AC               	movwf	(___xxtofl@arg+2)^(0+128)
  2973     0655  0923               	comf	(___xxtofl@val^(0+128)+3),w
  2974     0656  00AD               	movwf	(___xxtofl@arg+3)^(0+128)
  2975     0657  0AAA               	incf	___xxtofl@arg^(0+128),f
  2976     0658  1903               	skipnz
  2977     0659  0AAB               	incf	(___xxtofl@arg+1)^(0+128),f
  2978     065A  1903               	skipnz
  2979     065B  0AAC               	incf	(___xxtofl@arg+2)^(0+128),f
  2980     065C  1903               	skipnz
  2981     065D  0AAD               	incf	(___xxtofl@arg+3)^(0+128),f
  2982     065E  2E67               	goto	l1006
  2983     065F                     l3029:
  2984     065F  0823               	movf	(___xxtofl@val+3)^(0+128),w
  2985     0660  00AD               	movwf	(___xxtofl@arg+3)^(0+128)
  2986     0661  0822               	movf	(___xxtofl@val+2)^(0+128),w
  2987     0662  00AC               	movwf	(___xxtofl@arg+2)^(0+128)
  2988     0663  0821               	movf	(___xxtofl@val+1)^(0+128),w
  2989     0664  00AB               	movwf	(___xxtofl@arg+1)^(0+128)
  2990     0665  0820               	movf	___xxtofl@val^(0+128),w
  2991     0666  00AA               	movwf	___xxtofl@arg^(0+128)
  2992     0667                     l1006:
  2993     0667  0823               	movf	(___xxtofl@val+3)^(0+128),w
  2994     0668  0422               	iorwf	(___xxtofl@val+2)^(0+128),w
  2995     0669  0421               	iorwf	(___xxtofl@val+1)^(0+128),w
  2996     066A  0420               	iorwf	___xxtofl@val^(0+128),w
  2997     066B  1D03               	skipz
  2998     066C  2E6E               	goto	u3381
  2999     066D  2E6F               	goto	u3380
  3000     066E                     u3381:
  3001     066E  2E78               	goto	l3035
  3002     066F                     u3380:
  3003     066F                     l3031:
  3004     066F  3000               	movlw	0
  3005     0670  00A3               	movwf	(?___xxtofl+3)^(0+128)
  3006     0671  3000               	movlw	0
  3007     0672  00A2               	movwf	(?___xxtofl+2)^(0+128)
  3008     0673  3000               	movlw	0
  3009     0674  00A1               	movwf	(?___xxtofl+1)^(0+128)
  3010     0675  3000               	movlw	0
  3011     0676  00A0               	movwf	?___xxtofl^(0+128)
  3012     0677  2EEE               	goto	l1008
  3013     0678                     l3035:
  3014     0678  3096               	movlw	150
  3015     0679  00A9               	movwf	___xxtofl@exp^(0+128)
  3016     067A  2E86               	goto	l3039
  3017     067B                     l3037:
  3018     067B  3001               	movlw	1
  3019     067C  00A4               	movwf	??___xxtofl^(0+128)
  3020     067D  0824               	movf	??___xxtofl^(0+128),w
  3021     067E  07A9               	addwf	___xxtofl@exp^(0+128),f
  3022     067F  3001               	movlw	1
  3023     0680                     u3395:
  3024     0680  36AD               	lsrf	(___xxtofl@arg+3)^(0+128),f
  3025     0681  0CAC               	rrf	(___xxtofl@arg+2)^(0+128),f
  3026     0682  0CAB               	rrf	(___xxtofl@arg+1)^(0+128),f
  3027     0683  0CAA               	rrf	___xxtofl@arg^(0+128),f
  3028     0684  0B89               	decfsz	9,f
  3029     0685  2E80               	goto	u3395
  3030     0686                     l3039:
  3031     0686  30FE               	movlw	254
  3032     0687  052D               	andwf	(___xxtofl@arg+3)^(0+128),w
  3033     0688  1D03               	btfss	3,2
  3034     0689  2E8B               	goto	u3401
  3035     068A  2E8C               	goto	u3400
  3036     068B                     u3401:
  3037     068B  2E7B               	goto	l3037
  3038     068C                     u3400:
  3039     068C  2EA0               	goto	l1012
  3040     068D                     l3041:
  3041     068D  3001               	movlw	1
  3042     068E  00A4               	movwf	??___xxtofl^(0+128)
  3043     068F  0824               	movf	??___xxtofl^(0+128),w
  3044     0690  07A9               	addwf	___xxtofl@exp^(0+128),f
  3045     0691                     l3043:
  3046     0691  3001               	movlw	1
  3047     0692  07AA               	addwf	___xxtofl@arg^(0+128),f
  3048     0693  3000               	movlw	0
  3049     0694  3DAB               	addwfc	(___xxtofl@arg+1)^(0+128),f
  3050     0695  3000               	movlw	0
  3051     0696  3DAC               	addwfc	(___xxtofl@arg+2)^(0+128),f
  3052     0697  3000               	movlw	0
  3053     0698  3DAD               	addwfc	(___xxtofl@arg+3)^(0+128),f
  3054     0699                     l3045:
  3055     0699  3001               	movlw	1
  3056     069A                     u3415:
  3057     069A  36AD               	lsrf	(___xxtofl@arg+3)^(0+128),f
  3058     069B  0CAC               	rrf	(___xxtofl@arg+2)^(0+128),f
  3059     069C  0CAB               	rrf	(___xxtofl@arg+1)^(0+128),f
  3060     069D  0CAA               	rrf	___xxtofl@arg^(0+128),f
  3061     069E  0B89               	decfsz	9,f
  3062     069F  2E9A               	goto	u3415
  3063     06A0                     l1012:
  3064     06A0  30FF               	movlw	255
  3065     06A1  052D               	andwf	(___xxtofl@arg+3)^(0+128),w
  3066     06A2  1D03               	btfss	3,2
  3067     06A3  2EA5               	goto	u3421
  3068     06A4  2EA6               	goto	u3420
  3069     06A5                     u3421:
  3070     06A5  2E8D               	goto	l3041
  3071     06A6                     u3420:
  3072     06A6  2EB0               	goto	l3049
  3073     06A7                     l3047:
  3074     06A7  3001               	movlw	1
  3075     06A8  02A9               	subwf	___xxtofl@exp^(0+128),f
  3076     06A9  3001               	movlw	1
  3077     06AA                     u3435:
  3078     06AA  35AA               	lslf	___xxtofl@arg^(0+128),f
  3079     06AB  0DAB               	rlf	(___xxtofl@arg+1)^(0+128),f
  3080     06AC  0DAC               	rlf	(___xxtofl@arg+2)^(0+128),f
  3081     06AD  0DAD               	rlf	(___xxtofl@arg+3)^(0+128),f
  3082     06AE  0B89               	decfsz	9,f
  3083     06AF  2EAA               	goto	u3435
  3084     06B0                     l3049:
  3085     06B0  1BAC               	btfsc	(___xxtofl@arg+2)^(0+128),7
  3086     06B1  2EB3               	goto	u3441
  3087     06B2  2EB4               	goto	u3440
  3088     06B3                     u3441:
  3089     06B3  2EBA               	goto	l1019
  3090     06B4                     u3440:
  3091     06B4                     l3051:
  3092     06B4  3002               	movlw	2
  3093     06B5  0229               	subwf	___xxtofl@exp^(0+128),w
  3094     06B6  1803               	skipnc
  3095     06B7  2EB9               	goto	u3451
  3096     06B8  2EBA               	goto	u3450
  3097     06B9                     u3451:
  3098     06B9  2EA7               	goto	l3047
  3099     06BA                     u3450:
  3100     06BA                     l1019:
  3101     06BA  1829               	btfsc	___xxtofl@exp^(0+128),0
  3102     06BB  2EBD               	goto	u3461
  3103     06BC  2EBE               	goto	u3460
  3104     06BD                     u3461:
  3105     06BD  2EC6               	goto	l1020
  3106     06BE                     u3460:
  3107     06BE                     l3053:
  3108     06BE  30FF               	movlw	255
  3109     06BF  05AA               	andwf	___xxtofl@arg^(0+128),f
  3110     06C0  30FF               	movlw	255
  3111     06C1  05AB               	andwf	(___xxtofl@arg+1)^(0+128),f
  3112     06C2  307F               	movlw	127
  3113     06C3  05AC               	andwf	(___xxtofl@arg+2)^(0+128),f
  3114     06C4  30FF               	movlw	255
  3115     06C5  05AD               	andwf	(___xxtofl@arg+3)^(0+128),f
  3116     06C6                     l1020:
  3117     06C6  1003               	clrc
  3118     06C7  0CA9               	rrf	___xxtofl@exp^(0+128),f
  3119     06C8                     l3055:
  3120     06C8  0829               	movf	___xxtofl@exp^(0+128),w
  3121     06C9  00A4               	movwf	??___xxtofl^(0+128)
  3122     06CA  01A5               	clrf	(??___xxtofl^(0+128)+1)
  3123     06CB  01A6               	clrf	(??___xxtofl^(0+128)+2)
  3124     06CC  01A7               	clrf	(??___xxtofl^(0+128)+3)
  3125     06CD  3018               	movlw	24
  3126     06CE                     u3475:
  3127     06CE  35A4               	lslf	??___xxtofl^(0+128),f
  3128     06CF  0DA5               	rlf	(??___xxtofl^(0+128)+1),f
  3129     06D0  0DA6               	rlf	(??___xxtofl^(0+128)+2),f
  3130     06D1  0DA7               	rlf	(??___xxtofl^(0+128)+3),f
  3131     06D2                     u3470:
  3132     06D2  0B89               	decfsz	9,f
  3133     06D3  2ECE               	goto	u3475
  3134     06D4  0824               	movf	??___xxtofl^(0+128),w
  3135     06D5  04AA               	iorwf	___xxtofl@arg^(0+128),f
  3136     06D6  0825               	movf	(??___xxtofl+1)^(0+128),w
  3137     06D7  04AB               	iorwf	(___xxtofl@arg+1)^(0+128),f
  3138     06D8  0826               	movf	(??___xxtofl+2)^(0+128),w
  3139     06D9  04AC               	iorwf	(___xxtofl@arg+2)^(0+128),f
  3140     06DA  0827               	movf	(??___xxtofl+3)^(0+128),w
  3141     06DB  04AD               	iorwf	(___xxtofl@arg+3)^(0+128),f
  3142     06DC                     l3057:
  3143     06DC  0828               	movf	___xxtofl@sign^(0+128),w
  3144     06DD  1903               	btfsc	3,2
  3145     06DE  2EE0               	goto	u3481
  3146     06DF  2EE1               	goto	u3480
  3147     06E0                     u3481:
  3148     06E0  2EE6               	goto	l3063
  3149     06E1                     u3480:
  3150     06E1                     l3059:
  3151     06E1  1FA3               	btfss	(___xxtofl@val+3)^(0+128),7
  3152     06E2  2EE4               	goto	u3491
  3153     06E3  2EE5               	goto	u3490
  3154     06E4                     u3491:
  3155     06E4  2EE6               	goto	l3063
  3156     06E5                     u3490:
  3157     06E5                     l3061:
  3158     06E5  17AD               	bsf	(___xxtofl@arg^(0+128)+3),7
  3159     06E6                     l3063:
  3160     06E6  082D               	movf	(___xxtofl@arg+3)^(0+128),w
  3161     06E7  00A3               	movwf	(?___xxtofl+3)^(0+128)
  3162     06E8  082C               	movf	(___xxtofl@arg+2)^(0+128),w
  3163     06E9  00A2               	movwf	(?___xxtofl+2)^(0+128)
  3164     06EA  082B               	movf	(___xxtofl@arg+1)^(0+128),w
  3165     06EB  00A1               	movwf	(?___xxtofl+1)^(0+128)
  3166     06EC  082A               	movf	___xxtofl@arg^(0+128),w
  3167     06ED  00A0               	movwf	?___xxtofl^(0+128)
  3168     06EE                     l1008:
  3169     06EE  0008               	return
  3170     06EF                     __end_of___xxtofl:
  3171                           
  3172                           	psect	text3
  3173     0F8F                     __ptext3:	
  3174 ;; *************** function ___fltol *****************
  3175 ;; Defined at:
  3176 ;;		line 43 in file "C:\Program Files\Microchip\xc8\v2.46\pic\sources\c99\common\fltol.c"
  3177 ;; Parameters:    Size  Location     Type
  3178 ;;  f1              4   66[BANK1 ] unsigned char 
  3179 ;; Auto vars:     Size  Location     Type
  3180 ;;  exp1            1   75[BANK1 ] unsigned char 
  3181 ;;  sign1           1   74[BANK1 ] unsigned char 
  3182 ;; Return value:  Size  Location     Type
  3183 ;;                  4   66[BANK1 ] long 
  3184 ;; Registers used:
  3185 ;;		wreg, status,2, status,0
  3186 ;; Tracked objects:
  3187 ;;		On entry : 0/0
  3188 ;;		On exit  : 0/0
  3189 ;;		Unchanged: 0/0
  3190 ;; Data sizes:     COMMON   BANK0   BANK1   BANK2   BANK3   BANK4
  3191 ;;      Params:         0       0       4       0       0       0
  3192 ;;      Locals:         0       0       2       0       0       0
  3193 ;;      Temps:          0       0       4       0       0       0
  3194 ;;      Totals:         0       0      10       0       0       0
  3195 ;;Total ram usage:       10 bytes
  3196 ;; Hardware stack levels used: 1
  3197 ;; Hardware stack levels required when called: 6
  3198 ;; This function calls:
  3199 ;;		Nothing
  3200 ;; This function is called by:
  3201 ;;		_Trigger_and_Echo
  3202 ;; This function uses a non-reentrant model
  3203 ;;
  3204                           
  3205     0F8F                     ___fltol:	
  3206                           ;psect for function ___fltol
  3207                           
  3208     0F8F                     l2323:	
  3209                           ;incstack = 0
  3210                           ; Regs used in ___fltol: [wreg+status,2+status,0]
  3211                           
  3212     0F8F  1003               	clrc
  3213     0F90  0021               	movlb	1	; select bank1
  3214     0F91  0D64               	rlf	(___fltol@f1+2)^(0+128),w
  3215     0F92  0D65               	rlf	(___fltol@f1+3)^(0+128),w
  3216     0F93  00EB               	movwf	___fltol@exp1^(0+128)
  3217     0F94  086B               	movf	___fltol@exp1^(0+128),w
  3218     0F95  1D03               	btfss	3,2
  3219     0F96  2F98               	goto	u2151
  3220     0F97  2F99               	goto	u2150
  3221     0F98                     u2151:
  3222     0F98  2FA2               	goto	l2329
  3223     0F99                     u2150:
  3224     0F99                     l2325:
  3225     0F99  3000               	movlw	0
  3226     0F9A  00E5               	movwf	(?___fltol+3)^(0+128)
  3227     0F9B  3000               	movlw	0
  3228     0F9C  00E4               	movwf	(?___fltol+2)^(0+128)
  3229     0F9D  3000               	movlw	0
  3230     0F9E  00E3               	movwf	(?___fltol+1)^(0+128)
  3231     0F9F  3000               	movlw	0
  3232     0FA0  00E2               	movwf	?___fltol^(0+128)
  3233     0FA1  2FFF               	goto	l759
  3234     0FA2                     l2329:
  3235     0FA2  0862               	movf	___fltol@f1^(0+128),w
  3236     0FA3  00E6               	movwf	??___fltol^(0+128)
  3237     0FA4  0863               	movf	(___fltol@f1+1)^(0+128),w
  3238     0FA5  00E7               	movwf	(??___fltol^(0+128)+1)
  3239     0FA6  0864               	movf	(___fltol@f1+2)^(0+128),w
  3240     0FA7  00E8               	movwf	(??___fltol^(0+128)+2)
  3241     0FA8  0865               	movf	(___fltol@f1+3)^(0+128),w
  3242     0FA9  00E9               	movwf	(??___fltol^(0+128)+3)
  3243     0FAA  301F               	movlw	31
  3244     0FAB                     u2165:
  3245     0FAB  36E9               	lsrf	(??___fltol^(0+128)+3),f
  3246     0FAC  0CE8               	rrf	(??___fltol^(0+128)+2),f
  3247     0FAD  0CE7               	rrf	(??___fltol^(0+128)+1),f
  3248     0FAE  0CE6               	rrf	??___fltol^(0+128),f
  3249     0FAF                     u2160:
  3250     0FAF  0B89               	decfsz	9,f
  3251     0FB0  2FAB               	goto	u2165
  3252     0FB1  0866               	movf	??___fltol^(0+128),w
  3253     0FB2  00EA               	movwf	___fltol@sign1^(0+128)
  3254     0FB3                     l2331:
  3255     0FB3  17E4               	bsf	(___fltol@f1^(0+128)+2),7
  3256     0FB4                     l2333:
  3257     0FB4  30FF               	movlw	255
  3258     0FB5  05E2               	andwf	___fltol@f1^(0+128),f
  3259     0FB6  30FF               	movlw	255
  3260     0FB7  05E3               	andwf	(___fltol@f1+1)^(0+128),f
  3261     0FB8  30FF               	movlw	255
  3262     0FB9  05E4               	andwf	(___fltol@f1+2)^(0+128),f
  3263     0FBA  3000               	movlw	0
  3264     0FBB  05E5               	andwf	(___fltol@f1+3)^(0+128),f
  3265     0FBC                     l2335:
  3266     0FBC  3096               	movlw	150
  3267     0FBD  02EB               	subwf	___fltol@exp1^(0+128),f
  3268     0FBE                     l2337:
  3269     0FBE  1FEB               	btfss	___fltol@exp1^(0+128),7
  3270     0FBF  2FC1               	goto	u2171
  3271     0FC0  2FC2               	goto	u2170
  3272     0FC1                     u2171:
  3273     0FC1  2FDA               	goto	l2347
  3274     0FC2                     u2170:
  3275     0FC2                     l2339:
  3276     0FC2  086B               	movf	___fltol@exp1^(0+128),w
  3277     0FC3  3A80               	xorlw	128
  3278     0FC4  3E97               	addlw	151
  3279     0FC5  1803               	skipnc
  3280     0FC6  2FC8               	goto	u2181
  3281     0FC7  2FC9               	goto	u2180
  3282     0FC8                     u2181:
  3283     0FC8  2FCA               	goto	l2345
  3284     0FC9                     u2180:
  3285     0FC9  2F99               	goto	l2325
  3286     0FCA                     l2345:
  3287     0FCA  3001               	movlw	1
  3288     0FCB                     u2195:
  3289     0FCB  36E5               	lsrf	(___fltol@f1+3)^(0+128),f
  3290     0FCC  0CE4               	rrf	(___fltol@f1+2)^(0+128),f
  3291     0FCD  0CE3               	rrf	(___fltol@f1+1)^(0+128),f
  3292     0FCE  0CE2               	rrf	___fltol@f1^(0+128),f
  3293     0FCF  0B89               	decfsz	9,f
  3294     0FD0  2FCB               	goto	u2195
  3295     0FD1  3001               	movlw	1
  3296     0FD2  00E6               	movwf	??___fltol^(0+128)
  3297     0FD3  0866               	movf	??___fltol^(0+128),w
  3298     0FD4  07EB               	addwf	___fltol@exp1^(0+128),f
  3299     0FD5  1D03               	btfss	3,2
  3300     0FD6  2FD8               	goto	u2201
  3301     0FD7  2FD9               	goto	u2200
  3302     0FD8                     u2201:
  3303     0FD8  2FCA               	goto	l2345
  3304     0FD9                     u2200:
  3305     0FD9  2FEF               	goto	l2355
  3306     0FDA                     l2347:
  3307     0FDA  3020               	movlw	32
  3308     0FDB  026B               	subwf	___fltol@exp1^(0+128),w
  3309     0FDC  1C03               	skipc
  3310     0FDD  2FDF               	goto	u2211
  3311     0FDE  2FE0               	goto	u2210
  3312     0FDF                     u2211:
  3313     0FDF  2FEA               	goto	l766
  3314     0FE0                     u2210:
  3315     0FE0  2F99               	goto	l2325
  3316     0FE1                     l2353:
  3317     0FE1  3001               	movlw	1
  3318     0FE2                     u2225:
  3319     0FE2  35E2               	lslf	___fltol@f1^(0+128),f
  3320     0FE3  0DE3               	rlf	(___fltol@f1+1)^(0+128),f
  3321     0FE4  0DE4               	rlf	(___fltol@f1+2)^(0+128),f
  3322     0FE5  0DE5               	rlf	(___fltol@f1+3)^(0+128),f
  3323     0FE6  0B89               	decfsz	9,f
  3324     0FE7  2FE2               	goto	u2225
  3325     0FE8  3001               	movlw	1
  3326     0FE9  02EB               	subwf	___fltol@exp1^(0+128),f
  3327     0FEA                     l766:
  3328     0FEA  086B               	movf	___fltol@exp1^(0+128),w
  3329     0FEB  1D03               	btfss	3,2
  3330     0FEC  2FEE               	goto	u2231
  3331     0FED  2FEF               	goto	u2230
  3332     0FEE                     u2231:
  3333     0FEE  2FE1               	goto	l2353
  3334     0FEF                     u2230:
  3335     0FEF                     l2355:
  3336     0FEF  086A               	movf	___fltol@sign1^(0+128),w
  3337     0FF0  1903               	btfsc	3,2
  3338     0FF1  2FF3               	goto	u2241
  3339     0FF2  2FF4               	goto	u2240
  3340     0FF3                     u2241:
  3341     0FF3  2FFF               	goto	l769
  3342     0FF4                     u2240:
  3343     0FF4                     l2357:
  3344     0FF4  09E2               	comf	___fltol@f1^(0+128),f
  3345     0FF5  09E3               	comf	(___fltol@f1+1)^(0+128),f
  3346     0FF6  09E4               	comf	(___fltol@f1+2)^(0+128),f
  3347     0FF7  09E5               	comf	(___fltol@f1+3)^(0+128),f
  3348     0FF8  0AE2               	incf	___fltol@f1^(0+128),f
  3349     0FF9  1903               	skipnz
  3350     0FFA  0AE3               	incf	(___fltol@f1+1)^(0+128),f
  3351     0FFB  1903               	skipnz
  3352     0FFC  0AE4               	incf	(___fltol@f1+2)^(0+128),f
  3353     0FFD  1903               	skipnz
  3354     0FFE  0AE5               	incf	(___fltol@f1+3)^(0+128),f
  3355     0FFF                     l769:
  3356     0FFF                     l759:
  3357     0FFF  0008               	return
  3358     1000                     __end_of___fltol:
  3359                           
  3360                           	psect	text4
  3361     0024                     __ptext4:	
  3362 ;; *************** function ___flmul *****************
  3363 ;; Defined at:
  3364 ;;		line 8 in file "C:\Program Files\Microchip\xc8\v2.46\pic\sources\c99\common\sprcmul.c"
  3365 ;; Parameters:    Size  Location     Type
  3366 ;;  b               4   14[BANK1 ] long 
  3367 ;;  a               4   18[BANK1 ] long 
  3368 ;; Auto vars:     Size  Location     Type
  3369 ;;  prod            4   34[BANK1 ] struct .
  3370 ;;  grs             4   29[BANK1 ] unsigned long 
  3371 ;;  temp            2   38[BANK1 ] struct .
  3372 ;;  bexp            1   33[BANK1 ] unsigned char 
  3373 ;;  aexp            1   28[BANK1 ] unsigned char 
  3374 ;;  sign            1   27[BANK1 ] unsigned char 
  3375 ;; Return value:  Size  Location     Type
  3376 ;;                  4   14[BANK1 ] unsigned char 
  3377 ;; Registers used:
  3378 ;;		wreg, status,2, status,0, pclath, cstack
  3379 ;; Tracked objects:
  3380 ;;		On entry : 0/0
  3381 ;;		On exit  : 0/0
  3382 ;;		Unchanged: 0/0
  3383 ;; Data sizes:     COMMON   BANK0   BANK1   BANK2   BANK3   BANK4
  3384 ;;      Params:         0       0       8       0       0       0
  3385 ;;      Locals:         0       0      13       0       0       0
  3386 ;;      Temps:          0       0       5       0       0       0
  3387 ;;      Totals:         0       0      26       0       0       0
  3388 ;;Total ram usage:       26 bytes
  3389 ;; Hardware stack levels used: 1
  3390 ;; Hardware stack levels required when called: 7
  3391 ;; This function calls:
  3392 ;;		__Umul8_16
  3393 ;; This function is called by:
  3394 ;;		_Trigger_and_Echo
  3395 ;; This function uses a non-reentrant model
  3396 ;;
  3397                           
  3398     0024                     ___flmul:	
  3399                           ;psect for function ___flmul
  3400                           
  3401     0024                     l2883:	
  3402                           ;incstack = 0
  3403                           ; Regs used in ___flmul: [wreg+status,2+status,0+pclath+cstack]
  3404                           
  3405     0024  0021               	movlb	1	; select bank1
  3406     0025  0831               	movf	(___flmul@b^(0+128)+3),w
  3407     0026  3980               	andlw	128
  3408     0027  00BB               	movwf	___flmul@sign^(0+128)
  3409     0028                     l2885:
  3410     0028  3531               	lslf	(___flmul@b^(0+128)+3),w
  3411     0029  00C1               	movwf	___flmul@bexp^(0+128)
  3412     002A                     l2887:
  3413     002A  1FB0               	btfss	(___flmul@b^(0+128)+2),7
  3414     002B  282D               	goto	u3101
  3415     002C  282E               	goto	u3100
  3416     002D                     u3101:
  3417     002D  282F               	goto	l2891
  3418     002E                     u3100:
  3419     002E                     l2889:
  3420     002E  1441               	bsf	___flmul@bexp^(0+128),0
  3421     002F                     l2891:
  3422     002F  0841               	movf	___flmul@bexp^(0+128),w
  3423     0030  1903               	btfsc	3,2
  3424     0031  2833               	goto	u3111
  3425     0032  2834               	goto	u3110
  3426     0033                     u3111:
  3427     0033  2843               	goto	l2899
  3428     0034                     u3110:
  3429     0034                     l2893:
  3430     0034  0A41               	incf	___flmul@bexp^(0+128),w
  3431     0035  1D03               	btfss	3,2
  3432     0036  2838               	goto	u3121
  3433     0037  2839               	goto	u3120
  3434     0038                     u3121:
  3435     0038  2841               	goto	l2897
  3436     0039                     u3120:
  3437     0039                     l2895:
  3438     0039  3000               	movlw	0
  3439     003A  00B1               	movwf	(___flmul@b+3)^(0+128)
  3440     003B  3000               	movlw	0
  3441     003C  00B0               	movwf	(___flmul@b+2)^(0+128)
  3442     003D  3000               	movlw	0
  3443     003E  00AF               	movwf	(___flmul@b+1)^(0+128)
  3444     003F  3000               	movlw	0
  3445     0040  00AE               	movwf	___flmul@b^(0+128)
  3446     0041                     l2897:
  3447     0041  17B0               	bsf	(___flmul@b^(0+128)+2),7
  3448     0042  284B               	goto	l2901
  3449     0043                     l2899:
  3450     0043  3000               	movlw	0
  3451     0044  00B1               	movwf	(___flmul@b+3)^(0+128)
  3452     0045  3000               	movlw	0
  3453     0046  00B0               	movwf	(___flmul@b+2)^(0+128)
  3454     0047  3000               	movlw	0
  3455     0048  00AF               	movwf	(___flmul@b+1)^(0+128)
  3456     0049  3000               	movlw	0
  3457     004A  00AE               	movwf	___flmul@b^(0+128)
  3458     004B                     l2901:
  3459     004B  0835               	movf	(___flmul@a^(0+128)+3),w
  3460     004C  3980               	andlw	128
  3461     004D  00B6               	movwf	??___flmul^(0+128)
  3462     004E  0836               	movf	??___flmul^(0+128),w
  3463     004F  06BB               	xorwf	___flmul@sign^(0+128),f
  3464     0050                     l2903:
  3465     0050  3535               	lslf	(___flmul@a^(0+128)+3),w
  3466     0051  00BC               	movwf	___flmul@aexp^(0+128)
  3467     0052                     l2905:
  3468     0052  1FB4               	btfss	(___flmul@a^(0+128)+2),7
  3469     0053  2855               	goto	u3131
  3470     0054  2856               	goto	u3130
  3471     0055                     u3131:
  3472     0055  2857               	goto	l2909
  3473     0056                     u3130:
  3474     0056                     l2907:
  3475     0056  143C               	bsf	___flmul@aexp^(0+128),0
  3476     0057                     l2909:
  3477     0057  083C               	movf	___flmul@aexp^(0+128),w
  3478     0058  1903               	btfsc	3,2
  3479     0059  285B               	goto	u3141
  3480     005A  285C               	goto	u3140
  3481     005B                     u3141:
  3482     005B  286B               	goto	l2917
  3483     005C                     u3140:
  3484     005C                     l2911:
  3485     005C  0A3C               	incf	___flmul@aexp^(0+128),w
  3486     005D  1D03               	btfss	3,2
  3487     005E  2860               	goto	u3151
  3488     005F  2861               	goto	u3150
  3489     0060                     u3151:
  3490     0060  2869               	goto	l2915
  3491     0061                     u3150:
  3492     0061                     l2913:
  3493     0061  3000               	movlw	0
  3494     0062  00B5               	movwf	(___flmul@a+3)^(0+128)
  3495     0063  3000               	movlw	0
  3496     0064  00B4               	movwf	(___flmul@a+2)^(0+128)
  3497     0065  3000               	movlw	0
  3498     0066  00B3               	movwf	(___flmul@a+1)^(0+128)
  3499     0067  3000               	movlw	0
  3500     0068  00B2               	movwf	___flmul@a^(0+128)
  3501     0069                     l2915:
  3502     0069  17B4               	bsf	(___flmul@a^(0+128)+2),7
  3503     006A  2873               	goto	l2919
  3504     006B                     l2917:
  3505     006B  3000               	movlw	0
  3506     006C  00B5               	movwf	(___flmul@a+3)^(0+128)
  3507     006D  3000               	movlw	0
  3508     006E  00B4               	movwf	(___flmul@a+2)^(0+128)
  3509     006F  3000               	movlw	0
  3510     0070  00B3               	movwf	(___flmul@a+1)^(0+128)
  3511     0071  3000               	movlw	0
  3512     0072  00B2               	movwf	___flmul@a^(0+128)
  3513     0073                     l2919:
  3514     0073  083C               	movf	___flmul@aexp^(0+128),w
  3515     0074  1903               	btfsc	3,2
  3516     0075  2877               	goto	u3161
  3517     0076  2878               	goto	u3160
  3518     0077                     u3161:
  3519     0077  287D               	goto	l2923
  3520     0078                     u3160:
  3521     0078                     l2921:
  3522     0078  0841               	movf	___flmul@bexp^(0+128),w
  3523     0079  1D03               	btfss	3,2
  3524     007A  287C               	goto	u3171
  3525     007B  287D               	goto	u3170
  3526     007C                     u3171:
  3527     007C  2886               	goto	l2927
  3528     007D                     u3170:
  3529     007D                     l2923:
  3530     007D  3000               	movlw	0
  3531     007E  00B1               	movwf	(?___flmul+3)^(0+128)
  3532     007F  3000               	movlw	0
  3533     0080  00B0               	movwf	(?___flmul+2)^(0+128)
  3534     0081  3000               	movlw	0
  3535     0082  00AF               	movwf	(?___flmul+1)^(0+128)
  3536     0083  3000               	movlw	0
  3537     0084  00AE               	movwf	?___flmul^(0+128)
  3538     0085  2A5E               	goto	l962
  3539     0086                     l2927:
  3540     0086  082E               	movf	___flmul@b^(0+128),w
  3541     0087  00A0               	movwf	__Umul8_16@multiplicand^(0+128)
  3542     0088  0834               	movf	(___flmul@a^(0+128)+2),w
  3543     0089  318E  2624  3180   	fcall	__Umul8_16
  3544     008C  0021               	movlb	1	; select bank1
  3545     008D  0821               	movf	(?__Umul8_16+1)^(0+128),w
  3546     008E  00C7               	movwf	(___flmul@temp+1)^(0+128)
  3547     008F  0820               	movf	?__Umul8_16^(0+128),w
  3548     0090  00C6               	movwf	___flmul@temp^(0+128)
  3549     0091                     l2929:
  3550     0091  0846               	movf	___flmul@temp^(0+128),w
  3551     0092  00B6               	movwf	??___flmul^(0+128)
  3552     0093  01B7               	clrf	(??___flmul^(0+128)+1)
  3553     0094  01B8               	clrf	(??___flmul^(0+128)+2)
  3554     0095  01B9               	clrf	(??___flmul^(0+128)+3)
  3555     0096  0839               	movf	(??___flmul+3)^(0+128),w
  3556     0097  00C0               	movwf	(___flmul@grs+3)^(0+128)
  3557     0098  0838               	movf	(??___flmul+2)^(0+128),w
  3558     0099  00BF               	movwf	(___flmul@grs+2)^(0+128)
  3559     009A  0837               	movf	(??___flmul+1)^(0+128),w
  3560     009B  00BE               	movwf	(___flmul@grs+1)^(0+128)
  3561     009C  0836               	movf	??___flmul^(0+128),w
  3562     009D  00BD               	movwf	___flmul@grs^(0+128)
  3563     009E                     l2931:
  3564     009E  0847               	movf	(___flmul@temp^(0+128)+1),w
  3565     009F  00B6               	movwf	??___flmul^(0+128)
  3566     00A0  01B7               	clrf	(??___flmul^(0+128)+1)
  3567     00A1  01B8               	clrf	(??___flmul^(0+128)+2)
  3568     00A2  01B9               	clrf	(??___flmul^(0+128)+3)
  3569     00A3  0839               	movf	(??___flmul+3)^(0+128),w
  3570     00A4  00C5               	movwf	(___flmul@prod+3)^(0+128)
  3571     00A5  0838               	movf	(??___flmul+2)^(0+128),w
  3572     00A6  00C4               	movwf	(___flmul@prod+2)^(0+128)
  3573     00A7  0837               	movf	(??___flmul+1)^(0+128),w
  3574     00A8  00C3               	movwf	(___flmul@prod+1)^(0+128)
  3575     00A9  0836               	movf	??___flmul^(0+128),w
  3576     00AA  00C2               	movwf	___flmul@prod^(0+128)
  3577     00AB  082F               	movf	(___flmul@b^(0+128)+1),w
  3578     00AC  00A0               	movwf	__Umul8_16@multiplicand^(0+128)
  3579     00AD  0833               	movf	(___flmul@a^(0+128)+1),w
  3580     00AE  318E  2624  3180   	fcall	__Umul8_16
  3581     00B1  0021               	movlb	1	; select bank1
  3582     00B2  0821               	movf	(?__Umul8_16+1)^(0+128),w
  3583     00B3  00C7               	movwf	(___flmul@temp+1)^(0+128)
  3584     00B4  0820               	movf	?__Umul8_16^(0+128),w
  3585     00B5  00C6               	movwf	___flmul@temp^(0+128)
  3586     00B6                     l2933:
  3587     00B6  0846               	movf	___flmul@temp^(0+128),w
  3588     00B7  00B6               	movwf	??___flmul^(0+128)
  3589     00B8  01B7               	clrf	(??___flmul^(0+128)+1)
  3590     00B9  01B8               	clrf	(??___flmul^(0+128)+2)
  3591     00BA  01B9               	clrf	(??___flmul^(0+128)+3)
  3592     00BB  0836               	movf	??___flmul^(0+128),w
  3593     00BC  07BD               	addwf	___flmul@grs^(0+128),f
  3594     00BD  0837               	movf	(??___flmul+1)^(0+128),w
  3595     00BE  3DBE               	addwfc	(___flmul@grs+1)^(0+128),f
  3596     00BF  0838               	movf	(??___flmul+2)^(0+128),w
  3597     00C0  3DBF               	addwfc	(___flmul@grs+2)^(0+128),f
  3598     00C1  0839               	movf	(??___flmul+3)^(0+128),w
  3599     00C2  3DC0               	addwfc	(___flmul@grs+3)^(0+128),f
  3600     00C3                     l2935:
  3601     00C3  0847               	movf	(___flmul@temp^(0+128)+1),w
  3602     00C4  00B6               	movwf	??___flmul^(0+128)
  3603     00C5  01B7               	clrf	(??___flmul^(0+128)+1)
  3604     00C6  01B8               	clrf	(??___flmul^(0+128)+2)
  3605     00C7  01B9               	clrf	(??___flmul^(0+128)+3)
  3606     00C8  0836               	movf	??___flmul^(0+128),w
  3607     00C9  07C2               	addwf	___flmul@prod^(0+128),f
  3608     00CA  0837               	movf	(??___flmul+1)^(0+128),w
  3609     00CB  3DC3               	addwfc	(___flmul@prod+1)^(0+128),f
  3610     00CC  0838               	movf	(??___flmul+2)^(0+128),w
  3611     00CD  3DC4               	addwfc	(___flmul@prod+2)^(0+128),f
  3612     00CE  0839               	movf	(??___flmul+3)^(0+128),w
  3613     00CF  3DC5               	addwfc	(___flmul@prod+3)^(0+128),f
  3614     00D0  0830               	movf	(___flmul@b^(0+128)+2),w
  3615     00D1  00A0               	movwf	__Umul8_16@multiplicand^(0+128)
  3616     00D2  0832               	movf	___flmul@a^(0+128),w
  3617     00D3  318E  2624  3180   	fcall	__Umul8_16
  3618     00D6  0021               	movlb	1	; select bank1
  3619     00D7  0821               	movf	(?__Umul8_16+1)^(0+128),w
  3620     00D8  00C7               	movwf	(___flmul@temp+1)^(0+128)
  3621     00D9  0820               	movf	?__Umul8_16^(0+128),w
  3622     00DA  00C6               	movwf	___flmul@temp^(0+128)
  3623     00DB                     l2937:
  3624     00DB  0846               	movf	___flmul@temp^(0+128),w
  3625     00DC  00B6               	movwf	??___flmul^(0+128)
  3626     00DD  01B7               	clrf	(??___flmul^(0+128)+1)
  3627     00DE  01B8               	clrf	(??___flmul^(0+128)+2)
  3628     00DF  01B9               	clrf	(??___flmul^(0+128)+3)
  3629     00E0  0836               	movf	??___flmul^(0+128),w
  3630     00E1  07BD               	addwf	___flmul@grs^(0+128),f
  3631     00E2  0837               	movf	(??___flmul+1)^(0+128),w
  3632     00E3  3DBE               	addwfc	(___flmul@grs+1)^(0+128),f
  3633     00E4  0838               	movf	(??___flmul+2)^(0+128),w
  3634     00E5  3DBF               	addwfc	(___flmul@grs+2)^(0+128),f
  3635     00E6  0839               	movf	(??___flmul+3)^(0+128),w
  3636     00E7  3DC0               	addwfc	(___flmul@grs+3)^(0+128),f
  3637     00E8                     l2939:
  3638     00E8  0847               	movf	(___flmul@temp^(0+128)+1),w
  3639     00E9  00B6               	movwf	??___flmul^(0+128)
  3640     00EA  01B7               	clrf	(??___flmul^(0+128)+1)
  3641     00EB  01B8               	clrf	(??___flmul^(0+128)+2)
  3642     00EC  01B9               	clrf	(??___flmul^(0+128)+3)
  3643     00ED  0836               	movf	??___flmul^(0+128),w
  3644     00EE  07C2               	addwf	___flmul@prod^(0+128),f
  3645     00EF  0837               	movf	(??___flmul+1)^(0+128),w
  3646     00F0  3DC3               	addwfc	(___flmul@prod+1)^(0+128),f
  3647     00F1  0838               	movf	(??___flmul+2)^(0+128),w
  3648     00F2  3DC4               	addwfc	(___flmul@prod+2)^(0+128),f
  3649     00F3  0839               	movf	(??___flmul+3)^(0+128),w
  3650     00F4  3DC5               	addwfc	(___flmul@prod+3)^(0+128),f
  3651     00F5                     l2941:
  3652     00F5  3008               	movlw	8
  3653     00F6                     u3185:
  3654     00F6  35BD               	lslf	___flmul@grs^(0+128),f
  3655     00F7  0DBE               	rlf	(___flmul@grs+1)^(0+128),f
  3656     00F8  0DBF               	rlf	(___flmul@grs+2)^(0+128),f
  3657     00F9  0DC0               	rlf	(___flmul@grs+3)^(0+128),f
  3658     00FA  0B89               	decfsz	9,f
  3659     00FB  28F6               	goto	u3185
  3660     00FC                     l2943:
  3661     00FC  082F               	movf	(___flmul@b^(0+128)+1),w
  3662     00FD  00A0               	movwf	__Umul8_16@multiplicand^(0+128)
  3663     00FE  0832               	movf	___flmul@a^(0+128),w
  3664     00FF  318E  2624  3180   	fcall	__Umul8_16
  3665     0102  0021               	movlb	1	; select bank1
  3666     0103  0821               	movf	(?__Umul8_16+1)^(0+128),w
  3667     0104  00C7               	movwf	(___flmul@temp+1)^(0+128)
  3668     0105  0820               	movf	?__Umul8_16^(0+128),w
  3669     0106  00C6               	movwf	___flmul@temp^(0+128)
  3670     0107                     l2945:
  3671     0107  0846               	movf	___flmul@temp^(0+128),w
  3672     0108  07BD               	addwf	___flmul@grs^(0+128),f
  3673     0109  0847               	movf	(___flmul@temp+1)^(0+128),w
  3674     010A  3DBE               	addwfc	(___flmul@grs+1)^(0+128),f
  3675     010B  3000               	movlw	0
  3676     010C  3DBF               	addwfc	(___flmul@grs+2)^(0+128),f
  3677     010D  3DC0               	addwfc	(___flmul@grs+3)^(0+128),f
  3678     010E                     l2947:
  3679     010E  082E               	movf	___flmul@b^(0+128),w
  3680     010F  00A0               	movwf	__Umul8_16@multiplicand^(0+128)
  3681     0110  0833               	movf	(___flmul@a^(0+128)+1),w
  3682     0111  318E  2624  3180   	fcall	__Umul8_16
  3683     0114  0021               	movlb	1	; select bank1
  3684     0115  0821               	movf	(?__Umul8_16+1)^(0+128),w
  3685     0116  00C7               	movwf	(___flmul@temp+1)^(0+128)
  3686     0117  0820               	movf	?__Umul8_16^(0+128),w
  3687     0118  00C6               	movwf	___flmul@temp^(0+128)
  3688     0119                     l2949:
  3689     0119  0846               	movf	___flmul@temp^(0+128),w
  3690     011A  07BD               	addwf	___flmul@grs^(0+128),f
  3691     011B  0847               	movf	(___flmul@temp+1)^(0+128),w
  3692     011C  3DBE               	addwfc	(___flmul@grs+1)^(0+128),f
  3693     011D  3000               	movlw	0
  3694     011E  3DBF               	addwfc	(___flmul@grs+2)^(0+128),f
  3695     011F  3DC0               	addwfc	(___flmul@grs+3)^(0+128),f
  3696     0120                     l2951:
  3697     0120  3008               	movlw	8
  3698     0121                     u3195:
  3699     0121  35BD               	lslf	___flmul@grs^(0+128),f
  3700     0122  0DBE               	rlf	(___flmul@grs+1)^(0+128),f
  3701     0123  0DBF               	rlf	(___flmul@grs+2)^(0+128),f
  3702     0124  0DC0               	rlf	(___flmul@grs+3)^(0+128),f
  3703     0125  0B89               	decfsz	9,f
  3704     0126  2921               	goto	u3195
  3705     0127  082E               	movf	___flmul@b^(0+128),w
  3706     0128  00A0               	movwf	__Umul8_16@multiplicand^(0+128)
  3707     0129  0832               	movf	___flmul@a^(0+128),w
  3708     012A  318E  2624  3180   	fcall	__Umul8_16
  3709     012D  0021               	movlb	1	; select bank1
  3710     012E  0821               	movf	(?__Umul8_16+1)^(0+128),w
  3711     012F  00C7               	movwf	(___flmul@temp+1)^(0+128)
  3712     0130  0820               	movf	?__Umul8_16^(0+128),w
  3713     0131  00C6               	movwf	___flmul@temp^(0+128)
  3714     0132                     l2953:
  3715     0132  0846               	movf	___flmul@temp^(0+128),w
  3716     0133  07BD               	addwf	___flmul@grs^(0+128),f
  3717     0134  0847               	movf	(___flmul@temp+1)^(0+128),w
  3718     0135  3DBE               	addwfc	(___flmul@grs+1)^(0+128),f
  3719     0136  3000               	movlw	0
  3720     0137  3DBF               	addwfc	(___flmul@grs+2)^(0+128),f
  3721     0138  3DC0               	addwfc	(___flmul@grs+3)^(0+128),f
  3722     0139                     l2955:
  3723     0139  082F               	movf	(___flmul@b^(0+128)+1),w
  3724     013A  00A0               	movwf	__Umul8_16@multiplicand^(0+128)
  3725     013B  0834               	movf	(___flmul@a^(0+128)+2),w
  3726     013C  318E  2624  3180   	fcall	__Umul8_16
  3727     013F  0021               	movlb	1	; select bank1
  3728     0140  0821               	movf	(?__Umul8_16+1)^(0+128),w
  3729     0141  00C7               	movwf	(___flmul@temp+1)^(0+128)
  3730     0142  0820               	movf	?__Umul8_16^(0+128),w
  3731     0143  00C6               	movwf	___flmul@temp^(0+128)
  3732     0144  0846               	movf	___flmul@temp^(0+128),w
  3733     0145  07C2               	addwf	___flmul@prod^(0+128),f
  3734     0146  0847               	movf	(___flmul@temp+1)^(0+128),w
  3735     0147  3DC3               	addwfc	(___flmul@prod+1)^(0+128),f
  3736     0148  3000               	movlw	0
  3737     0149  3DC4               	addwfc	(___flmul@prod+2)^(0+128),f
  3738     014A  3DC5               	addwfc	(___flmul@prod+3)^(0+128),f
  3739     014B                     l2957:
  3740     014B  0830               	movf	(___flmul@b^(0+128)+2),w
  3741     014C  00A0               	movwf	__Umul8_16@multiplicand^(0+128)
  3742     014D  0833               	movf	(___flmul@a^(0+128)+1),w
  3743     014E  318E  2624  3180   	fcall	__Umul8_16
  3744     0151  0021               	movlb	1	; select bank1
  3745     0152  0821               	movf	(?__Umul8_16+1)^(0+128),w
  3746     0153  00C7               	movwf	(___flmul@temp+1)^(0+128)
  3747     0154  0820               	movf	?__Umul8_16^(0+128),w
  3748     0155  00C6               	movwf	___flmul@temp^(0+128)
  3749     0156                     l2959:
  3750     0156  0846               	movf	___flmul@temp^(0+128),w
  3751     0157  07C2               	addwf	___flmul@prod^(0+128),f
  3752     0158  0847               	movf	(___flmul@temp+1)^(0+128),w
  3753     0159  3DC3               	addwfc	(___flmul@prod+1)^(0+128),f
  3754     015A  3000               	movlw	0
  3755     015B  3DC4               	addwfc	(___flmul@prod+2)^(0+128),f
  3756     015C  3DC5               	addwfc	(___flmul@prod+3)^(0+128),f
  3757     015D  0830               	movf	(___flmul@b^(0+128)+2),w
  3758     015E  00A0               	movwf	__Umul8_16@multiplicand^(0+128)
  3759     015F  0834               	movf	(___flmul@a^(0+128)+2),w
  3760     0160  318E  2624  3180   	fcall	__Umul8_16
  3761     0163  0021               	movlb	1	; select bank1
  3762     0164  0821               	movf	(?__Umul8_16+1)^(0+128),w
  3763     0165  00C7               	movwf	(___flmul@temp+1)^(0+128)
  3764     0166  0820               	movf	?__Umul8_16^(0+128),w
  3765     0167  00C6               	movwf	___flmul@temp^(0+128)
  3766     0168                     l2961:
  3767     0168  0846               	movf	___flmul@temp^(0+128),w
  3768     0169  00B6               	movwf	??___flmul^(0+128)
  3769     016A  0847               	movf	(___flmul@temp+1)^(0+128),w
  3770     016B  00B7               	movwf	(??___flmul^(0+128)+1)
  3771     016C  01B8               	clrf	(??___flmul^(0+128)+2)
  3772     016D  01B9               	clrf	(??___flmul^(0+128)+3)
  3773     016E  3008               	movlw	8
  3774     016F                     u3205:
  3775     016F  35B6               	lslf	??___flmul^(0+128),f
  3776     0170  0DB7               	rlf	(??___flmul^(0+128)+1),f
  3777     0171  0DB8               	rlf	(??___flmul^(0+128)+2),f
  3778     0172  0DB9               	rlf	(??___flmul^(0+128)+3),f
  3779     0173                     u3200:
  3780     0173  0B89               	decfsz	9,f
  3781     0174  296F               	goto	u3205
  3782     0175  0836               	movf	??___flmul^(0+128),w
  3783     0176  07C2               	addwf	___flmul@prod^(0+128),f
  3784     0177  0837               	movf	(??___flmul+1)^(0+128),w
  3785     0178  3DC3               	addwfc	(___flmul@prod+1)^(0+128),f
  3786     0179  0838               	movf	(??___flmul+2)^(0+128),w
  3787     017A  3DC4               	addwfc	(___flmul@prod+2)^(0+128),f
  3788     017B  0839               	movf	(??___flmul+3)^(0+128),w
  3789     017C  3DC5               	addwfc	(___flmul@prod+3)^(0+128),f
  3790     017D                     l2963:
  3791     017D  083D               	movf	___flmul@grs^(0+128),w
  3792     017E  00B6               	movwf	??___flmul^(0+128)
  3793     017F  083E               	movf	(___flmul@grs+1)^(0+128),w
  3794     0180  00B7               	movwf	(??___flmul^(0+128)+1)
  3795     0181  083F               	movf	(___flmul@grs+2)^(0+128),w
  3796     0182  00B8               	movwf	(??___flmul^(0+128)+2)
  3797     0183  0840               	movf	(___flmul@grs+3)^(0+128),w
  3798     0184  00B9               	movwf	(??___flmul^(0+128)+3)
  3799     0185  3018               	movlw	24
  3800     0186                     u3215:
  3801     0186  36B9               	lsrf	(??___flmul^(0+128)+3),f
  3802     0187  0CB8               	rrf	(??___flmul^(0+128)+2),f
  3803     0188  0CB7               	rrf	(??___flmul^(0+128)+1),f
  3804     0189  0CB6               	rrf	??___flmul^(0+128),f
  3805     018A                     u3210:
  3806     018A  0B89               	decfsz	9,f
  3807     018B  2986               	goto	u3215
  3808     018C  0836               	movf	??___flmul^(0+128),w
  3809     018D  07C2               	addwf	___flmul@prod^(0+128),f
  3810     018E  0837               	movf	(??___flmul+1)^(0+128),w
  3811     018F  3DC3               	addwfc	(___flmul@prod+1)^(0+128),f
  3812     0190  0838               	movf	(??___flmul+2)^(0+128),w
  3813     0191  3DC4               	addwfc	(___flmul@prod+2)^(0+128),f
  3814     0192  0839               	movf	(??___flmul+3)^(0+128),w
  3815     0193  3DC5               	addwfc	(___flmul@prod+3)^(0+128),f
  3816     0194                     l2965:
  3817     0194  3008               	movlw	8
  3818     0195                     u3225:
  3819     0195  35BD               	lslf	___flmul@grs^(0+128),f
  3820     0196  0DBE               	rlf	(___flmul@grs+1)^(0+128),f
  3821     0197  0DBF               	rlf	(___flmul@grs+2)^(0+128),f
  3822     0198  0DC0               	rlf	(___flmul@grs+3)^(0+128),f
  3823     0199  0B89               	decfsz	9,f
  3824     019A  2995               	goto	u3225
  3825     019B                     l2967:
  3826     019B  0841               	movf	___flmul@bexp^(0+128),w
  3827     019C  073C               	addwf	___flmul@aexp^(0+128),w
  3828     019D  00B6               	movwf	??___flmul^(0+128)
  3829     019E  01B7               	clrf	(??___flmul^(0+128)+1)
  3830     019F  0DB7               	rlf	(??___flmul+1)^(0+128),f
  3831     01A0  0836               	movf	??___flmul^(0+128),w
  3832     01A1  3E82               	addlw	130
  3833     01A2  00C6               	movwf	___flmul@temp^(0+128)
  3834     01A3  30FF               	movlw	255
  3835     01A4  3D37               	addwfc	(??___flmul+1)^(0+128),w
  3836     01A5  00C7               	movwf	(___flmul@temp+1)^(0+128)
  3837     01A6  29BE               	goto	l2979
  3838     01A7                     l2969:
  3839     01A7  3001               	movlw	1
  3840     01A8                     u3235:
  3841     01A8  35C2               	lslf	___flmul@prod^(0+128),f
  3842     01A9  0DC3               	rlf	(___flmul@prod+1)^(0+128),f
  3843     01AA  0DC4               	rlf	(___flmul@prod+2)^(0+128),f
  3844     01AB  0DC5               	rlf	(___flmul@prod+3)^(0+128),f
  3845     01AC  0B89               	decfsz	9,f
  3846     01AD  29A8               	goto	u3235
  3847     01AE                     l2971:
  3848     01AE  1FC0               	btfss	(___flmul@grs+3)^(0+128),7
  3849     01AF  29B1               	goto	u3241
  3850     01B0  29B2               	goto	u3240
  3851     01B1                     u3241:
  3852     01B1  29B3               	goto	l2975
  3853     01B2                     u3240:
  3854     01B2                     l2973:
  3855     01B2  1442               	bsf	___flmul@prod^(0+128),0
  3856     01B3                     l2975:
  3857     01B3  3001               	movlw	1
  3858     01B4                     u3255:
  3859     01B4  35BD               	lslf	___flmul@grs^(0+128),f
  3860     01B5  0DBE               	rlf	(___flmul@grs+1)^(0+128),f
  3861     01B6  0DBF               	rlf	(___flmul@grs+2)^(0+128),f
  3862     01B7  0DC0               	rlf	(___flmul@grs+3)^(0+128),f
  3863     01B8  0B89               	decfsz	9,f
  3864     01B9  29B4               	goto	u3255
  3865     01BA                     l2977:
  3866     01BA  30FF               	movlw	255
  3867     01BB  07C6               	addwf	___flmul@temp^(0+128),f
  3868     01BC  30FF               	movlw	255
  3869     01BD  3DC7               	addwfc	(___flmul@temp+1)^(0+128),f
  3870     01BE                     l2979:
  3871     01BE  1FC4               	btfss	(___flmul@prod+2)^(0+128),7
  3872     01BF  29C1               	goto	u3261
  3873     01C0  29C2               	goto	u3260
  3874     01C1                     u3261:
  3875     01C1  29A7               	goto	l2969
  3876     01C2                     u3260:
  3877     01C2                     l2981:
  3878     01C2  01BC               	clrf	___flmul@aexp^(0+128)
  3879     01C3                     l2983:
  3880     01C3  1FC0               	btfss	(___flmul@grs+3)^(0+128),7
  3881     01C4  29C6               	goto	u3271
  3882     01C5  29C7               	goto	u3270
  3883     01C6                     u3271:
  3884     01C6  29E3               	goto	l2991
  3885     01C7                     u3270:
  3886     01C7                     l2985:
  3887     01C7  30FF               	movlw	255
  3888     01C8  053D               	andwf	___flmul@grs^(0+128),w
  3889     01C9  00B6               	movwf	??___flmul^(0+128)
  3890     01CA  30FF               	movlw	255
  3891     01CB  053E               	andwf	(___flmul@grs+1)^(0+128),w
  3892     01CC  00B7               	movwf	(??___flmul^(0+128)+1)
  3893     01CD  30FF               	movlw	255
  3894     01CE  053F               	andwf	(___flmul@grs+2)^(0+128),w
  3895     01CF  00B8               	movwf	(??___flmul^(0+128)+2)
  3896     01D0  307F               	movlw	127
  3897     01D1  0540               	andwf	(___flmul@grs+3)^(0+128),w
  3898     01D2  00B9               	movwf	(??___flmul^(0+128)+3)
  3899     01D3  0839               	movf	(??___flmul+3)^(0+128),w
  3900     01D4  0438               	iorwf	(??___flmul+2)^(0+128),w
  3901     01D5  0437               	iorwf	(??___flmul+1)^(0+128),w
  3902     01D6  0436               	iorwf	??___flmul^(0+128),w
  3903     01D7  1903               	skipnz
  3904     01D8  29DA               	goto	u3281
  3905     01D9  29DB               	goto	u3280
  3906     01DA                     u3281:
  3907     01DA  29DE               	goto	l968
  3908     01DB                     u3280:
  3909     01DB                     l2987:
  3910     01DB  01BC               	clrf	___flmul@aexp^(0+128)
  3911     01DC  0ABC               	incf	___flmul@aexp^(0+128),f
  3912     01DD  29E3               	goto	l2991
  3913     01DE                     l968:
  3914     01DE  1C42               	btfss	___flmul@prod^(0+128),0
  3915     01DF  29E1               	goto	u3291
  3916     01E0  29E2               	goto	u3290
  3917     01E1                     u3291:
  3918     01E1  29E3               	goto	l2991
  3919     01E2                     u3290:
  3920     01E2  29DB               	goto	l2987
  3921     01E3                     l2991:
  3922     01E3  083C               	movf	___flmul@aexp^(0+128),w
  3923     01E4  1903               	btfsc	3,2
  3924     01E5  29E7               	goto	u3301
  3925     01E6  29E8               	goto	u3300
  3926     01E7                     u3301:
  3927     01E7  2A10               	goto	l3001
  3928     01E8                     u3300:
  3929     01E8                     l2993:
  3930     01E8  3001               	movlw	1
  3931     01E9  07C2               	addwf	___flmul@prod^(0+128),f
  3932     01EA  3000               	movlw	0
  3933     01EB  3DC3               	addwfc	(___flmul@prod+1)^(0+128),f
  3934     01EC  3000               	movlw	0
  3935     01ED  3DC4               	addwfc	(___flmul@prod+2)^(0+128),f
  3936     01EE  3000               	movlw	0
  3937     01EF  3DC5               	addwfc	(___flmul@prod+3)^(0+128),f
  3938     01F0                     l2995:
  3939     01F0  1C45               	btfss	(___flmul@prod+3)^(0+128),0
  3940     01F1  29F3               	goto	u3311
  3941     01F2  29F4               	goto	u3310
  3942     01F3                     u3311:
  3943     01F3  2A10               	goto	l3001
  3944     01F4                     u3310:
  3945     01F4                     l2997:
  3946     01F4  0842               	movf	___flmul@prod^(0+128),w
  3947     01F5  00B6               	movwf	??___flmul^(0+128)
  3948     01F6  0843               	movf	(___flmul@prod+1)^(0+128),w
  3949     01F7  00B7               	movwf	(??___flmul^(0+128)+1)
  3950     01F8  0844               	movf	(___flmul@prod+2)^(0+128),w
  3951     01F9  00B8               	movwf	(??___flmul^(0+128)+2)
  3952     01FA  0845               	movf	(___flmul@prod+3)^(0+128),w
  3953     01FB  00B9               	movwf	(??___flmul^(0+128)+3)
  3954     01FC  3001               	movlw	1
  3955     01FD  00BA               	movwf	(??___flmul+4)^(0+128)
  3956     01FE                     u3325:
  3957     01FE  37B9               	asrf	(??___flmul^(0+128)+3),f
  3958     01FF  0CB8               	rrf	(??___flmul^(0+128)+2),f
  3959     0200  0CB7               	rrf	(??___flmul^(0+128)+1),f
  3960     0201  0CB6               	rrf	??___flmul^(0+128),f
  3961     0202                     u3320:
  3962     0202  0BBA               	decfsz	(??___flmul+4)^(0+128),f
  3963     0203  29FE               	goto	u3325
  3964     0204  0839               	movf	(??___flmul+3)^(0+128),w
  3965     0205  00C5               	movwf	(___flmul@prod+3)^(0+128)
  3966     0206  0838               	movf	(??___flmul+2)^(0+128),w
  3967     0207  00C4               	movwf	(___flmul@prod+2)^(0+128)
  3968     0208  0837               	movf	(??___flmul+1)^(0+128),w
  3969     0209  00C3               	movwf	(___flmul@prod+1)^(0+128)
  3970     020A  0836               	movf	??___flmul^(0+128),w
  3971     020B  00C2               	movwf	___flmul@prod^(0+128)
  3972     020C                     l2999:
  3973     020C  3001               	movlw	1
  3974     020D  07C6               	addwf	___flmul@temp^(0+128),f
  3975     020E  3000               	movlw	0
  3976     020F  3DC7               	addwfc	(___flmul@temp+1)^(0+128),f
  3977     0210                     l3001:
  3978     0210  0847               	movf	(___flmul@temp+1)^(0+128),w
  3979     0211  3A80               	xorlw	128
  3980     0212  00B6               	movwf	??___flmul^(0+128)
  3981     0213  3080               	movlw	128
  3982     0214  0236               	subwf	??___flmul^(0+128),w
  3983     0215  1D03               	skipz
  3984     0216  2A19               	goto	u3335
  3985     0217  30FF               	movlw	255
  3986     0218  0246               	subwf	___flmul@temp^(0+128),w
  3987     0219                     u3335:
  3988     0219  1C03               	skipc
  3989     021A  2A1C               	goto	u3331
  3990     021B  2A1D               	goto	u3330
  3991     021C                     u3331:
  3992     021C  2A27               	goto	l3005
  3993     021D                     u3330:
  3994     021D                     l3003:
  3995     021D  307F               	movlw	127
  3996     021E  0021               	movlb	1	; select bank1
  3997     021F  00C5               	movwf	(___flmul@prod+3)^(0+128)
  3998     0220  3080               	movlw	128
  3999     0221  00C4               	movwf	(___flmul@prod+2)^(0+128)
  4000     0222  3000               	movlw	0
  4001     0223  00C3               	movwf	(___flmul@prod+1)^(0+128)
  4002     0224  3000               	movlw	0
  4003     0225  00C2               	movwf	___flmul@prod^(0+128)
  4004     0226  2A52               	goto	l974
  4005     0227                     l3005:
  4006     0227  0021               	movlb	1	; select bank1
  4007     0228  0847               	movf	(___flmul@temp+1)^(0+128),w
  4008     0229  3A80               	xorlw	128
  4009     022A  00B6               	movwf	??___flmul^(0+128)
  4010     022B  3080               	movlw	128
  4011     022C  0236               	subwf	??___flmul^(0+128),w
  4012     022D  1D03               	skipz
  4013     022E  2A31               	goto	u3345
  4014     022F  3001               	movlw	1
  4015     0230  0246               	subwf	___flmul@temp^(0+128),w
  4016     0231                     u3345:
  4017     0231  1803               	skipnc
  4018     0232  2A34               	goto	u3341
  4019     0233  2A35               	goto	u3340
  4020     0234                     u3341:
  4021     0234  2A40               	goto	l3011
  4022     0235                     u3340:
  4023     0235                     l3007:
  4024     0235  3000               	movlw	0
  4025     0236  0021               	movlb	1	; select bank1
  4026     0237  00C5               	movwf	(___flmul@prod+3)^(0+128)
  4027     0238  3000               	movlw	0
  4028     0239  00C4               	movwf	(___flmul@prod+2)^(0+128)
  4029     023A  3000               	movlw	0
  4030     023B  00C3               	movwf	(___flmul@prod+1)^(0+128)
  4031     023C  3000               	movlw	0
  4032     023D  00C2               	movwf	___flmul@prod^(0+128)
  4033     023E                     l3009:
  4034     023E  01BB               	clrf	___flmul@sign^(0+128)
  4035     023F  2A52               	goto	l974
  4036     0240                     l3011:
  4037     0240  0021               	movlb	1	; select bank1
  4038     0241  0846               	movf	___flmul@temp^(0+128),w
  4039     0242  00C1               	movwf	___flmul@bexp^(0+128)
  4040     0243  30FF               	movlw	255
  4041     0244  05C2               	andwf	___flmul@prod^(0+128),f
  4042     0245  30FF               	movlw	255
  4043     0246  05C3               	andwf	(___flmul@prod+1)^(0+128),f
  4044     0247  307F               	movlw	127
  4045     0248  05C4               	andwf	(___flmul@prod+2)^(0+128),f
  4046     0249  3000               	movlw	0
  4047     024A  05C5               	andwf	(___flmul@prod+3)^(0+128),f
  4048     024B                     l3013:
  4049     024B  1C41               	btfss	___flmul@bexp^(0+128),0
  4050     024C  2A4E               	goto	u3351
  4051     024D  2A4F               	goto	u3350
  4052     024E                     u3351:
  4053     024E  2A50               	goto	l3017
  4054     024F                     u3350:
  4055     024F                     l3015:
  4056     024F  17C4               	bsf	(___flmul@prod^(0+128)+2),7
  4057     0250                     l3017:
  4058     0250  3641               	lsrf	___flmul@bexp^(0+128),w
  4059     0251  00C5               	movwf	(___flmul@prod^(0+128)+3)
  4060     0252                     l974:
  4061     0252  083B               	movf	___flmul@sign^(0+128),w
  4062     0253  00B6               	movwf	??___flmul^(0+128)
  4063     0254  0836               	movf	??___flmul^(0+128),w
  4064     0255  04C5               	iorwf	(___flmul@prod^(0+128)+3),f
  4065     0256                     l3019:
  4066     0256  0845               	movf	(___flmul@prod+3)^(0+128),w
  4067     0257  00B1               	movwf	(?___flmul+3)^(0+128)
  4068     0258  0844               	movf	(___flmul@prod+2)^(0+128),w
  4069     0259  00B0               	movwf	(?___flmul+2)^(0+128)
  4070     025A  0843               	movf	(___flmul@prod+1)^(0+128),w
  4071     025B  00AF               	movwf	(?___flmul+1)^(0+128)
  4072     025C  0842               	movf	___flmul@prod^(0+128),w
  4073     025D  00AE               	movwf	?___flmul^(0+128)
  4074     025E                     l962:
  4075     025E  0008               	return
  4076     025F                     __end_of___flmul:
  4077                           
  4078                           	psect	text5
  4079     0E24                     __ptext5:	
  4080 ;; *************** function __Umul8_16 *****************
  4081 ;; Defined at:
  4082 ;;		line 4 in file "C:\Program Files\Microchip\xc8\v2.46\pic\sources\c99\common\Umul8_16.c"
  4083 ;; Parameters:    Size  Location     Type
  4084 ;;  multiplier      1    wreg     unsigned char 
  4085 ;;  multiplicand    1    0[BANK1 ] unsigned char 
  4086 ;; Auto vars:     Size  Location     Type
  4087 ;;  multiplier      1    8[BANK1 ] unsigned char 
  4088 ;;  word_mpld       2    6[BANK1 ] unsigned short 
  4089 ;;  product         2    4[BANK1 ] unsigned short 
  4090 ;; Return value:  Size  Location     Type
  4091 ;;                  2    0[BANK1 ] unsigned int 
  4092 ;; Registers used:
  4093 ;;		wreg, status,2, status,0
  4094 ;; Tracked objects:
  4095 ;;		On entry : 0/0
  4096 ;;		On exit  : 0/0
  4097 ;;		Unchanged: 0/0
  4098 ;; Data sizes:     COMMON   BANK0   BANK1   BANK2   BANK3   BANK4
  4099 ;;      Params:         0       0       2       0       0       0
  4100 ;;      Locals:         0       0       5       0       0       0
  4101 ;;      Temps:          0       0       2       0       0       0
  4102 ;;      Totals:         0       0       9       0       0       0
  4103 ;;Total ram usage:        9 bytes
  4104 ;; Hardware stack levels used: 1
  4105 ;; Hardware stack levels required when called: 6
  4106 ;; This function calls:
  4107 ;;		Nothing
  4108 ;; This function is called by:
  4109 ;;		___flmul
  4110 ;; This function uses a non-reentrant model
  4111 ;;
  4112                           
  4113     0E24                     __Umul8_16:	
  4114                           ;psect for function __Umul8_16
  4115                           
  4116                           
  4117                           ;incstack = 0
  4118                           ; Regs used in __Umul8_16: [wreg+status,2+status,0]
  4119                           ;__Umul8_16@multiplier stored from wreg
  4120     0E24  0021               	movlb	1	; select bank1
  4121     0E25  00A8               	movwf	__Umul8_16@multiplier^(0+128)
  4122     0E26                     l2765:
  4123     0E26  01A4               	clrf	__Umul8_16@product^(0+128)
  4124     0E27  01A5               	clrf	(__Umul8_16@product+1)^(0+128)
  4125     0E28                     l2767:
  4126     0E28  0820               	movf	__Umul8_16@multiplicand^(0+128),w
  4127     0E29  00A2               	movwf	??__Umul8_16^(0+128)
  4128     0E2A  01A3               	clrf	(??__Umul8_16^(0+128)+1)
  4129     0E2B  0822               	movf	??__Umul8_16^(0+128),w
  4130     0E2C  00A6               	movwf	__Umul8_16@word_mpld^(0+128)
  4131     0E2D  0823               	movf	(??__Umul8_16+1)^(0+128),w
  4132     0E2E  00A7               	movwf	(__Umul8_16@word_mpld+1)^(0+128)
  4133     0E2F                     l2769:
  4134     0E2F  1C28               	btfss	__Umul8_16@multiplier^(0+128),0
  4135     0E30  2E32               	goto	u3061
  4136     0E31  2E33               	goto	u3060
  4137     0E32                     u3061:
  4138     0E32  2E37               	goto	l981
  4139     0E33                     u3060:
  4140     0E33                     l2771:
  4141     0E33  0826               	movf	__Umul8_16@word_mpld^(0+128),w
  4142     0E34  07A4               	addwf	__Umul8_16@product^(0+128),f
  4143     0E35  0827               	movf	(__Umul8_16@word_mpld+1)^(0+128),w
  4144     0E36  3DA5               	addwfc	(__Umul8_16@product+1)^(0+128),f
  4145     0E37                     l981:
  4146     0E37  3001               	movlw	1
  4147     0E38                     u3075:
  4148     0E38  35A6               	lslf	__Umul8_16@word_mpld^(0+128),f
  4149     0E39  0DA7               	rlf	(__Umul8_16@word_mpld+1)^(0+128),f
  4150     0E3A  0B89               	decfsz	9,f
  4151     0E3B  2E38               	goto	u3075
  4152     0E3C  1003               	clrc
  4153     0E3D  0CA8               	rrf	__Umul8_16@multiplier^(0+128),f
  4154     0E3E                     l2773:
  4155     0E3E  0828               	movf	__Umul8_16@multiplier^(0+128),w
  4156     0E3F  1D03               	btfss	3,2
  4157     0E40  2E42               	goto	u3081
  4158     0E41  2E43               	goto	u3080
  4159     0E42                     u3081:
  4160     0E42  2E2F               	goto	l2769
  4161     0E43                     u3080:
  4162     0E43                     l2775:
  4163     0E43  0825               	movf	(__Umul8_16@product+1)^(0+128),w
  4164     0E44  00A1               	movwf	(?__Umul8_16+1)^(0+128)
  4165     0E45  0824               	movf	__Umul8_16@product^(0+128),w
  4166     0E46  00A0               	movwf	?__Umul8_16^(0+128)
  4167     0E47                     l983:
  4168     0E47  0008               	return
  4169     0E48                     __end_of__Umul8_16:
  4170                           
  4171                           	psect	text6
  4172     049A                     __ptext6:	
  4173 ;; *************** function ___fldiv *****************
  4174 ;; Defined at:
  4175 ;;		line 8 in file "C:\Program Files\Microchip\xc8\v2.46\pic\sources\c99\common\sprcdiv.c"
  4176 ;; Parameters:    Size  Location     Type
  4177 ;;  a               4   40[BANK1 ] unsigned int 
  4178 ;;  b               4   44[BANK1 ] unsigned int 
  4179 ;; Auto vars:     Size  Location     Type
  4180 ;;  grs             4   60[BANK1 ] unsigned long 
  4181 ;;  rem             4   53[BANK1 ] unsigned long 
  4182 ;;  new_exp         2   58[BANK1 ] short 
  4183 ;;  aexp            1   65[BANK1 ] unsigned char 
  4184 ;;  bexp            1   64[BANK1 ] unsigned char 
  4185 ;;  sign            1   57[BANK1 ] unsigned char 
  4186 ;; Return value:  Size  Location     Type
  4187 ;;                  4   40[BANK1 ] unsigned char 
  4188 ;; Registers used:
  4189 ;;		wreg, status,2, status,0
  4190 ;; Tracked objects:
  4191 ;;		On entry : 0/0
  4192 ;;		On exit  : 0/0
  4193 ;;		Unchanged: 0/0
  4194 ;; Data sizes:     COMMON   BANK0   BANK1   BANK2   BANK3   BANK4
  4195 ;;      Params:         0       0       8       0       0       0
  4196 ;;      Locals:         0       0      13       0       0       0
  4197 ;;      Temps:          0       0       5       0       0       0
  4198 ;;      Totals:         0       0      26       0       0       0
  4199 ;;Total ram usage:       26 bytes
  4200 ;; Hardware stack levels used: 1
  4201 ;; Hardware stack levels required when called: 6
  4202 ;; This function calls:
  4203 ;;		Nothing
  4204 ;; This function is called by:
  4205 ;;		_Trigger_and_Echo
  4206 ;; This function uses a non-reentrant model
  4207 ;;
  4208                           
  4209     049A                     ___fldiv:	
  4210                           ;psect for function ___fldiv
  4211                           
  4212     049A                     l2359:	
  4213                           ;incstack = 0
  4214                           ; Regs used in ___fldiv: [wreg+status,2+status,0]
  4215                           
  4216     049A  0021               	movlb	1	; select bank1
  4217     049B  084F               	movf	(___fldiv@b^(0+128)+3),w
  4218     049C  3980               	andlw	128
  4219     049D  00D9               	movwf	___fldiv@sign^(0+128)
  4220     049E                     l2361:
  4221     049E  354F               	lslf	(___fldiv@b^(0+128)+3),w
  4222     049F  00E0               	movwf	___fldiv@bexp^(0+128)
  4223     04A0                     l2363:
  4224     04A0  1FCE               	btfss	(___fldiv@b^(0+128)+2),7
  4225     04A1  2CA3               	goto	u2251
  4226     04A2  2CA4               	goto	u2250
  4227     04A3                     u2251:
  4228     04A3  2CA5               	goto	l2367
  4229     04A4                     u2250:
  4230     04A4                     l2365:
  4231     04A4  1460               	bsf	___fldiv@bexp^(0+128),0
  4232     04A5                     l2367:
  4233     04A5  0860               	movf	___fldiv@bexp^(0+128),w
  4234     04A6  1903               	btfsc	3,2
  4235     04A7  2CA9               	goto	u2261
  4236     04A8  2CAA               	goto	u2260
  4237     04A9                     u2261:
  4238     04A9  2CBA               	goto	l2377
  4239     04AA                     u2260:
  4240     04AA                     l2369:
  4241     04AA  0A60               	incf	___fldiv@bexp^(0+128),w
  4242     04AB  1D03               	btfss	3,2
  4243     04AC  2CAE               	goto	u2271
  4244     04AD  2CAF               	goto	u2270
  4245     04AE                     u2271:
  4246     04AE  2CB7               	goto	l2373
  4247     04AF                     u2270:
  4248     04AF                     l2371:
  4249     04AF  3000               	movlw	0
  4250     04B0  00CF               	movwf	(___fldiv@b+3)^(0+128)
  4251     04B1  3000               	movlw	0
  4252     04B2  00CE               	movwf	(___fldiv@b+2)^(0+128)
  4253     04B3  3000               	movlw	0
  4254     04B4  00CD               	movwf	(___fldiv@b+1)^(0+128)
  4255     04B5  3000               	movlw	0
  4256     04B6  00CC               	movwf	___fldiv@b^(0+128)
  4257     04B7                     l2373:
  4258     04B7  17CE               	bsf	(___fldiv@b^(0+128)+2),7
  4259     04B8                     l2375:
  4260     04B8  01CF               	clrf	(___fldiv@b^(0+128)+3)
  4261     04B9  2CC2               	goto	l2379
  4262     04BA                     l2377:
  4263     04BA  3000               	movlw	0
  4264     04BB  00CF               	movwf	(___fldiv@b+3)^(0+128)
  4265     04BC  3000               	movlw	0
  4266     04BD  00CE               	movwf	(___fldiv@b+2)^(0+128)
  4267     04BE  3000               	movlw	0
  4268     04BF  00CD               	movwf	(___fldiv@b+1)^(0+128)
  4269     04C0  3000               	movlw	0
  4270     04C1  00CC               	movwf	___fldiv@b^(0+128)
  4271     04C2                     l2379:
  4272     04C2  084B               	movf	(___fldiv@a^(0+128)+3),w
  4273     04C3  3980               	andlw	128
  4274     04C4  00D0               	movwf	??___fldiv^(0+128)
  4275     04C5  0850               	movf	??___fldiv^(0+128),w
  4276     04C6  06D9               	xorwf	___fldiv@sign^(0+128),f
  4277     04C7                     l2381:
  4278     04C7  354B               	lslf	(___fldiv@a^(0+128)+3),w
  4279     04C8  00E1               	movwf	___fldiv@aexp^(0+128)
  4280     04C9                     l2383:
  4281     04C9  1FCA               	btfss	(___fldiv@a^(0+128)+2),7
  4282     04CA  2CCC               	goto	u2281
  4283     04CB  2CCD               	goto	u2280
  4284     04CC                     u2281:
  4285     04CC  2CCE               	goto	l2387
  4286     04CD                     u2280:
  4287     04CD                     l2385:
  4288     04CD  1461               	bsf	___fldiv@aexp^(0+128),0
  4289     04CE                     l2387:
  4290     04CE  0861               	movf	___fldiv@aexp^(0+128),w
  4291     04CF  1903               	btfsc	3,2
  4292     04D0  2CD2               	goto	u2291
  4293     04D1  2CD3               	goto	u2290
  4294     04D2                     u2291:
  4295     04D2  2CE3               	goto	l2397
  4296     04D3                     u2290:
  4297     04D3                     l2389:
  4298     04D3  0A61               	incf	___fldiv@aexp^(0+128),w
  4299     04D4  1D03               	btfss	3,2
  4300     04D5  2CD7               	goto	u2301
  4301     04D6  2CD8               	goto	u2300
  4302     04D7                     u2301:
  4303     04D7  2CE0               	goto	l2393
  4304     04D8                     u2300:
  4305     04D8                     l2391:
  4306     04D8  3000               	movlw	0
  4307     04D9  00CB               	movwf	(___fldiv@a+3)^(0+128)
  4308     04DA  3000               	movlw	0
  4309     04DB  00CA               	movwf	(___fldiv@a+2)^(0+128)
  4310     04DC  3000               	movlw	0
  4311     04DD  00C9               	movwf	(___fldiv@a+1)^(0+128)
  4312     04DE  3000               	movlw	0
  4313     04DF  00C8               	movwf	___fldiv@a^(0+128)
  4314     04E0                     l2393:
  4315     04E0  17CA               	bsf	(___fldiv@a^(0+128)+2),7
  4316     04E1                     l2395:
  4317     04E1  01CB               	clrf	(___fldiv@a^(0+128)+3)
  4318     04E2  2CEB               	goto	l922
  4319     04E3                     l2397:
  4320     04E3  3000               	movlw	0
  4321     04E4  00CB               	movwf	(___fldiv@a+3)^(0+128)
  4322     04E5  3000               	movlw	0
  4323     04E6  00CA               	movwf	(___fldiv@a+2)^(0+128)
  4324     04E7  3000               	movlw	0
  4325     04E8  00C9               	movwf	(___fldiv@a+1)^(0+128)
  4326     04E9  3000               	movlw	0
  4327     04EA  00C8               	movwf	___fldiv@a^(0+128)
  4328     04EB                     l922:
  4329     04EB  084B               	movf	(___fldiv@a+3)^(0+128),w
  4330     04EC  044A               	iorwf	(___fldiv@a+2)^(0+128),w
  4331     04ED  0449               	iorwf	(___fldiv@a+1)^(0+128),w
  4332     04EE  0448               	iorwf	___fldiv@a^(0+128),w
  4333     04EF  1D03               	skipz
  4334     04F0  2CF2               	goto	u2311
  4335     04F1  2CF3               	goto	u2310
  4336     04F2                     u2311:
  4337     04F2  2D0C               	goto	l2407
  4338     04F3                     u2310:
  4339     04F3                     l2399:
  4340     04F3  3000               	movlw	0
  4341     04F4  00CF               	movwf	(___fldiv@b+3)^(0+128)
  4342     04F5  3000               	movlw	0
  4343     04F6  00CE               	movwf	(___fldiv@b+2)^(0+128)
  4344     04F7  3000               	movlw	0
  4345     04F8  00CD               	movwf	(___fldiv@b+1)^(0+128)
  4346     04F9  3000               	movlw	0
  4347     04FA  00CC               	movwf	___fldiv@b^(0+128)
  4348     04FB  3080               	movlw	128
  4349     04FC  04CE               	iorwf	(___fldiv@b^(0+128)+2),f
  4350     04FD  307F               	movlw	127
  4351     04FE  04CF               	iorwf	((___fldiv@b+1)^(0+128)+2),f
  4352     04FF                     l2401:
  4353     04FF  0859               	movf	___fldiv@sign^(0+128),w
  4354     0500  00D0               	movwf	??___fldiv^(0+128)
  4355     0501  0850               	movf	??___fldiv^(0+128),w
  4356     0502  04CF               	iorwf	(___fldiv@b^(0+128)+3),f
  4357     0503                     l2403:
  4358     0503  084F               	movf	(___fldiv@b+3)^(0+128),w
  4359     0504  00CB               	movwf	(?___fldiv+3)^(0+128)
  4360     0505  084E               	movf	(___fldiv@b+2)^(0+128),w
  4361     0506  00CA               	movwf	(?___fldiv+2)^(0+128)
  4362     0507  084D               	movf	(___fldiv@b+1)^(0+128),w
  4363     0508  00C9               	movwf	(?___fldiv+1)^(0+128)
  4364     0509  084C               	movf	___fldiv@b^(0+128),w
  4365     050A  00C8               	movwf	?___fldiv^(0+128)
  4366     050B  2E43               	goto	l924
  4367     050C                     l2407:
  4368     050C  0860               	movf	___fldiv@bexp^(0+128),w
  4369     050D  1D03               	btfss	3,2
  4370     050E  2D10               	goto	u2321
  4371     050F  2D11               	goto	u2320
  4372     0510                     u2321:
  4373     0510  2D1A               	goto	l2413
  4374     0511                     u2320:
  4375     0511                     l2409:
  4376     0511  3000               	movlw	0
  4377     0512  00CB               	movwf	(?___fldiv+3)^(0+128)
  4378     0513  3000               	movlw	0
  4379     0514  00CA               	movwf	(?___fldiv+2)^(0+128)
  4380     0515  3000               	movlw	0
  4381     0516  00C9               	movwf	(?___fldiv+1)^(0+128)
  4382     0517  3000               	movlw	0
  4383     0518  00C8               	movwf	?___fldiv^(0+128)
  4384     0519  2E43               	goto	l924
  4385     051A                     l2413:
  4386     051A  0860               	movf	___fldiv@bexp^(0+128),w
  4387     051B  00D0               	movwf	??___fldiv^(0+128)
  4388     051C  01D1               	clrf	(??___fldiv^(0+128)+1)
  4389     051D  0851               	movf	(??___fldiv+1)^(0+128),w
  4390     051E  00D3               	movwf	((??___fldiv+2)^(0+128)+1)
  4391     051F  0861               	movf	___fldiv@aexp^(0+128),w
  4392     0520  0250               	subwf	??___fldiv^(0+128),w
  4393     0521  00D2               	movwf	(??___fldiv+2)^(0+128)
  4394     0522  1C03               	skipc
  4395     0523  03D3               	decf	((??___fldiv+2)^(0+128)+1),f
  4396     0524  0852               	movf	(??___fldiv+2)^(0+128),w
  4397     0525  3E7F               	addlw	127
  4398     0526  00DA               	movwf	___fldiv@new_exp^(0+128)
  4399     0527  3000               	movlw	0
  4400     0528  3D53               	addwfc	(??___fldiv+3)^(0+128),w
  4401     0529  00DB               	movwf	(___fldiv@new_exp+1)^(0+128)
  4402     052A                     l2415:
  4403     052A  084F               	movf	(___fldiv@b+3)^(0+128),w
  4404     052B  00D8               	movwf	(___fldiv@rem+3)^(0+128)
  4405     052C  084E               	movf	(___fldiv@b+2)^(0+128),w
  4406     052D  00D7               	movwf	(___fldiv@rem+2)^(0+128)
  4407     052E  084D               	movf	(___fldiv@b+1)^(0+128),w
  4408     052F  00D6               	movwf	(___fldiv@rem+1)^(0+128)
  4409     0530  084C               	movf	___fldiv@b^(0+128),w
  4410     0531  00D5               	movwf	___fldiv@rem^(0+128)
  4411     0532                     l2417:
  4412     0532  3000               	movlw	0
  4413     0533  00CF               	movwf	(___fldiv@b+3)^(0+128)
  4414     0534  3000               	movlw	0
  4415     0535  00CE               	movwf	(___fldiv@b+2)^(0+128)
  4416     0536  3000               	movlw	0
  4417     0537  00CD               	movwf	(___fldiv@b+1)^(0+128)
  4418     0538  3000               	movlw	0
  4419     0539  00CC               	movwf	___fldiv@b^(0+128)
  4420     053A                     l2419:
  4421     053A  3000               	movlw	0
  4422     053B  00DF               	movwf	(___fldiv@grs+3)^(0+128)
  4423     053C  3000               	movlw	0
  4424     053D  00DE               	movwf	(___fldiv@grs+2)^(0+128)
  4425     053E  3000               	movlw	0
  4426     053F  00DD               	movwf	(___fldiv@grs+1)^(0+128)
  4427     0540  3000               	movlw	0
  4428     0541  00DC               	movwf	___fldiv@grs^(0+128)
  4429     0542                     l2421:
  4430     0542  01E1               	clrf	___fldiv@aexp^(0+128)
  4431     0543  2D82               	goto	l2441
  4432     0544                     l2423:
  4433     0544  0861               	movf	___fldiv@aexp^(0+128),w
  4434     0545  1903               	btfsc	3,2
  4435     0546  2D48               	goto	u2331
  4436     0547  2D49               	goto	u2330
  4437     0548                     u2331:
  4438     0548  2D63               	goto	l2433
  4439     0549                     u2330:
  4440     0549                     l2425:
  4441     0549  3001               	movlw	1
  4442     054A                     u2345:
  4443     054A  35D5               	lslf	___fldiv@rem^(0+128),f
  4444     054B  0DD6               	rlf	(___fldiv@rem+1)^(0+128),f
  4445     054C  0DD7               	rlf	(___fldiv@rem+2)^(0+128),f
  4446     054D  0DD8               	rlf	(___fldiv@rem+3)^(0+128),f
  4447     054E  0B89               	decfsz	9,f
  4448     054F  2D4A               	goto	u2345
  4449     0550  3001               	movlw	1
  4450     0551                     u2355:
  4451     0551  35CC               	lslf	___fldiv@b^(0+128),f
  4452     0552  0DCD               	rlf	(___fldiv@b+1)^(0+128),f
  4453     0553  0DCE               	rlf	(___fldiv@b+2)^(0+128),f
  4454     0554  0DCF               	rlf	(___fldiv@b+3)^(0+128),f
  4455     0555  0B89               	decfsz	9,f
  4456     0556  2D51               	goto	u2355
  4457     0557                     l2427:
  4458     0557  1FDF               	btfss	(___fldiv@grs+3)^(0+128),7
  4459     0558  2D5A               	goto	u2361
  4460     0559  2D5B               	goto	u2360
  4461     055A                     u2361:
  4462     055A  2D5C               	goto	l2431
  4463     055B                     u2360:
  4464     055B                     l2429:
  4465     055B  144C               	bsf	___fldiv@b^(0+128),0
  4466     055C                     l2431:
  4467     055C  3001               	movlw	1
  4468     055D                     u2375:
  4469     055D  35DC               	lslf	___fldiv@grs^(0+128),f
  4470     055E  0DDD               	rlf	(___fldiv@grs+1)^(0+128),f
  4471     055F  0DDE               	rlf	(___fldiv@grs+2)^(0+128),f
  4472     0560  0DDF               	rlf	(___fldiv@grs+3)^(0+128),f
  4473     0561  0B89               	decfsz	9,f
  4474     0562  2D5D               	goto	u2375
  4475     0563                     l2433:
  4476     0563  084B               	movf	(___fldiv@a+3)^(0+128),w
  4477     0564  0258               	subwf	(___fldiv@rem+3)^(0+128),w
  4478     0565  1D03               	skipz
  4479     0566  2D71               	goto	u2385
  4480     0567  084A               	movf	(___fldiv@a+2)^(0+128),w
  4481     0568  0257               	subwf	(___fldiv@rem+2)^(0+128),w
  4482     0569  1D03               	skipz
  4483     056A  2D71               	goto	u2385
  4484     056B  0849               	movf	(___fldiv@a+1)^(0+128),w
  4485     056C  0256               	subwf	(___fldiv@rem+1)^(0+128),w
  4486     056D  1D03               	skipz
  4487     056E  2D71               	goto	u2385
  4488     056F  0848               	movf	___fldiv@a^(0+128),w
  4489     0570  0255               	subwf	___fldiv@rem^(0+128),w
  4490     0571                     u2385:
  4491     0571  1C03               	skipc
  4492     0572  2D74               	goto	u2381
  4493     0573  2D75               	goto	u2380
  4494     0574                     u2381:
  4495     0574  2D7E               	goto	l2439
  4496     0575                     u2380:
  4497     0575                     l2435:
  4498     0575  175F               	bsf	(___fldiv@grs^(0+128)+3),6
  4499     0576                     l2437:
  4500     0576  0848               	movf	___fldiv@a^(0+128),w
  4501     0577  02D5               	subwf	___fldiv@rem^(0+128),f
  4502     0578  0849               	movf	(___fldiv@a+1)^(0+128),w
  4503     0579  3BD6               	subwfb	(___fldiv@rem+1)^(0+128),f
  4504     057A  084A               	movf	(___fldiv@a+2)^(0+128),w
  4505     057B  3BD7               	subwfb	(___fldiv@rem+2)^(0+128),f
  4506     057C  084B               	movf	(___fldiv@a+3)^(0+128),w
  4507     057D  3BD8               	subwfb	(___fldiv@rem+3)^(0+128),f
  4508     057E                     l2439:
  4509     057E  3001               	movlw	1
  4510     057F  00D0               	movwf	??___fldiv^(0+128)
  4511     0580  0850               	movf	??___fldiv^(0+128),w
  4512     0581  07E1               	addwf	___fldiv@aexp^(0+128),f
  4513     0582                     l2441:
  4514     0582  301A               	movlw	26
  4515     0583  0261               	subwf	___fldiv@aexp^(0+128),w
  4516     0584  1C03               	skipc
  4517     0585  2D87               	goto	u2391
  4518     0586  2D88               	goto	u2390
  4519     0587                     u2391:
  4520     0587  2D44               	goto	l2423
  4521     0588                     u2390:
  4522     0588                     l2443:
  4523     0588  0858               	movf	(___fldiv@rem+3)^(0+128),w
  4524     0589  0457               	iorwf	(___fldiv@rem+2)^(0+128),w
  4525     058A  0456               	iorwf	(___fldiv@rem+1)^(0+128),w
  4526     058B  0455               	iorwf	___fldiv@rem^(0+128),w
  4527     058C  1903               	skipnz
  4528     058D  2D8F               	goto	u2401
  4529     058E  2D90               	goto	u2400
  4530     058F                     u2401:
  4531     058F  2DA9               	goto	l2457
  4532     0590                     u2400:
  4533     0590                     l2445:
  4534     0590  145C               	bsf	___fldiv@grs^(0+128),0
  4535     0591  2DA9               	goto	l2457
  4536     0592                     l2447:
  4537     0592  3001               	movlw	1
  4538     0593                     u2415:
  4539     0593  35CC               	lslf	___fldiv@b^(0+128),f
  4540     0594  0DCD               	rlf	(___fldiv@b+1)^(0+128),f
  4541     0595  0DCE               	rlf	(___fldiv@b+2)^(0+128),f
  4542     0596  0DCF               	rlf	(___fldiv@b+3)^(0+128),f
  4543     0597  0B89               	decfsz	9,f
  4544     0598  2D93               	goto	u2415
  4545     0599                     l2449:
  4546     0599  1FDF               	btfss	(___fldiv@grs+3)^(0+128),7
  4547     059A  2D9C               	goto	u2421
  4548     059B  2D9D               	goto	u2420
  4549     059C                     u2421:
  4550     059C  2D9E               	goto	l2453
  4551     059D                     u2420:
  4552     059D                     l2451:
  4553     059D  144C               	bsf	___fldiv@b^(0+128),0
  4554     059E                     l2453:
  4555     059E  3001               	movlw	1
  4556     059F                     u2435:
  4557     059F  35DC               	lslf	___fldiv@grs^(0+128),f
  4558     05A0  0DDD               	rlf	(___fldiv@grs+1)^(0+128),f
  4559     05A1  0DDE               	rlf	(___fldiv@grs+2)^(0+128),f
  4560     05A2  0DDF               	rlf	(___fldiv@grs+3)^(0+128),f
  4561     05A3  0B89               	decfsz	9,f
  4562     05A4  2D9F               	goto	u2435
  4563     05A5                     l2455:
  4564     05A5  30FF               	movlw	255
  4565     05A6  07DA               	addwf	___fldiv@new_exp^(0+128),f
  4566     05A7  30FF               	movlw	255
  4567     05A8  3DDB               	addwfc	(___fldiv@new_exp+1)^(0+128),f
  4568     05A9                     l2457:
  4569     05A9  1FCE               	btfss	(___fldiv@b+2)^(0+128),7
  4570     05AA  2DAC               	goto	u2441
  4571     05AB  2DAD               	goto	u2440
  4572     05AC                     u2441:
  4573     05AC  2D92               	goto	l2447
  4574     05AD                     u2440:
  4575     05AD                     l2459:
  4576     05AD  01E1               	clrf	___fldiv@aexp^(0+128)
  4577     05AE                     l2461:
  4578     05AE  1FDF               	btfss	(___fldiv@grs+3)^(0+128),7
  4579     05AF  2DB1               	goto	u2451
  4580     05B0  2DB2               	goto	u2450
  4581     05B1                     u2451:
  4582     05B1  2DCE               	goto	l2469
  4583     05B2                     u2450:
  4584     05B2                     l2463:
  4585     05B2  30FF               	movlw	255
  4586     05B3  055C               	andwf	___fldiv@grs^(0+128),w
  4587     05B4  00D0               	movwf	??___fldiv^(0+128)
  4588     05B5  30FF               	movlw	255
  4589     05B6  055D               	andwf	(___fldiv@grs+1)^(0+128),w
  4590     05B7  00D1               	movwf	(??___fldiv^(0+128)+1)
  4591     05B8  30FF               	movlw	255
  4592     05B9  055E               	andwf	(___fldiv@grs+2)^(0+128),w
  4593     05BA  00D2               	movwf	(??___fldiv^(0+128)+2)
  4594     05BB  307F               	movlw	127
  4595     05BC  055F               	andwf	(___fldiv@grs+3)^(0+128),w
  4596     05BD  00D3               	movwf	(??___fldiv^(0+128)+3)
  4597     05BE  0853               	movf	(??___fldiv+3)^(0+128),w
  4598     05BF  0452               	iorwf	(??___fldiv+2)^(0+128),w
  4599     05C0  0451               	iorwf	(??___fldiv+1)^(0+128),w
  4600     05C1  0450               	iorwf	??___fldiv^(0+128),w
  4601     05C2  1903               	skipnz
  4602     05C3  2DC5               	goto	u2461
  4603     05C4  2DC6               	goto	u2460
  4604     05C5                     u2461:
  4605     05C5  2DC9               	goto	l938
  4606     05C6                     u2460:
  4607     05C6                     l2465:
  4608     05C6  01E1               	clrf	___fldiv@aexp^(0+128)
  4609     05C7  0AE1               	incf	___fldiv@aexp^(0+128),f
  4610     05C8  2DCE               	goto	l2469
  4611     05C9                     l938:
  4612     05C9  1C4C               	btfss	___fldiv@b^(0+128),0
  4613     05CA  2DCC               	goto	u2471
  4614     05CB  2DCD               	goto	u2470
  4615     05CC                     u2471:
  4616     05CC  2DCE               	goto	l2469
  4617     05CD                     u2470:
  4618     05CD  2DC6               	goto	l2465
  4619     05CE                     l2469:
  4620     05CE  0861               	movf	___fldiv@aexp^(0+128),w
  4621     05CF  1903               	btfsc	3,2
  4622     05D0  2DD2               	goto	u2481
  4623     05D1  2DD3               	goto	u2480
  4624     05D2                     u2481:
  4625     05D2  2DFB               	goto	l2479
  4626     05D3                     u2480:
  4627     05D3                     l2471:
  4628     05D3  3001               	movlw	1
  4629     05D4  07CC               	addwf	___fldiv@b^(0+128),f
  4630     05D5  3000               	movlw	0
  4631     05D6  3DCD               	addwfc	(___fldiv@b+1)^(0+128),f
  4632     05D7  3000               	movlw	0
  4633     05D8  3DCE               	addwfc	(___fldiv@b+2)^(0+128),f
  4634     05D9  3000               	movlw	0
  4635     05DA  3DCF               	addwfc	(___fldiv@b+3)^(0+128),f
  4636     05DB                     l2473:
  4637     05DB  1C4F               	btfss	(___fldiv@b+3)^(0+128),0
  4638     05DC  2DDE               	goto	u2491
  4639     05DD  2DDF               	goto	u2490
  4640     05DE                     u2491:
  4641     05DE  2DFB               	goto	l2479
  4642     05DF                     u2490:
  4643     05DF                     l2475:
  4644     05DF  084C               	movf	___fldiv@b^(0+128),w
  4645     05E0  00D0               	movwf	??___fldiv^(0+128)
  4646     05E1  084D               	movf	(___fldiv@b+1)^(0+128),w
  4647     05E2  00D1               	movwf	(??___fldiv^(0+128)+1)
  4648     05E3  084E               	movf	(___fldiv@b+2)^(0+128),w
  4649     05E4  00D2               	movwf	(??___fldiv^(0+128)+2)
  4650     05E5  084F               	movf	(___fldiv@b+3)^(0+128),w
  4651     05E6  00D3               	movwf	(??___fldiv^(0+128)+3)
  4652     05E7  3001               	movlw	1
  4653     05E8  00D4               	movwf	(??___fldiv+4)^(0+128)
  4654     05E9                     u2505:
  4655     05E9  37D3               	asrf	(??___fldiv^(0+128)+3),f
  4656     05EA  0CD2               	rrf	(??___fldiv^(0+128)+2),f
  4657     05EB  0CD1               	rrf	(??___fldiv^(0+128)+1),f
  4658     05EC  0CD0               	rrf	??___fldiv^(0+128),f
  4659     05ED                     u2500:
  4660     05ED  0BD4               	decfsz	(??___fldiv+4)^(0+128),f
  4661     05EE  2DE9               	goto	u2505
  4662     05EF  0853               	movf	(??___fldiv+3)^(0+128),w
  4663     05F0  00CF               	movwf	(___fldiv@b+3)^(0+128)
  4664     05F1  0852               	movf	(??___fldiv+2)^(0+128),w
  4665     05F2  00CE               	movwf	(___fldiv@b+2)^(0+128)
  4666     05F3  0851               	movf	(??___fldiv+1)^(0+128),w
  4667     05F4  00CD               	movwf	(___fldiv@b+1)^(0+128)
  4668     05F5  0850               	movf	??___fldiv^(0+128),w
  4669     05F6  00CC               	movwf	___fldiv@b^(0+128)
  4670     05F7                     l2477:
  4671     05F7  3001               	movlw	1
  4672     05F8  07DA               	addwf	___fldiv@new_exp^(0+128),f
  4673     05F9  3000               	movlw	0
  4674     05FA  3DDB               	addwfc	(___fldiv@new_exp+1)^(0+128),f
  4675     05FB                     l2479:
  4676     05FB  085B               	movf	(___fldiv@new_exp+1)^(0+128),w
  4677     05FC  3A80               	xorlw	128
  4678     05FD  00D0               	movwf	??___fldiv^(0+128)
  4679     05FE  3080               	movlw	128
  4680     05FF  0250               	subwf	??___fldiv^(0+128),w
  4681     0600  1D03               	skipz
  4682     0601  2E04               	goto	u2515
  4683     0602  30FF               	movlw	255
  4684     0603  025A               	subwf	___fldiv@new_exp^(0+128),w
  4685     0604                     u2515:
  4686     0604  1C03               	skipc
  4687     0605  2E07               	goto	u2511
  4688     0606  2E08               	goto	u2510
  4689     0607                     u2511:
  4690     0607  2E15               	goto	l943
  4691     0608                     u2510:
  4692     0608                     l2481:
  4693     0608  30FF               	movlw	255
  4694     0609  0021               	movlb	1	; select bank1
  4695     060A  00DA               	movwf	___fldiv@new_exp^(0+128)
  4696     060B  3000               	movlw	0
  4697     060C  00DB               	movwf	(___fldiv@new_exp^(0+128)+1)
  4698     060D  3000               	movlw	0
  4699     060E  00CF               	movwf	(___fldiv@b+3)^(0+128)
  4700     060F  3000               	movlw	0
  4701     0610  00CE               	movwf	(___fldiv@b+2)^(0+128)
  4702     0611  3000               	movlw	0
  4703     0612  00CD               	movwf	(___fldiv@b+1)^(0+128)
  4704     0613  3000               	movlw	0
  4705     0614  00CC               	movwf	___fldiv@b^(0+128)
  4706     0615                     l943:
  4707     0615  0021               	movlb	1	; select bank1
  4708     0616  085B               	movf	(___fldiv@new_exp+1)^(0+128),w
  4709     0617  3A80               	xorlw	128
  4710     0618  00D0               	movwf	??___fldiv^(0+128)
  4711     0619  3080               	movlw	128
  4712     061A  0250               	subwf	??___fldiv^(0+128),w
  4713     061B  1D03               	skipz
  4714     061C  2E1F               	goto	u2525
  4715     061D  3001               	movlw	1
  4716     061E  025A               	subwf	___fldiv@new_exp^(0+128),w
  4717     061F                     u2525:
  4718     061F  1803               	skipnc
  4719     0620  2E22               	goto	u2521
  4720     0621  2E23               	goto	u2520
  4721     0622                     u2521:
  4722     0622  2E2F               	goto	l944
  4723     0623                     u2520:
  4724     0623                     l2483:
  4725     0623  0021               	movlb	1	; select bank1
  4726     0624  01DA               	clrf	___fldiv@new_exp^(0+128)
  4727     0625  01DB               	clrf	(___fldiv@new_exp+1)^(0+128)
  4728     0626                     l2485:
  4729     0626  3000               	movlw	0
  4730     0627  00CF               	movwf	(___fldiv@b+3)^(0+128)
  4731     0628  3000               	movlw	0
  4732     0629  00CE               	movwf	(___fldiv@b+2)^(0+128)
  4733     062A  3000               	movlw	0
  4734     062B  00CD               	movwf	(___fldiv@b+1)^(0+128)
  4735     062C  3000               	movlw	0
  4736     062D  00CC               	movwf	___fldiv@b^(0+128)
  4737     062E                     l2487:
  4738     062E  01D9               	clrf	___fldiv@sign^(0+128)
  4739     062F                     l944:
  4740     062F  0021               	movlb	1	; select bank1
  4741     0630  085A               	movf	___fldiv@new_exp^(0+128),w
  4742     0631  00E0               	movwf	___fldiv@bexp^(0+128)
  4743     0632                     l2489:
  4744     0632  1C60               	btfss	___fldiv@bexp^(0+128),0
  4745     0633  2E35               	goto	u2531
  4746     0634  2E36               	goto	u2530
  4747     0635                     u2531:
  4748     0635  2E38               	goto	l2493
  4749     0636                     u2530:
  4750     0636                     l2491:
  4751     0636  17CE               	bsf	(___fldiv@b^(0+128)+2),7
  4752     0637  2E3C               	goto	l946
  4753     0638                     l2493:
  4754     0638  307F               	movlw	127
  4755     0639  00D0               	movwf	??___fldiv^(0+128)
  4756     063A  0850               	movf	??___fldiv^(0+128),w
  4757     063B  05CE               	andwf	(___fldiv@b^(0+128)+2),f
  4758     063C                     l946:
  4759     063C  3660               	lsrf	___fldiv@bexp^(0+128),w
  4760     063D  00CF               	movwf	(___fldiv@b^(0+128)+3)
  4761     063E  0859               	movf	___fldiv@sign^(0+128),w
  4762     063F  00D0               	movwf	??___fldiv^(0+128)
  4763     0640  0850               	movf	??___fldiv^(0+128),w
  4764     0641  04CF               	iorwf	(___fldiv@b^(0+128)+3),f
  4765     0642  2D03               	goto	l2403
  4766     0643                     l924:
  4767     0643  0008               	return
  4768     0644                     __end_of___fldiv:
  4769                           
  4770                           	psect	text7
  4771     0D76                     __ptext7:	
  4772 ;; *************** function _TMR1_WriteTimer *****************
  4773 ;; Defined at:
  4774 ;;		line 113 in file "mcc_generated_files/tmr1.c"
  4775 ;; Parameters:    Size  Location     Type
  4776 ;;  timerVal        2    0[BANK1 ] unsigned short 
  4777 ;; Auto vars:     Size  Location     Type
  4778 ;;		None
  4779 ;; Return value:  Size  Location     Type
  4780 ;;                  1    wreg      void 
  4781 ;; Registers used:
  4782 ;;		wreg, status,2
  4783 ;; Tracked objects:
  4784 ;;		On entry : 0/0
  4785 ;;		On exit  : 0/0
  4786 ;;		Unchanged: 0/0
  4787 ;; Data sizes:     COMMON   BANK0   BANK1   BANK2   BANK3   BANK4
  4788 ;;      Params:         0       0       2       0       0       0
  4789 ;;      Locals:         0       0       0       0       0       0
  4790 ;;      Temps:          0       0       0       0       0       0
  4791 ;;      Totals:         0       0       2       0       0       0
  4792 ;;Total ram usage:        2 bytes
  4793 ;; Hardware stack levels used: 1
  4794 ;; Hardware stack levels required when called: 6
  4795 ;; This function calls:
  4796 ;;		Nothing
  4797 ;; This function is called by:
  4798 ;;		_Trigger_and_Echo
  4799 ;;		_TMR1_Reload
  4800 ;; This function uses a non-reentrant model
  4801 ;;
  4802                           
  4803     0D76                     _TMR1_WriteTimer:	
  4804                           ;psect for function _TMR1_WriteTimer
  4805                           
  4806     0D76                     l2781:	
  4807                           ;incstack = 0
  4808                           ; Regs used in _TMR1_WriteTimer: [wreg+status,2]
  4809                           
  4810                           
  4811                           ;mcc_generated_files/tmr1.c: 113: void TMR1_WriteTimer(uint16_t timerVal);mcc_generated_
      +                          files/tmr1.c: 114: {;mcc_generated_files/tmr1.c: 115:     if (T1CONbits.nT1SYNC == 1)
  4812     0D76  0020               	movlb	0	; select bank0
  4813     0D77  1D18               	btfss	24,2	;volatile
  4814     0D78  2D7A               	goto	u3091
  4815     0D79  2D7B               	goto	u3090
  4816     0D7A                     u3091:
  4817     0D7A  2D86               	goto	l2791
  4818     0D7B                     u3090:
  4819     0D7B                     l2783:
  4820                           
  4821                           ;mcc_generated_files/tmr1.c: 116:     {;mcc_generated_files/tmr1.c: 118:         T1CONbi
      +                          ts.TMR1ON = 0;
  4822     0D7B  1018               	bcf	24,0	;volatile
  4823     0D7C                     l2785:
  4824                           
  4825                           ;mcc_generated_files/tmr1.c: 121:         TMR1H = (uint8_t)(timerVal >> 8);
  4826     0D7C  0021               	movlb	1	; select bank1
  4827     0D7D  0821               	movf	(TMR1_WriteTimer@timerVal+1)^(0+128),w
  4828     0D7E  0020               	movlb	0	; select bank0
  4829     0D7F  0097               	movwf	23	;volatile
  4830     0D80                     l2787:
  4831                           
  4832                           ;mcc_generated_files/tmr1.c: 122:         TMR1L = (uint8_t)timerVal;
  4833     0D80  0021               	movlb	1	; select bank1
  4834     0D81  0820               	movf	TMR1_WriteTimer@timerVal^(0+128),w
  4835     0D82  0020               	movlb	0	; select bank0
  4836     0D83  0096               	movwf	22	;volatile
  4837     0D84                     l2789:
  4838                           
  4839                           ;mcc_generated_files/tmr1.c: 125:         T1CONbits.TMR1ON =1;
  4840     0D84  1418               	bsf	24,0	;volatile
  4841                           
  4842                           ;mcc_generated_files/tmr1.c: 126:     }
  4843     0D85  2D8E               	goto	l105
  4844     0D86                     l2791:
  4845                           
  4846                           ;mcc_generated_files/tmr1.c: 128:     {;mcc_generated_files/tmr1.c: 130:         TMR1H =
      +                           (uint8_t)(timerVal >> 8);
  4847     0D86  0021               	movlb	1	; select bank1
  4848     0D87  0821               	movf	(TMR1_WriteTimer@timerVal+1)^(0+128),w
  4849     0D88  0020               	movlb	0	; select bank0
  4850     0D89  0097               	movwf	23	;volatile
  4851     0D8A                     l2793:
  4852                           
  4853                           ;mcc_generated_files/tmr1.c: 131:         TMR1L = (uint8_t)timerVal;
  4854     0D8A  0021               	movlb	1	; select bank1
  4855     0D8B  0820               	movf	TMR1_WriteTimer@timerVal^(0+128),w
  4856     0D8C  0020               	movlb	0	; select bank0
  4857     0D8D  0096               	movwf	22	;volatile
  4858     0D8E                     l105:
  4859     0D8E  0008               	return
  4860     0D8F                     __end_of_TMR1_WriteTimer:
  4861                           
  4862                           	psect	text8
  4863     0CCA                     __ptext8:	
  4864 ;; *************** function _TMR1_StopTimer *****************
  4865 ;; Defined at:
  4866 ;;		line 92 in file "mcc_generated_files/tmr1.c"
  4867 ;; Parameters:    Size  Location     Type
  4868 ;;		None
  4869 ;; Auto vars:     Size  Location     Type
  4870 ;;		None
  4871 ;; Return value:  Size  Location     Type
  4872 ;;                  1    wreg      void 
  4873 ;; Registers used:
  4874 ;;		None
  4875 ;; Tracked objects:
  4876 ;;		On entry : 0/0
  4877 ;;		On exit  : 0/0
  4878 ;;		Unchanged: 0/0
  4879 ;; Data sizes:     COMMON   BANK0   BANK1   BANK2   BANK3   BANK4
  4880 ;;      Params:         0       0       0       0       0       0
  4881 ;;      Locals:         0       0       0       0       0       0
  4882 ;;      Temps:          0       0       0       0       0       0
  4883 ;;      Totals:         0       0       0       0       0       0
  4884 ;;Total ram usage:        0 bytes
  4885 ;; Hardware stack levels used: 1
  4886 ;; Hardware stack levels required when called: 6
  4887 ;; This function calls:
  4888 ;;		Nothing
  4889 ;; This function is called by:
  4890 ;;		_Trigger_and_Echo
  4891 ;; This function uses a non-reentrant model
  4892 ;;
  4893                           
  4894     0CCA                     _TMR1_StopTimer:	
  4895                           ;psect for function _TMR1_StopTimer
  4896                           
  4897     0CCA                     l2797:	
  4898                           ;incstack = 0
  4899                           ; Regs used in _TMR1_StopTimer: []
  4900                           
  4901                           
  4902                           ;mcc_generated_files/tmr1.c: 95:     T1CONbits.TMR1ON = 0;
  4903     0CCA  0020               	movlb	0	; select bank0
  4904     0CCB  1018               	bcf	24,0	;volatile
  4905     0CCC                     l97:
  4906     0CCC  0008               	return
  4907     0CCD                     __end_of_TMR1_StopTimer:
  4908                           
  4909                           	psect	text9
  4910     0CC7                     __ptext9:	
  4911 ;; *************** function _TMR1_StartTimer *****************
  4912 ;; Defined at:
  4913 ;;		line 86 in file "mcc_generated_files/tmr1.c"
  4914 ;; Parameters:    Size  Location     Type
  4915 ;;		None
  4916 ;; Auto vars:     Size  Location     Type
  4917 ;;		None
  4918 ;; Return value:  Size  Location     Type
  4919 ;;                  1    wreg      void 
  4920 ;; Registers used:
  4921 ;;		None
  4922 ;; Tracked objects:
  4923 ;;		On entry : 0/0
  4924 ;;		On exit  : 0/0
  4925 ;;		Unchanged: 0/0
  4926 ;; Data sizes:     COMMON   BANK0   BANK1   BANK2   BANK3   BANK4
  4927 ;;      Params:         0       0       0       0       0       0
  4928 ;;      Locals:         0       0       0       0       0       0
  4929 ;;      Temps:          0       0       0       0       0       0
  4930 ;;      Totals:         0       0       0       0       0       0
  4931 ;;Total ram usage:        0 bytes
  4932 ;; Hardware stack levels used: 1
  4933 ;; Hardware stack levels required when called: 6
  4934 ;; This function calls:
  4935 ;;		Nothing
  4936 ;; This function is called by:
  4937 ;;		_Trigger_and_Echo
  4938 ;; This function uses a non-reentrant model
  4939 ;;
  4940                           
  4941     0CC7                     _TMR1_StartTimer:	
  4942                           ;psect for function _TMR1_StartTimer
  4943                           
  4944     0CC7                     l2795:	
  4945                           ;incstack = 0
  4946                           ; Regs used in _TMR1_StartTimer: []
  4947                           
  4948                           
  4949                           ;mcc_generated_files/tmr1.c: 89:     T1CONbits.TMR1ON = 1;
  4950     0CC7  0020               	movlb	0	; select bank0
  4951     0CC8  1418               	bsf	24,0	;volatile
  4952     0CC9                     l94:
  4953     0CC9  0008               	return
  4954     0CCA                     __end_of_TMR1_StartTimer:
  4955                           
  4956                           	psect	text10
  4957     0DC6                     __ptext10:	
  4958 ;; *************** function _TMR1_ReadTimer *****************
  4959 ;; Defined at:
  4960 ;;		line 98 in file "mcc_generated_files/tmr1.c"
  4961 ;; Parameters:    Size  Location     Type
  4962 ;;		None
  4963 ;; Auto vars:     Size  Location     Type
  4964 ;;  readVal         2    7[BANK1 ] unsigned short 
  4965 ;;  readValLow      1   10[BANK1 ] unsigned char 
  4966 ;;  readValHigh     1    9[BANK1 ] unsigned char 
  4967 ;; Return value:  Size  Location     Type
  4968 ;;                  2    0[BANK1 ] unsigned short 
  4969 ;; Registers used:
  4970 ;;		wreg
  4971 ;; Tracked objects:
  4972 ;;		On entry : 0/0
  4973 ;;		On exit  : 0/0
  4974 ;;		Unchanged: 0/0
  4975 ;; Data sizes:     COMMON   BANK0   BANK1   BANK2   BANK3   BANK4
  4976 ;;      Params:         0       0       2       0       0       0
  4977 ;;      Locals:         0       0       4       0       0       0
  4978 ;;      Temps:          0       0       5       0       0       0
  4979 ;;      Totals:         0       0      11       0       0       0
  4980 ;;Total ram usage:       11 bytes
  4981 ;; Hardware stack levels used: 1
  4982 ;; Hardware stack levels required when called: 6
  4983 ;; This function calls:
  4984 ;;		Nothing
  4985 ;; This function is called by:
  4986 ;;		_Trigger_and_Echo
  4987 ;; This function uses a non-reentrant model
  4988 ;;
  4989                           
  4990     0DC6                     _TMR1_ReadTimer:	
  4991                           ;psect for function _TMR1_ReadTimer
  4992                           
  4993     0DC6                     l2799:	
  4994                           ;incstack = 0
  4995                           ; Regs used in _TMR1_ReadTimer: [wreg]
  4996                           
  4997                           
  4998                           ;mcc_generated_files/tmr1.c: 100:     uint16_t readVal;;mcc_generated_files/tmr1.c: 101:
      +                               uint8_t readValHigh;;mcc_generated_files/tmr1.c: 102:     uint8_t readValLow;;mcc_g
      +                          enerated_files/tmr1.c: 105:     readValLow = TMR1L;
  4999     0DC6  0020               	movlb	0	; select bank0
  5000     0DC7  0816               	movf	22,w	;volatile
  5001     0DC8  0021               	movlb	1	; select bank1
  5002     0DC9  00AA               	movwf	TMR1_ReadTimer@readValLow^(0+128)
  5003                           
  5004                           ;mcc_generated_files/tmr1.c: 106:     readValHigh = TMR1H;
  5005     0DCA  0020               	movlb	0	; select bank0
  5006     0DCB  0817               	movf	23,w	;volatile
  5007     0DCC  0021               	movlb	1	; select bank1
  5008     0DCD  00A9               	movwf	TMR1_ReadTimer@readValHigh^(0+128)
  5009                           
  5010                           ;mcc_generated_files/tmr1.c: 108:     readVal = ((uint16_t)readValHigh << 8) | readValLo
      +                          w;
  5011     0DCE  082A               	movf	TMR1_ReadTimer@readValLow^(0+128),w
  5012     0DCF  00A2               	movwf	??_TMR1_ReadTimer^(0+128)
  5013     0DD0  01A3               	clrf	(??_TMR1_ReadTimer^(0+128)+1)
  5014     0DD1  0829               	movf	TMR1_ReadTimer@readValHigh^(0+128),w
  5015     0DD2  00A4               	movwf	(??_TMR1_ReadTimer+2)^(0+128)
  5016     0DD3  01A5               	clrf	((??_TMR1_ReadTimer+2)^(0+128)+1)
  5017     0DD4  0824               	movf	(??_TMR1_ReadTimer+2)^(0+128),w
  5018     0DD5  00A5               	movwf	((??_TMR1_ReadTimer+2)^(0+128)+1)
  5019     0DD6  01A4               	clrf	(??_TMR1_ReadTimer+2)^(0+128)
  5020     0DD7  0822               	movf	??_TMR1_ReadTimer^(0+128),w
  5021     0DD8  0424               	iorwf	(??_TMR1_ReadTimer+2)^(0+128),w
  5022     0DD9  00A7               	movwf	TMR1_ReadTimer@readVal^(0+128)
  5023     0DDA  0823               	movf	(??_TMR1_ReadTimer+1)^(0+128),w
  5024     0DDB  0425               	iorwf	(??_TMR1_ReadTimer+3)^(0+128),w
  5025     0DDC  00A8               	movwf	(TMR1_ReadTimer@readVal+1)^(0+128)
  5026                           
  5027                           ;mcc_generated_files/tmr1.c: 110:     return readVal;
  5028     0DDD  0828               	movf	(TMR1_ReadTimer@readVal+1)^(0+128),w
  5029     0DDE  00A1               	movwf	(?_TMR1_ReadTimer+1)^(0+128)
  5030     0DDF  0827               	movf	TMR1_ReadTimer@readVal^(0+128),w
  5031     0DE0  00A0               	movwf	?_TMR1_ReadTimer^(0+128)
  5032     0DE1                     l100:
  5033     0DE1  0008               	return
  5034     0DE2                     __end_of_TMR1_ReadTimer:
  5035                           
  5036                           	psect	text11
  5037     0DE2                     __ptext11:	
  5038 ;; *************** function _SYSTEM_Initialize *****************
  5039 ;; Defined at:
  5040 ;;		line 50 in file "mcc_generated_files/mcc.c"
  5041 ;; Parameters:    Size  Location     Type
  5042 ;;		None
  5043 ;; Auto vars:     Size  Location     Type
  5044 ;;		None
  5045 ;; Return value:  Size  Location     Type
  5046 ;;                  1    wreg      void 
  5047 ;; Registers used:
  5048 ;;		wreg, status,2, status,0, pclath, cstack
  5049 ;; Tracked objects:
  5050 ;;		On entry : 0/0
  5051 ;;		On exit  : 0/0
  5052 ;;		Unchanged: 0/0
  5053 ;; Data sizes:     COMMON   BANK0   BANK1   BANK2   BANK3   BANK4
  5054 ;;      Params:         0       0       0       0       0       0
  5055 ;;      Locals:         0       0       0       0       0       0
  5056 ;;      Temps:          0       0       0       0       0       0
  5057 ;;      Totals:         0       0       0       0       0       0
  5058 ;;Total ram usage:        0 bytes
  5059 ;; Hardware stack levels used: 1
  5060 ;; Hardware stack levels required when called: 8
  5061 ;; This function calls:
  5062 ;;		_ADC_Initialize
  5063 ;;		_EPWM1_Initialize
  5064 ;;		_EUSART_Initialize
  5065 ;;		_FVR_Initialize
  5066 ;;		_OSCILLATOR_Initialize
  5067 ;;		_PIN_MANAGER_Initialize
  5068 ;;		_TMR0_Initialize
  5069 ;;		_TMR1_Initialize
  5070 ;;		_TMR2_Initialize
  5071 ;;		_WDT_Initialize
  5072 ;; This function is called by:
  5073 ;;		_main
  5074 ;; This function uses a non-reentrant model
  5075 ;;
  5076                           
  5077     0DE2                     _SYSTEM_Initialize:	
  5078                           ;psect for function _SYSTEM_Initialize
  5079                           
  5080     0DE2                     l3083:	
  5081                           ;incstack = 0
  5082                           ; Regs used in _SYSTEM_Initialize: [wreg+status,2+status,0+pclath+cstack]
  5083                           
  5084                           
  5085                           ;mcc_generated_files/mcc.c: 53:     PIN_MANAGER_Initialize();
  5086     0DE2  318D  2548  318D   	fcall	_PIN_MANAGER_Initialize
  5087                           
  5088                           ;mcc_generated_files/mcc.c: 54:     OSCILLATOR_Initialize();
  5089     0DE5  318C  24D5  318D   	fcall	_OSCILLATOR_Initialize
  5090                           
  5091                           ;mcc_generated_files/mcc.c: 55:     WDT_Initialize();
  5092     0DE8  318C  24D1  318D   	fcall	_WDT_Initialize
  5093                           
  5094                           ;mcc_generated_files/mcc.c: 56:     FVR_Initialize();
  5095     0DEB  318C  24CD  318D   	fcall	_FVR_Initialize
  5096                           
  5097                           ;mcc_generated_files/mcc.c: 57:     ADC_Initialize();
  5098     0DEE  318C  24DC  318D   	fcall	_ADC_Initialize
  5099                           
  5100                           ;mcc_generated_files/mcc.c: 58:     EPWM1_Initialize();
  5101     0DF1  3187  27ED  318D   	fcall	_EPWM1_Initialize
  5102                           
  5103                           ;mcc_generated_files/mcc.c: 59:     TMR2_Initialize();
  5104     0DF4  318C  24E4  318D   	fcall	_TMR2_Initialize
  5105                           
  5106                           ;mcc_generated_files/mcc.c: 60:     TMR1_Initialize();
  5107     0DF7  318D  251A  318D   	fcall	_TMR1_Initialize
  5108                           
  5109                           ;mcc_generated_files/mcc.c: 61:     TMR0_Initialize();
  5110     0DFA  318D  2533  318D   	fcall	_TMR0_Initialize
  5111                           
  5112                           ;mcc_generated_files/mcc.c: 62:     EUSART_Initialize();
  5113     0DFD  318E  2648  318D   	fcall	_EUSART_Initialize
  5114     0E00                     l148:
  5115     0E00  0008               	return
  5116     0E01                     __end_of_SYSTEM_Initialize:
  5117                           
  5118                           	psect	text12
  5119     0CD1                     __ptext12:	
  5120 ;; *************** function _WDT_Initialize *****************
  5121 ;; Defined at:
  5122 ;;		line 75 in file "mcc_generated_files/mcc.c"
  5123 ;; Parameters:    Size  Location     Type
  5124 ;;		None
  5125 ;; Auto vars:     Size  Location     Type
  5126 ;;		None
  5127 ;; Return value:  Size  Location     Type
  5128 ;;                  1    wreg      void 
  5129 ;; Registers used:
  5130 ;;		wreg
  5131 ;; Tracked objects:
  5132 ;;		On entry : 0/0
  5133 ;;		On exit  : 0/0
  5134 ;;		Unchanged: 0/0
  5135 ;; Data sizes:     COMMON   BANK0   BANK1   BANK2   BANK3   BANK4
  5136 ;;      Params:         0       0       0       0       0       0
  5137 ;;      Locals:         0       0       0       0       0       0
  5138 ;;      Temps:          0       0       0       0       0       0
  5139 ;;      Totals:         0       0       0       0       0       0
  5140 ;;Total ram usage:        0 bytes
  5141 ;; Hardware stack levels used: 1
  5142 ;; Hardware stack levels required when called: 6
  5143 ;; This function calls:
  5144 ;;		Nothing
  5145 ;; This function is called by:
  5146 ;;		_SYSTEM_Initialize
  5147 ;; This function uses a non-reentrant model
  5148 ;;
  5149                           
  5150     0CD1                     _WDT_Initialize:	
  5151                           ;psect for function _WDT_Initialize
  5152                           
  5153     0CD1                     l2829:	
  5154                           ;incstack = 0
  5155                           ; Regs used in _WDT_Initialize: [wreg]
  5156                           
  5157                           
  5158                           ;mcc_generated_files/mcc.c: 78:     WDTCON = 0x16;
  5159     0CD1  3016               	movlw	22
  5160     0CD2  0021               	movlb	1	; select bank1
  5161     0CD3  0097               	movwf	23	;volatile
  5162     0CD4                     l154:
  5163     0CD4  0008               	return
  5164     0CD5                     __end_of_WDT_Initialize:
  5165                           
  5166                           	psect	text13
  5167     0CE4                     __ptext13:	
  5168 ;; *************** function _TMR2_Initialize *****************
  5169 ;; Defined at:
  5170 ;;		line 62 in file "mcc_generated_files/tmr2.c"
  5171 ;; Parameters:    Size  Location     Type
  5172 ;;		None
  5173 ;; Auto vars:     Size  Location     Type
  5174 ;;		None
  5175 ;; Return value:  Size  Location     Type
  5176 ;;                  1    wreg      void 
  5177 ;; Registers used:
  5178 ;;		wreg, status,2
  5179 ;; Tracked objects:
  5180 ;;		On entry : 0/0
  5181 ;;		On exit  : 0/0
  5182 ;;		Unchanged: 0/0
  5183 ;; Data sizes:     COMMON   BANK0   BANK1   BANK2   BANK3   BANK4
  5184 ;;      Params:         0       0       0       0       0       0
  5185 ;;      Locals:         0       0       0       0       0       0
  5186 ;;      Temps:          0       0       0       0       0       0
  5187 ;;      Totals:         0       0       0       0       0       0
  5188 ;;Total ram usage:        0 bytes
  5189 ;; Hardware stack levels used: 1
  5190 ;; Hardware stack levels required when called: 6
  5191 ;; This function calls:
  5192 ;;		Nothing
  5193 ;; This function is called by:
  5194 ;;		_SYSTEM_Initialize
  5195 ;; This function uses a non-reentrant model
  5196 ;;
  5197                           
  5198     0CE4                     _TMR2_Initialize:	
  5199                           ;psect for function _TMR2_Initialize
  5200                           
  5201     0CE4                     l2851:	
  5202                           ;incstack = 0
  5203                           ; Regs used in _TMR2_Initialize: [wreg+status,2]
  5204                           
  5205                           
  5206                           ;mcc_generated_files/tmr2.c: 67:     PR2 = 0xFF;
  5207     0CE4  30FF               	movlw	255
  5208     0CE5  0020               	movlb	0	; select bank0
  5209     0CE6  009B               	movwf	27	;volatile
  5210     0CE7                     l2853:
  5211                           
  5212                           ;mcc_generated_files/tmr2.c: 70:     TMR2 = 0x00;
  5213     0CE7  019A               	clrf	26	;volatile
  5214     0CE8                     l2855:
  5215                           
  5216                           ;mcc_generated_files/tmr2.c: 73:     PIR1bits.TMR2IF = 0;
  5217     0CE8  1091               	bcf	17,1	;volatile
  5218     0CE9                     l2857:
  5219                           
  5220                           ;mcc_generated_files/tmr2.c: 76:     T2CON = 0x04;
  5221     0CE9  3004               	movlw	4
  5222     0CEA  009C               	movwf	28	;volatile
  5223     0CEB                     l167:
  5224     0CEB  0008               	return
  5225     0CEC                     __end_of_TMR2_Initialize:
  5226                           
  5227                           	psect	text14
  5228     0D1A                     __ptext14:	
  5229 ;; *************** function _TMR1_Initialize *****************
  5230 ;; Defined at:
  5231 ;;		line 63 in file "mcc_generated_files/tmr1.c"
  5232 ;; Parameters:    Size  Location     Type
  5233 ;;		None
  5234 ;; Auto vars:     Size  Location     Type
  5235 ;;		None
  5236 ;; Return value:  Size  Location     Type
  5237 ;;                  1    wreg      void 
  5238 ;; Registers used:
  5239 ;;		wreg, status,2
  5240 ;; Tracked objects:
  5241 ;;		On entry : 0/0
  5242 ;;		On exit  : 0/0
  5243 ;;		Unchanged: 0/0
  5244 ;; Data sizes:     COMMON   BANK0   BANK1   BANK2   BANK3   BANK4
  5245 ;;      Params:         0       0       0       0       0       0
  5246 ;;      Locals:         0       0       0       0       0       0
  5247 ;;      Temps:          0       0       0       0       0       0
  5248 ;;      Totals:         0       0       0       0       0       0
  5249 ;;Total ram usage:        0 bytes
  5250 ;; Hardware stack levels used: 1
  5251 ;; Hardware stack levels required when called: 6
  5252 ;; This function calls:
  5253 ;;		Nothing
  5254 ;; This function is called by:
  5255 ;;		_SYSTEM_Initialize
  5256 ;; This function uses a non-reentrant model
  5257 ;;
  5258                           
  5259     0D1A                     _TMR1_Initialize:	
  5260                           ;psect for function _TMR1_Initialize
  5261                           
  5262     0D1A                     l2803:	
  5263                           ;incstack = 0
  5264                           ; Regs used in _TMR1_Initialize: [wreg+status,2]
  5265                           
  5266                           
  5267                           ;mcc_generated_files/tmr1.c: 68:     T1GCON = 0x00;
  5268     0D1A  0020               	movlb	0	; select bank0
  5269     0D1B  0199               	clrf	25	;volatile
  5270                           
  5271                           ;mcc_generated_files/tmr1.c: 71:     TMR1H = 0x00;
  5272     0D1C  0197               	clrf	23	;volatile
  5273                           
  5274                           ;mcc_generated_files/tmr1.c: 74:     TMR1L = 0x00;
  5275     0D1D  0196               	clrf	22	;volatile
  5276     0D1E                     l2805:
  5277                           
  5278                           ;mcc_generated_files/tmr1.c: 77:     PIR1bits.TMR1IF = 0;
  5279     0D1E  1011               	bcf	17,0	;volatile
  5280     0D1F                     l2807:
  5281                           
  5282                           ;mcc_generated_files/tmr1.c: 80:     timer1ReloadVal=(uint16_t)((TMR1H << 8) | TMR1L);
  5283     0D1F  0817               	movf	23,w	;volatile
  5284     0D20  00C9               	movwf	_timer1ReloadVal+1	;volatile
  5285     0D21  0816               	movf	22,w	;volatile
  5286     0D22  00C8               	movwf	_timer1ReloadVal	;volatile
  5287     0D23                     l2809:
  5288                           
  5289                           ;mcc_generated_files/tmr1.c: 83:     T1CON = 0x01;
  5290     0D23  3001               	movlw	1
  5291     0D24  0098               	movwf	24	;volatile
  5292     0D25                     l91:
  5293     0D25  0008               	return
  5294     0D26                     __end_of_TMR1_Initialize:
  5295                           
  5296                           	psect	text15
  5297     0D33                     __ptext15:	
  5298 ;; *************** function _TMR0_Initialize *****************
  5299 ;; Defined at:
  5300 ;;		line 64 in file "mcc_generated_files/tmr0.c"
  5301 ;; Parameters:    Size  Location     Type
  5302 ;;		None
  5303 ;; Auto vars:     Size  Location     Type
  5304 ;;		None
  5305 ;; Return value:  Size  Location     Type
  5306 ;;                  1    wreg      void 
  5307 ;; Registers used:
  5308 ;;		wreg, status,2, status,0, pclath, cstack
  5309 ;; Tracked objects:
  5310 ;;		On entry : 0/0
  5311 ;;		On exit  : 0/0
  5312 ;;		Unchanged: 0/0
  5313 ;; Data sizes:     COMMON   BANK0   BANK1   BANK2   BANK3   BANK4
  5314 ;;      Params:         0       0       0       0       0       0
  5315 ;;      Locals:         0       0       0       0       0       0
  5316 ;;      Temps:          0       0       0       0       0       0
  5317 ;;      Totals:         0       0       0       0       0       0
  5318 ;;Total ram usage:        0 bytes
  5319 ;; Hardware stack levels used: 1
  5320 ;; Hardware stack levels required when called: 7
  5321 ;; This function calls:
  5322 ;;		_TMR0_SetInterruptHandler
  5323 ;; This function is called by:
  5324 ;;		_SYSTEM_Initialize
  5325 ;; This function uses a non-reentrant model
  5326 ;;
  5327                           
  5328     0D33                     _TMR0_Initialize:	
  5329                           ;psect for function _TMR0_Initialize
  5330                           
  5331     0D33                     l2859:	
  5332                           ;incstack = 0
  5333                           ; Regs used in _TMR0_Initialize: [wreg+status,2+status,0+pclath+cstack]
  5334                           
  5335                           
  5336                           ;mcc_generated_files/tmr0.c: 69:     OPTION_REG = (uint8_t)((OPTION_REG & 0xC0) | (0xD4 
      +                          & 0x3F));
  5337     0D33  0021               	movlb	1	; select bank1
  5338     0D34  0815               	movf	21,w	;volatile
  5339     0D35  39C0               	andlw	192
  5340     0D36  3814               	iorlw	20
  5341     0D37  0095               	movwf	21	;volatile
  5342     0D38                     l2861:
  5343                           
  5344                           ;mcc_generated_files/tmr0.c: 72:     TMR0 = 0x06;
  5345     0D38  3006               	movlw	6
  5346     0D39  0020               	movlb	0	; select bank0
  5347     0D3A  0095               	movwf	21	;volatile
  5348     0D3B                     l2863:
  5349                           
  5350                           ;mcc_generated_files/tmr0.c: 75:     timer0ReloadVal= 6;
  5351     0D3B  3006               	movlw	6
  5352     0D3C  00CE               	movwf	_timer0ReloadVal	;volatile
  5353     0D3D                     l2865:
  5354                           
  5355                           ;mcc_generated_files/tmr0.c: 78:     INTCONbits.TMR0IF = 0;
  5356     0D3D  110B               	bcf	11,2	;volatile
  5357     0D3E                     l2867:
  5358                           
  5359                           ;mcc_generated_files/tmr0.c: 81:     INTCONbits.TMR0IE = 1;
  5360     0D3E  168B               	bsf	11,5	;volatile
  5361     0D3F                     l2869:
  5362                           
  5363                           ;mcc_generated_files/tmr0.c: 84:     TMR0_SetInterruptHandler(TMR0_DefaultInterruptHandl
      +                          er);
  5364     0D3F  3003               	movlw	low _TMR0_DefaultInterruptHandler
  5365     0D40  0021               	movlb	1	; select bank1
  5366     0D41  00A0               	movwf	TMR0_SetInterruptHandler@InterruptHandler^(0+128)
  5367     0D42  3000               	movlw	high _TMR0_DefaultInterruptHandler
  5368     0D43  00A1               	movwf	(TMR0_SetInterruptHandler@InterruptHandler^(0+128)+1)
  5369     0D44  318D  2507  318D   	fcall	_TMR0_SetInterruptHandler
  5370     0D47                     l321:
  5371     0D47  0008               	return
  5372     0D48                     __end_of_TMR0_Initialize:
  5373                           
  5374                           	psect	text16
  5375     0D07                     __ptext16:	
  5376 ;; *************** function _TMR0_SetInterruptHandler *****************
  5377 ;; Defined at:
  5378 ;;		line 140 in file "mcc_generated_files/tmr0.c"
  5379 ;; Parameters:    Size  Location     Type
  5380 ;;  InterruptHan    2    0[BANK1 ] PTR FTN()void 
  5381 ;;		 -> TMR0_DefaultInterruptHandler(1), send_data(1), 
  5382 ;; Auto vars:     Size  Location     Type
  5383 ;;		None
  5384 ;; Return value:  Size  Location     Type
  5385 ;;                  1    wreg      void 
  5386 ;; Registers used:
  5387 ;;		wreg
  5388 ;; Tracked objects:
  5389 ;;		On entry : 0/0
  5390 ;;		On exit  : 0/0
  5391 ;;		Unchanged: 0/0
  5392 ;; Data sizes:     COMMON   BANK0   BANK1   BANK2   BANK3   BANK4
  5393 ;;      Params:         0       0       2       0       0       0
  5394 ;;      Locals:         0       0       0       0       0       0
  5395 ;;      Temps:          0       0       0       0       0       0
  5396 ;;      Totals:         0       0       2       0       0       0
  5397 ;;Total ram usage:        2 bytes
  5398 ;; Hardware stack levels used: 1
  5399 ;; Hardware stack levels required when called: 6
  5400 ;; This function calls:
  5401 ;;		Nothing
  5402 ;; This function is called by:
  5403 ;;		_main
  5404 ;;		_TMR0_Initialize
  5405 ;; This function uses a non-reentrant model
  5406 ;;
  5407                           
  5408     0D07                     _TMR0_SetInterruptHandler:	
  5409                           ;psect for function _TMR0_SetInterruptHandler
  5410                           
  5411     0D07                     l2757:	
  5412                           ;incstack = 0
  5413                           ; Regs used in _TMR0_SetInterruptHandler: [wreg]
  5414                           
  5415                           
  5416                           ;mcc_generated_files/tmr0.c: 141:     TMR0_InterruptHandler = InterruptHandler;
  5417     0D07  0021               	movlb	1	; select bank1
  5418     0D08  0821               	movf	(TMR0_SetInterruptHandler@InterruptHandler+1)^(0+128),w
  5419     0D09  0020               	movlb	0	; select bank0
  5420     0D0A  00D5               	movwf	_TMR0_InterruptHandler+1
  5421     0D0B  0021               	movlb	1	; select bank1
  5422     0D0C  0820               	movf	TMR0_SetInterruptHandler@InterruptHandler^(0+128),w
  5423     0D0D  0020               	movlb	0	; select bank0
  5424     0D0E  00D4               	movwf	_TMR0_InterruptHandler
  5425     0D0F                     l343:
  5426     0D0F  0008               	return
  5427     0D10                     __end_of_TMR0_SetInterruptHandler:
  5428                           
  5429                           	psect	text17
  5430     0D48                     __ptext17:	
  5431 ;; *************** function _PIN_MANAGER_Initialize *****************
  5432 ;; Defined at:
  5433 ;;		line 55 in file "mcc_generated_files/pin_manager.c"
  5434 ;; Parameters:    Size  Location     Type
  5435 ;;		None
  5436 ;; Auto vars:     Size  Location     Type
  5437 ;;		None
  5438 ;; Return value:  Size  Location     Type
  5439 ;;                  1    wreg      void 
  5440 ;; Registers used:
  5441 ;;		wreg, status,2
  5442 ;; Tracked objects:
  5443 ;;		On entry : 0/0
  5444 ;;		On exit  : 0/0
  5445 ;;		Unchanged: 0/0
  5446 ;; Data sizes:     COMMON   BANK0   BANK1   BANK2   BANK3   BANK4
  5447 ;;      Params:         0       0       0       0       0       0
  5448 ;;      Locals:         0       0       0       0       0       0
  5449 ;;      Temps:          0       0       0       0       0       0
  5450 ;;      Totals:         0       0       0       0       0       0
  5451 ;;Total ram usage:        0 bytes
  5452 ;; Hardware stack levels used: 1
  5453 ;; Hardware stack levels required when called: 6
  5454 ;; This function calls:
  5455 ;;		Nothing
  5456 ;; This function is called by:
  5457 ;;		_SYSTEM_Initialize
  5458 ;; This function uses a non-reentrant model
  5459 ;;
  5460                           
  5461     0D48                     _PIN_MANAGER_Initialize:	
  5462                           ;psect for function _PIN_MANAGER_Initialize
  5463                           
  5464     0D48                     l2811:	
  5465                           ;incstack = 0
  5466                           ; Regs used in _PIN_MANAGER_Initialize: [wreg+status,2]
  5467                           
  5468                           
  5469                           ;mcc_generated_files/pin_manager.c: 60:     LATA = 0x00;
  5470     0D48  0022               	movlb	2	; select bank2
  5471     0D49  018C               	clrf	12	;volatile
  5472                           
  5473                           ;mcc_generated_files/pin_manager.c: 61:     LATB = 0x00;
  5474     0D4A  018D               	clrf	13	;volatile
  5475     0D4B                     l2813:
  5476                           
  5477                           ;mcc_generated_files/pin_manager.c: 66:     TRISA = 0xEF;
  5478     0D4B  30EF               	movlw	239
  5479     0D4C  0021               	movlb	1	; select bank1
  5480     0D4D  008C               	movwf	12	;volatile
  5481     0D4E                     l2815:
  5482                           
  5483                           ;mcc_generated_files/pin_manager.c: 67:     TRISB = 0xF7;
  5484     0D4E  30F7               	movlw	247
  5485     0D4F  008D               	movwf	13	;volatile
  5486     0D50                     l2817:
  5487                           
  5488                           ;mcc_generated_files/pin_manager.c: 72:     ANSELB = 0xF0;
  5489     0D50  30F0               	movlw	240
  5490     0D51  0023               	movlb	3	; select bank3
  5491     0D52  008D               	movwf	13	;volatile
  5492     0D53                     l2819:
  5493                           
  5494                           ;mcc_generated_files/pin_manager.c: 73:     ANSELA = 0x11;
  5495     0D53  3011               	movlw	17
  5496     0D54  008C               	movwf	12	;volatile
  5497                           
  5498                           ;mcc_generated_files/pin_manager.c: 78:     WPUB = 0x00;
  5499     0D55  0024               	movlb	4	; select bank4
  5500     0D56  018D               	clrf	13	;volatile
  5501                           
  5502                           ;mcc_generated_files/pin_manager.c: 79:     WPUA = 0x00;
  5503     0D57  018C               	clrf	12	;volatile
  5504     0D58                     l2821:
  5505                           
  5506                           ;mcc_generated_files/pin_manager.c: 80:     OPTION_REGbits.nWPUEN = 1;
  5507     0D58  0021               	movlb	1	; select bank1
  5508     0D59  1795               	bsf	21,7	;volatile
  5509                           
  5510                           ;mcc_generated_files/pin_manager.c: 86:     APFCON0 = 0x00;
  5511     0D5A  0022               	movlb	2	; select bank2
  5512     0D5B  019D               	clrf	29	;volatile
  5513                           
  5514                           ;mcc_generated_files/pin_manager.c: 87:     APFCON1 = 0x00;
  5515     0D5C  019E               	clrf	30	;volatile
  5516     0D5D                     l211:
  5517     0D5D  0008               	return
  5518     0D5E                     __end_of_PIN_MANAGER_Initialize:
  5519                           
  5520                           	psect	text18
  5521     0CD5                     __ptext18:	
  5522 ;; *************** function _OSCILLATOR_Initialize *****************
  5523 ;; Defined at:
  5524 ;;		line 65 in file "mcc_generated_files/mcc.c"
  5525 ;; Parameters:    Size  Location     Type
  5526 ;;		None
  5527 ;; Auto vars:     Size  Location     Type
  5528 ;;		None
  5529 ;; Return value:  Size  Location     Type
  5530 ;;                  1    wreg      void 
  5531 ;; Registers used:
  5532 ;;		wreg, status,2
  5533 ;; Tracked objects:
  5534 ;;		On entry : 0/0
  5535 ;;		On exit  : 0/0
  5536 ;;		Unchanged: 0/0
  5537 ;; Data sizes:     COMMON   BANK0   BANK1   BANK2   BANK3   BANK4
  5538 ;;      Params:         0       0       0       0       0       0
  5539 ;;      Locals:         0       0       0       0       0       0
  5540 ;;      Temps:          0       0       0       0       0       0
  5541 ;;      Totals:         0       0       0       0       0       0
  5542 ;;Total ram usage:        0 bytes
  5543 ;; Hardware stack levels used: 1
  5544 ;; Hardware stack levels required when called: 6
  5545 ;; This function calls:
  5546 ;;		Nothing
  5547 ;; This function is called by:
  5548 ;;		_SYSTEM_Initialize
  5549 ;; This function uses a non-reentrant model
  5550 ;;
  5551                           
  5552     0CD5                     _OSCILLATOR_Initialize:	
  5553                           ;psect for function _OSCILLATOR_Initialize
  5554                           
  5555     0CD5                     l2823:	
  5556                           ;incstack = 0
  5557                           ; Regs used in _OSCILLATOR_Initialize: [wreg+status,2]
  5558                           
  5559                           
  5560                           ;mcc_generated_files/mcc.c: 68:     OSCCON = 0x78;
  5561     0CD5  3078               	movlw	120
  5562     0CD6  0021               	movlb	1	; select bank1
  5563     0CD7  0099               	movwf	25	;volatile
  5564     0CD8                     l2825:
  5565                           
  5566                           ;mcc_generated_files/mcc.c: 70:     OSCTUNE = 0x00;
  5567     0CD8  0198               	clrf	24	;volatile
  5568     0CD9                     l2827:
  5569                           
  5570                           ;mcc_generated_files/mcc.c: 72:     BORCON = 0x00;
  5571     0CD9  0022               	movlb	2	; select bank2
  5572     0CDA  0196               	clrf	22	;volatile
  5573     0CDB                     l151:
  5574     0CDB  0008               	return
  5575     0CDC                     __end_of_OSCILLATOR_Initialize:
  5576                           
  5577                           	psect	text19
  5578     0CCD                     __ptext19:	
  5579 ;; *************** function _FVR_Initialize *****************
  5580 ;; Defined at:
  5581 ;;		line 58 in file "mcc_generated_files/fvr.c"
  5582 ;; Parameters:    Size  Location     Type
  5583 ;;		None
  5584 ;; Auto vars:     Size  Location     Type
  5585 ;;		None
  5586 ;; Return value:  Size  Location     Type
  5587 ;;                  1    wreg      void 
  5588 ;; Registers used:
  5589 ;;		wreg
  5590 ;; Tracked objects:
  5591 ;;		On entry : 0/0
  5592 ;;		On exit  : 0/0
  5593 ;;		Unchanged: 0/0
  5594 ;; Data sizes:     COMMON   BANK0   BANK1   BANK2   BANK3   BANK4
  5595 ;;      Params:         0       0       0       0       0       0
  5596 ;;      Locals:         0       0       0       0       0       0
  5597 ;;      Temps:          0       0       0       0       0       0
  5598 ;;      Totals:         0       0       0       0       0       0
  5599 ;;Total ram usage:        0 bytes
  5600 ;; Hardware stack levels used: 1
  5601 ;; Hardware stack levels required when called: 6
  5602 ;; This function calls:
  5603 ;;		Nothing
  5604 ;; This function is called by:
  5605 ;;		_SYSTEM_Initialize
  5606 ;; This function uses a non-reentrant model
  5607 ;;
  5608                           
  5609     0CCD                     _FVR_Initialize:	
  5610                           ;psect for function _FVR_Initialize
  5611                           
  5612     0CCD                     l2779:	
  5613                           ;incstack = 0
  5614                           ; Regs used in _FVR_Initialize: [wreg]
  5615                           
  5616                           
  5617                           ;mcc_generated_files/fvr.c: 61:     FVRCON = 0x82;
  5618     0CCD  3082               	movlw	130
  5619     0CCE  0022               	movlb	2	; select bank2
  5620     0CCF  0097               	movwf	23	;volatile
  5621     0CD0                     l7:
  5622     0CD0  0008               	return
  5623     0CD1                     __end_of_FVR_Initialize:
  5624                           
  5625                           	psect	text20
  5626     0E48                     __ptext20:	
  5627 ;; *************** function _EUSART_Initialize *****************
  5628 ;; Defined at:
  5629 ;;		line 66 in file "mcc_generated_files/eusart.c"
  5630 ;; Parameters:    Size  Location     Type
  5631 ;;		None
  5632 ;; Auto vars:     Size  Location     Type
  5633 ;;		None
  5634 ;; Return value:  Size  Location     Type
  5635 ;;                  1    wreg      void 
  5636 ;; Registers used:
  5637 ;;		wreg, status,2, status,0, pclath, cstack
  5638 ;; Tracked objects:
  5639 ;;		On entry : 0/0
  5640 ;;		On exit  : 0/0
  5641 ;;		Unchanged: 0/0
  5642 ;; Data sizes:     COMMON   BANK0   BANK1   BANK2   BANK3   BANK4
  5643 ;;      Params:         0       0       0       0       0       0
  5644 ;;      Locals:         0       0       0       0       0       0
  5645 ;;      Temps:          0       0       0       0       0       0
  5646 ;;      Totals:         0       0       0       0       0       0
  5647 ;;Total ram usage:        0 bytes
  5648 ;; Hardware stack levels used: 1
  5649 ;; Hardware stack levels required when called: 7
  5650 ;; This function calls:
  5651 ;;		_EUSART_SetErrorHandler
  5652 ;;		_EUSART_SetFramingErrorHandler
  5653 ;;		_EUSART_SetOverrunErrorHandler
  5654 ;; This function is called by:
  5655 ;;		_SYSTEM_Initialize
  5656 ;; This function uses a non-reentrant model
  5657 ;;
  5658                           
  5659     0E48                     _EUSART_Initialize:	
  5660                           ;psect for function _EUSART_Initialize
  5661                           
  5662     0E48                     l2871:	
  5663                           ;incstack = 0
  5664                           ; Regs used in _EUSART_Initialize: [wreg+status,2+status,0+pclath+cstack]
  5665                           
  5666                           
  5667                           ;mcc_generated_files/eusart.c: 71:     BAUDCON = 0x08;
  5668     0E48  3008               	movlw	8
  5669     0E49  0023               	movlb	3	; select bank3
  5670     0E4A  009F               	movwf	31	;volatile
  5671                           
  5672                           ;mcc_generated_files/eusart.c: 74:     RCSTA = 0x90;
  5673     0E4B  3090               	movlw	144
  5674     0E4C  009D               	movwf	29	;volatile
  5675                           
  5676                           ;mcc_generated_files/eusart.c: 77:     TXSTA = 0x24;
  5677     0E4D  3024               	movlw	36
  5678     0E4E  009E               	movwf	30	;volatile
  5679                           
  5680                           ;mcc_generated_files/eusart.c: 80:     SPBRGL = 0xCF;
  5681     0E4F  30CF               	movlw	207
  5682     0E50  009B               	movwf	27	;volatile
  5683     0E51                     l2873:
  5684                           
  5685                           ;mcc_generated_files/eusart.c: 83:     SPBRGH = 0x00;
  5686     0E51  019C               	clrf	28	;volatile
  5687     0E52                     l2875:
  5688                           
  5689                           ;mcc_generated_files/eusart.c: 86:     EUSART_SetFramingErrorHandler(EUSART_DefaultFrami
      +                          ngErrorHandler);
  5690     0E52  3000               	movlw	0
  5691     0E53  0021               	movlb	1	; select bank1
  5692     0E54  00A0               	movwf	EUSART_SetFramingErrorHandler@interruptHandler^(0+128)
  5693     0E55  3000               	movlw	0
  5694     0E56  00A1               	movwf	(EUSART_SetFramingErrorHandler@interruptHandler^(0+128)+1)
  5695     0E57  318C  24F5  318E   	fcall	_EUSART_SetFramingErrorHandler
  5696     0E5A                     l2877:
  5697                           
  5698                           ;mcc_generated_files/eusart.c: 87:     EUSART_SetOverrunErrorHandler(EUSART_DefaultOverr
      +                          unErrorHandler);
  5699     0E5A  3000               	movlw	0
  5700     0E5B  0021               	movlb	1	; select bank1
  5701     0E5C  00A0               	movwf	EUSART_SetOverrunErrorHandler@interruptHandler^(0+128)
  5702     0E5D  3000               	movlw	0
  5703     0E5E  00A1               	movwf	(EUSART_SetOverrunErrorHandler@interruptHandler^(0+128)+1)
  5704     0E5F  318C  24FE  318E   	fcall	_EUSART_SetOverrunErrorHandler
  5705     0E62                     l2879:
  5706                           
  5707                           ;mcc_generated_files/eusart.c: 88:     EUSART_SetErrorHandler(EUSART_DefaultErrorHandler
      +                          );
  5708     0E62  3000               	movlw	0
  5709     0E63  0021               	movlb	1	; select bank1
  5710     0E64  00A0               	movwf	EUSART_SetErrorHandler@interruptHandler^(0+128)
  5711     0E65  3000               	movlw	0
  5712     0E66  00A1               	movwf	(EUSART_SetErrorHandler@interruptHandler^(0+128)+1)
  5713     0E67  318C  24EC  318E   	fcall	_EUSART_SetErrorHandler
  5714     0E6A                     l2881:
  5715                           
  5716                           ;mcc_generated_files/eusart.c: 90:     eusartRxLastError.status = 0;
  5717     0E6A  0020               	movlb	0	; select bank0
  5718     0E6B  01CF               	clrf	_eusartRxLastError	;volatile
  5719     0E6C                     l257:
  5720     0E6C  0008               	return
  5721     0E6D                     __end_of_EUSART_Initialize:
  5722                           
  5723                           	psect	text21
  5724     0CFE                     __ptext21:	
  5725 ;; *************** function _EUSART_SetOverrunErrorHandler *****************
  5726 ;; Defined at:
  5727 ;;		line 161 in file "mcc_generated_files/eusart.c"
  5728 ;; Parameters:    Size  Location     Type
  5729 ;;  interruptHan    2    0[BANK1 ] PTR FTN()void 
  5730 ;;		 -> EUSART_DefaultOverrunErrorHandler(1), 
  5731 ;; Auto vars:     Size  Location     Type
  5732 ;;		None
  5733 ;; Return value:  Size  Location     Type
  5734 ;;                  1    wreg      void 
  5735 ;; Registers used:
  5736 ;;		wreg
  5737 ;; Tracked objects:
  5738 ;;		On entry : 0/0
  5739 ;;		On exit  : 0/0
  5740 ;;		Unchanged: 0/0
  5741 ;; Data sizes:     COMMON   BANK0   BANK1   BANK2   BANK3   BANK4
  5742 ;;      Params:         0       0       2       0       0       0
  5743 ;;      Locals:         0       0       0       0       0       0
  5744 ;;      Temps:          0       0       0       0       0       0
  5745 ;;      Totals:         0       0       2       0       0       0
  5746 ;;Total ram usage:        2 bytes
  5747 ;; Hardware stack levels used: 1
  5748 ;; Hardware stack levels required when called: 6
  5749 ;; This function calls:
  5750 ;;		Nothing
  5751 ;; This function is called by:
  5752 ;;		_EUSART_Initialize
  5753 ;; This function uses a non-reentrant model
  5754 ;;
  5755                           
  5756     0CFE                     _EUSART_SetOverrunErrorHandler:	
  5757                           ;psect for function _EUSART_SetOverrunErrorHandler
  5758                           
  5759     0CFE                     l2761:	
  5760                           ;incstack = 0
  5761                           ; Regs used in _EUSART_SetOverrunErrorHandler: [wreg]
  5762                           
  5763                           
  5764                           ;mcc_generated_files/eusart.c: 162:     EUSART_OverrunErrorHandler = interruptHandler;
  5765     0CFE  0021               	movlb	1	; select bank1
  5766     0CFF  0821               	movf	(EUSART_SetOverrunErrorHandler@interruptHandler+1)^(0+128),w
  5767     0D00  0020               	movlb	0	; select bank0
  5768     0D01  00D9               	movwf	_EUSART_OverrunErrorHandler+1
  5769     0D02  0021               	movlb	1	; select bank1
  5770     0D03  0820               	movf	EUSART_SetOverrunErrorHandler@interruptHandler^(0+128),w
  5771     0D04  0020               	movlb	0	; select bank0
  5772     0D05  00D8               	movwf	_EUSART_OverrunErrorHandler
  5773     0D06                     l299:
  5774     0D06  0008               	return
  5775     0D07                     __end_of_EUSART_SetOverrunErrorHandler:
  5776                           
  5777                           	psect	text22
  5778     0CF5                     __ptext22:	
  5779 ;; *************** function _EUSART_SetFramingErrorHandler *****************
  5780 ;; Defined at:
  5781 ;;		line 157 in file "mcc_generated_files/eusart.c"
  5782 ;; Parameters:    Size  Location     Type
  5783 ;;  interruptHan    2    0[BANK1 ] PTR FTN()void 
  5784 ;;		 -> EUSART_DefaultFramingErrorHandler(1), 
  5785 ;; Auto vars:     Size  Location     Type
  5786 ;;		None
  5787 ;; Return value:  Size  Location     Type
  5788 ;;                  1    wreg      void 
  5789 ;; Registers used:
  5790 ;;		wreg
  5791 ;; Tracked objects:
  5792 ;;		On entry : 0/0
  5793 ;;		On exit  : 0/0
  5794 ;;		Unchanged: 0/0
  5795 ;; Data sizes:     COMMON   BANK0   BANK1   BANK2   BANK3   BANK4
  5796 ;;      Params:         0       0       2       0       0       0
  5797 ;;      Locals:         0       0       0       0       0       0
  5798 ;;      Temps:          0       0       0       0       0       0
  5799 ;;      Totals:         0       0       2       0       0       0
  5800 ;;Total ram usage:        2 bytes
  5801 ;; Hardware stack levels used: 1
  5802 ;; Hardware stack levels required when called: 6
  5803 ;; This function calls:
  5804 ;;		Nothing
  5805 ;; This function is called by:
  5806 ;;		_EUSART_Initialize
  5807 ;; This function uses a non-reentrant model
  5808 ;;
  5809                           
  5810     0CF5                     _EUSART_SetFramingErrorHandler:	
  5811                           ;psect for function _EUSART_SetFramingErrorHandler
  5812                           
  5813     0CF5                     l2759:	
  5814                           ;incstack = 0
  5815                           ; Regs used in _EUSART_SetFramingErrorHandler: [wreg]
  5816                           
  5817                           
  5818                           ;mcc_generated_files/eusart.c: 158:     EUSART_FramingErrorHandler = interruptHandler;
  5819     0CF5  0021               	movlb	1	; select bank1
  5820     0CF6  0821               	movf	(EUSART_SetFramingErrorHandler@interruptHandler+1)^(0+128),w
  5821     0CF7  0020               	movlb	0	; select bank0
  5822     0CF8  00DB               	movwf	_EUSART_FramingErrorHandler+1
  5823     0CF9  0021               	movlb	1	; select bank1
  5824     0CFA  0820               	movf	EUSART_SetFramingErrorHandler@interruptHandler^(0+128),w
  5825     0CFB  0020               	movlb	0	; select bank0
  5826     0CFC  00DA               	movwf	_EUSART_FramingErrorHandler
  5827     0CFD                     l296:
  5828     0CFD  0008               	return
  5829     0CFE                     __end_of_EUSART_SetFramingErrorHandler:
  5830                           
  5831                           	psect	text23
  5832     0CEC                     __ptext23:	
  5833 ;; *************** function _EUSART_SetErrorHandler *****************
  5834 ;; Defined at:
  5835 ;;		line 165 in file "mcc_generated_files/eusart.c"
  5836 ;; Parameters:    Size  Location     Type
  5837 ;;  interruptHan    2    0[BANK1 ] PTR FTN()void 
  5838 ;;		 -> EUSART_DefaultErrorHandler(1), 
  5839 ;; Auto vars:     Size  Location     Type
  5840 ;;		None
  5841 ;; Return value:  Size  Location     Type
  5842 ;;                  1    wreg      void 
  5843 ;; Registers used:
  5844 ;;		wreg
  5845 ;; Tracked objects:
  5846 ;;		On entry : 0/0
  5847 ;;		On exit  : 0/0
  5848 ;;		Unchanged: 0/0
  5849 ;; Data sizes:     COMMON   BANK0   BANK1   BANK2   BANK3   BANK4
  5850 ;;      Params:         0       0       2       0       0       0
  5851 ;;      Locals:         0       0       0       0       0       0
  5852 ;;      Temps:          0       0       0       0       0       0
  5853 ;;      Totals:         0       0       2       0       0       0
  5854 ;;Total ram usage:        2 bytes
  5855 ;; Hardware stack levels used: 1
  5856 ;; Hardware stack levels required when called: 6
  5857 ;; This function calls:
  5858 ;;		Nothing
  5859 ;; This function is called by:
  5860 ;;		_EUSART_Initialize
  5861 ;; This function uses a non-reentrant model
  5862 ;;
  5863                           
  5864     0CEC                     _EUSART_SetErrorHandler:	
  5865                           ;psect for function _EUSART_SetErrorHandler
  5866                           
  5867     0CEC                     l2763:	
  5868                           ;incstack = 0
  5869                           ; Regs used in _EUSART_SetErrorHandler: [wreg]
  5870                           
  5871                           
  5872                           ;mcc_generated_files/eusart.c: 166:     EUSART_ErrorHandler = interruptHandler;
  5873     0CEC  0021               	movlb	1	; select bank1
  5874     0CED  0821               	movf	(EUSART_SetErrorHandler@interruptHandler+1)^(0+128),w
  5875     0CEE  0020               	movlb	0	; select bank0
  5876     0CEF  00D7               	movwf	_EUSART_ErrorHandler+1
  5877     0CF0  0021               	movlb	1	; select bank1
  5878     0CF1  0820               	movf	EUSART_SetErrorHandler@interruptHandler^(0+128),w
  5879     0CF2  0020               	movlb	0	; select bank0
  5880     0CF3  00D6               	movwf	_EUSART_ErrorHandler
  5881     0CF4                     l302:
  5882     0CF4  0008               	return
  5883     0CF5                     __end_of_EUSART_SetErrorHandler:
  5884                           
  5885                           	psect	text24
  5886     07ED                     __ptext24:	
  5887 ;; *************** function _EPWM1_Initialize *****************
  5888 ;; Defined at:
  5889 ;;		line 64 in file "mcc_generated_files/epwm1.c"
  5890 ;; Parameters:    Size  Location     Type
  5891 ;;		None
  5892 ;; Auto vars:     Size  Location     Type
  5893 ;;		None
  5894 ;; Return value:  Size  Location     Type
  5895 ;;                  1    wreg      void 
  5896 ;; Registers used:
  5897 ;;		wreg, status,2, status,0
  5898 ;; Tracked objects:
  5899 ;;		On entry : 0/0
  5900 ;;		On exit  : 0/0
  5901 ;;		Unchanged: 0/0
  5902 ;; Data sizes:     COMMON   BANK0   BANK1   BANK2   BANK3   BANK4
  5903 ;;      Params:         0       0       0       0       0       0
  5904 ;;      Locals:         0       0       0       0       0       0
  5905 ;;      Temps:          0       0       0       0       0       0
  5906 ;;      Totals:         0       0       0       0       0       0
  5907 ;;Total ram usage:        0 bytes
  5908 ;; Hardware stack levels used: 1
  5909 ;; Hardware stack levels required when called: 6
  5910 ;; This function calls:
  5911 ;;		Nothing
  5912 ;; This function is called by:
  5913 ;;		_SYSTEM_Initialize
  5914 ;; This function uses a non-reentrant model
  5915 ;;
  5916                           
  5917     07ED                     _EPWM1_Initialize:	
  5918                           ;psect for function _EPWM1_Initialize
  5919                           
  5920     07ED                     l2837:	
  5921                           ;incstack = 0
  5922                           ; Regs used in _EPWM1_Initialize: [wreg+status,2+status,0]
  5923                           
  5924                           
  5925                           ;mcc_generated_files/epwm1.c: 69:  CCP1CON = 0x0C;
  5926     07ED  300C               	movlw	12
  5927     07EE  0025               	movlb	5	; select bank5
  5928     07EF  0093               	movwf	19	;volatile
  5929     07F0                     l2839:
  5930                           
  5931                           ;mcc_generated_files/epwm1.c: 72:  ECCP1AS = 0x00;
  5932     07F0  0195               	clrf	21	;volatile
  5933     07F1                     l2841:
  5934                           
  5935                           ;mcc_generated_files/epwm1.c: 75:  PWM1CON = 0x80;
  5936     07F1  3080               	movlw	128
  5937     07F2  0094               	movwf	20	;volatile
  5938     07F3                     l2843:
  5939                           
  5940                           ;mcc_generated_files/epwm1.c: 78:  PSTR1CON = 0x01;
  5941     07F3  3001               	movlw	1
  5942     07F4  0096               	movwf	22	;volatile
  5943     07F5                     l2845:
  5944                           
  5945                           ;mcc_generated_files/epwm1.c: 81:  CCPR1H = 0x00;
  5946     07F5  0192               	clrf	18	;volatile
  5947     07F6                     l2847:
  5948                           
  5949                           ;mcc_generated_files/epwm1.c: 84:  CCPR1L = 0x00;
  5950     07F6  0191               	clrf	17	;volatile
  5951     07F7                     l2849:
  5952                           
  5953                           ;mcc_generated_files/epwm1.c: 87:  CCPTMRS0bits.C1TSEL = 0x0;
  5954     07F7  30FC               	movlw	-4
  5955     07F8  059E               	andwf	30,f	;volatile
  5956     07F9                     l401:
  5957     07F9  0008               	return
  5958     07FA                     __end_of_EPWM1_Initialize:
  5959                           
  5960                           	psect	text25
  5961     0CDC                     __ptext25:	
  5962 ;; *************** function _ADC_Initialize *****************
  5963 ;; Defined at:
  5964 ;;		line 67 in file "mcc_generated_files/adc.c"
  5965 ;; Parameters:    Size  Location     Type
  5966 ;;		None
  5967 ;; Auto vars:     Size  Location     Type
  5968 ;;		None
  5969 ;; Return value:  Size  Location     Type
  5970 ;;                  1    wreg      void 
  5971 ;; Registers used:
  5972 ;;		wreg, status,2
  5973 ;; Tracked objects:
  5974 ;;		On entry : 0/0
  5975 ;;		On exit  : 0/0
  5976 ;;		Unchanged: 0/0
  5977 ;; Data sizes:     COMMON   BANK0   BANK1   BANK2   BANK3   BANK4
  5978 ;;      Params:         0       0       0       0       0       0
  5979 ;;      Locals:         0       0       0       0       0       0
  5980 ;;      Temps:          0       0       0       0       0       0
  5981 ;;      Totals:         0       0       0       0       0       0
  5982 ;;Total ram usage:        0 bytes
  5983 ;; Hardware stack levels used: 1
  5984 ;; Hardware stack levels required when called: 6
  5985 ;; This function calls:
  5986 ;;		Nothing
  5987 ;; This function is called by:
  5988 ;;		_SYSTEM_Initialize
  5989 ;; This function uses a non-reentrant model
  5990 ;;
  5991                           
  5992     0CDC                     _ADC_Initialize:	
  5993                           ;psect for function _ADC_Initialize
  5994                           
  5995     0CDC                     l2831:	
  5996                           ;incstack = 0
  5997                           ; Regs used in _ADC_Initialize: [wreg+status,2]
  5998                           
  5999                           
  6000                           ;mcc_generated_files/adc.c: 72:     ADCON1 = 0xD3;
  6001     0CDC  30D3               	movlw	211
  6002     0CDD  0021               	movlb	1	; select bank1
  6003     0CDE  009E               	movwf	30	;volatile
  6004     0CDF                     l2833:
  6005                           
  6006                           ;mcc_generated_files/adc.c: 75:     ADRESL = 0x00;
  6007     0CDF  019B               	clrf	27	;volatile
  6008     0CE0                     l2835:
  6009                           
  6010                           ;mcc_generated_files/adc.c: 78:     ADRESH = 0x00;
  6011     0CE0  019C               	clrf	28	;volatile
  6012                           
  6013                           ;mcc_generated_files/adc.c: 81:     ADCON0 = 0x01;
  6014     0CE1  3001               	movlw	1
  6015     0CE2  009D               	movwf	29	;volatile
  6016     0CE3                     l363:
  6017     0CE3  0008               	return
  6018     0CE4                     __end_of_ADC_Initialize:
  6019                           
  6020                           	psect	text26
  6021     0DAA                     __ptext26:	
  6022 ;; *************** function _EPWM1_LoadDutyValue *****************
  6023 ;; Defined at:
  6024 ;;		line 90 in file "mcc_generated_files/epwm1.c"
  6025 ;; Parameters:    Size  Location     Type
  6026 ;;  dutyValue       2    0[BANK1 ] unsigned short 
  6027 ;; Auto vars:     Size  Location     Type
  6028 ;;		None
  6029 ;; Return value:  Size  Location     Type
  6030 ;;                  1    wreg      void 
  6031 ;; Registers used:
  6032 ;;		wreg, status,2, status,0
  6033 ;; Tracked objects:
  6034 ;;		On entry : 0/0
  6035 ;;		On exit  : 0/0
  6036 ;;		Unchanged: 0/0
  6037 ;; Data sizes:     COMMON   BANK0   BANK1   BANK2   BANK3   BANK4
  6038 ;;      Params:         0       0       2       0       0       0
  6039 ;;      Locals:         0       0       0       0       0       0
  6040 ;;      Temps:          0       0       2       0       0       0
  6041 ;;      Totals:         0       0       4       0       0       0
  6042 ;;Total ram usage:        4 bytes
  6043 ;; Hardware stack levels used: 1
  6044 ;; Hardware stack levels required when called: 6
  6045 ;; This function calls:
  6046 ;;		Nothing
  6047 ;; This function is called by:
  6048 ;;		_main
  6049 ;; This function uses a non-reentrant model
  6050 ;;
  6051                           
  6052     0DAA                     _EPWM1_LoadDutyValue:	
  6053                           ;psect for function _EPWM1_LoadDutyValue
  6054                           
  6055     0DAA                     l3085:	
  6056                           ;incstack = 0
  6057                           ; Regs used in _EPWM1_LoadDutyValue: [wreg+status,2+status,0]
  6058                           
  6059                           
  6060                           ;mcc_generated_files/epwm1.c: 90: void EPWM1_LoadDutyValue(uint16_t dutyValue);mcc_gener
      +                          ated_files/epwm1.c: 91: {;mcc_generated_files/epwm1.c: 93:     CCPR1L = ((dutyValue & 0x
      +                          03FC)>>2);
  6061     0DAA  0021               	movlb	1	; select bank1
  6062     0DAB  0821               	movf	(EPWM1_LoadDutyValue@dutyValue+1)^(0+128),w
  6063     0DAC  00A3               	movwf	(??_EPWM1_LoadDutyValue^(0+128)+1)
  6064     0DAD  0820               	movf	EPWM1_LoadDutyValue@dutyValue^(0+128),w
  6065     0DAE  00A2               	movwf	??_EPWM1_LoadDutyValue^(0+128)
  6066     0DAF  36A3               	lsrf	(??_EPWM1_LoadDutyValue^(0+128)+1),f
  6067     0DB0  0CA2               	rrf	??_EPWM1_LoadDutyValue^(0+128),f
  6068     0DB1  36A3               	lsrf	(??_EPWM1_LoadDutyValue^(0+128)+1),f
  6069     0DB2  0CA2               	rrf	??_EPWM1_LoadDutyValue^(0+128),f
  6070     0DB3  0822               	movf	??_EPWM1_LoadDutyValue^(0+128),w
  6071     0DB4  0025               	movlb	5	; select bank5
  6072     0DB5  0091               	movwf	17	;volatile
  6073                           
  6074                           ;mcc_generated_files/epwm1.c: 96:     CCP1CON = ((uint8_t)(CCP1CON & 0xCF) | ((dutyValue
      +                           & 0x0003)<<4));
  6075     0DB6  0021               	movlb	1	; select bank1
  6076     0DB7  0820               	movf	EPWM1_LoadDutyValue@dutyValue^(0+128),w
  6077     0DB8  3903               	andlw	3
  6078     0DB9  00A2               	movwf	??_EPWM1_LoadDutyValue^(0+128)
  6079     0DBA  3004               	movlw	4
  6080     0DBB                     u3525:
  6081     0DBB  35A2               	lslf	??_EPWM1_LoadDutyValue^(0+128),f
  6082     0DBC  0B89               	decfsz	9,f
  6083     0DBD  2DBB               	goto	u3525
  6084     0DBE  0025               	movlb	5	; select bank5
  6085     0DBF  0813               	movf	19,w	;volatile
  6086     0DC0  39CF               	andlw	207
  6087     0DC1  0021               	movlb	1	; select bank1
  6088     0DC2  0422               	iorwf	??_EPWM1_LoadDutyValue^(0+128),w
  6089     0DC3  0025               	movlb	5	; select bank5
  6090     0DC4  0093               	movwf	19	;volatile
  6091     0DC5                     l404:
  6092     0DC5  0008               	return
  6093     0DC6                     __end_of_EPWM1_LoadDutyValue:
  6094                           
  6095                           	psect	intentry
  6096     0004                     __pintentry:	
  6097 ;; *************** function _INTERRUPT_InterruptManager *****************
  6098 ;; Defined at:
  6099 ;;		line 52 in file "mcc_generated_files/interrupt_manager.c"
  6100 ;; Parameters:    Size  Location     Type
  6101 ;;		None
  6102 ;; Auto vars:     Size  Location     Type
  6103 ;;		None
  6104 ;; Return value:  Size  Location     Type
  6105 ;;                  1    wreg      void 
  6106 ;; Registers used:
  6107 ;;		wreg, status,2, status,0, pclath, cstack
  6108 ;; Tracked objects:
  6109 ;;		On entry : 0/0
  6110 ;;		On exit  : 0/0
  6111 ;;		Unchanged: 0/0
  6112 ;; Data sizes:     COMMON   BANK0   BANK1   BANK2   BANK3   BANK4
  6113 ;;      Params:         0       0       0       0       0       0
  6114 ;;      Locals:         0       0       0       0       0       0
  6115 ;;      Temps:          0       0       0       0       0       0
  6116 ;;      Totals:         0       0       0       0       0       0
  6117 ;;Total ram usage:        0 bytes
  6118 ;; Hardware stack levels used: 1
  6119 ;; Hardware stack levels required when called: 5
  6120 ;; This function calls:
  6121 ;;		_TMR0_ISR
  6122 ;; This function is called by:
  6123 ;;		Interrupt level 1
  6124 ;; This function uses a non-reentrant model
  6125 ;;
  6126                           
  6127     0004                     _INTERRUPT_InterruptManager:
  6128                           
  6129                           ;incstack = 0
  6130     0004  147E               	bsf	int$flags,0	;set compiler interrupt flag (level 1)
  6131                           
  6132                           ; Regs used in _INTERRUPT_InterruptManager: [wreg+status,2+status,0+pclath+cstack]
  6133     0005  3180               	pagesel	$
  6134     0006                     i1l2751:
  6135                           
  6136                           ;mcc_generated_files/interrupt_manager.c: 55:     if(INTCONbits.TMR0IE == 1 && INTCONbit
      +                          s.TMR0IF == 1)
  6137     0006  1E8B               	btfss	11,5	;volatile
  6138     0007  2809               	goto	u304_21
  6139     0008  280A               	goto	u304_20
  6140     0009                     u304_21:
  6141     0009  2811               	goto	i1l415
  6142     000A                     u304_20:
  6143     000A                     i1l2753:
  6144     000A  1D0B               	btfss	11,2	;volatile
  6145     000B  280D               	goto	u305_21
  6146     000C  280E               	goto	u305_20
  6147     000D                     u305_21:
  6148     000D  2811               	goto	i1l415
  6149     000E                     u305_20:
  6150     000E                     i1l2755:
  6151                           
  6152                           ;mcc_generated_files/interrupt_manager.c: 56:     {;mcc_generated_files/interrupt_manage
      +                          r.c: 57:         TMR0_ISR();
  6153     000E  318D  255E  3180   	fcall	_TMR0_ISR
  6154     0011                     i1l415:	
  6155                           ;mcc_generated_files/interrupt_manager.c: 58:     }
  6156                           
  6157     0011  107E               	bcf	int$flags,0	;clear compiler interrupt flag (level 1)
  6158     0012  0009               	retfie
  6159     0013                     __end_of_INTERRUPT_InterruptManager:
  6160                           
  6161                           	psect	text28
  6162     0D5E                     __ptext28:	
  6163 ;; *************** function _TMR0_ISR *****************
  6164 ;; Defined at:
  6165 ;;		line 108 in file "mcc_generated_files/tmr0.c"
  6166 ;; Parameters:    Size  Location     Type
  6167 ;;		None
  6168 ;; Auto vars:     Size  Location     Type
  6169 ;;		None
  6170 ;; Return value:  Size  Location     Type
  6171 ;;                  1    wreg      void 
  6172 ;; Registers used:
  6173 ;;		wreg, status,2, status,0, pclath, cstack
  6174 ;; Tracked objects:
  6175 ;;		On entry : 0/0
  6176 ;;		On exit  : 0/0
  6177 ;;		Unchanged: 0/0
  6178 ;; Data sizes:     COMMON   BANK0   BANK1   BANK2   BANK3   BANK4
  6179 ;;      Params:         0       0       0       0       0       0
  6180 ;;      Locals:         0       0       0       0       0       0
  6181 ;;      Temps:          0       0       0       0       0       0
  6182 ;;      Totals:         0       0       0       0       0       0
  6183 ;;Total ram usage:        0 bytes
  6184 ;; Hardware stack levels used: 1
  6185 ;; Hardware stack levels required when called: 4
  6186 ;; This function calls:
  6187 ;;		_TMR0_CallBack
  6188 ;; This function is called by:
  6189 ;;		_INTERRUPT_InterruptManager
  6190 ;; This function uses a non-reentrant model
  6191 ;;
  6192                           
  6193     0D5E                     _TMR0_ISR:	
  6194                           ;psect for function _TMR0_ISR
  6195                           
  6196     0D5E                     i1l2703:	
  6197                           ;incstack = 0
  6198                           ; Regs used in _TMR0_ISR: [wreg+status,2+status,0+pclath+cstack]
  6199                           
  6200                           
  6201                           ;mcc_generated_files/tmr0.c: 110:     static volatile uint16_t CountCallBack = 0;;mcc_ge
      +                          nerated_files/tmr0.c: 113:     INTCONbits.TMR0IF = 0;
  6202     0D5E  110B               	bcf	11,2	;volatile
  6203     0D5F                     i1l2705:
  6204                           
  6205                           ;mcc_generated_files/tmr0.c: 115:     TMR0 = timer0ReloadVal;
  6206     0D5F  0020               	movlb	0	; select bank0
  6207     0D60  084E               	movf	_timer0ReloadVal,w	;volatile
  6208     0D61  0095               	movwf	21	;volatile
  6209                           
  6210                           ;mcc_generated_files/tmr0.c: 118:     if (++CountCallBack >= 10)
  6211     0D62  3001               	movlw	1
  6212     0D63  07C6               	addwf	TMR0_ISR@CountCallBack,f	;volatile
  6213     0D64  3000               	movlw	0
  6214     0D65  3DC7               	addwfc	TMR0_ISR@CountCallBack+1,f	;volatile
  6215     0D66  3000               	movlw	0
  6216     0D67  0247               	subwf	TMR0_ISR@CountCallBack+1,w	;volatile
  6217     0D68  300A               	movlw	10
  6218     0D69  1903               	skipnz
  6219     0D6A  0246               	subwf	TMR0_ISR@CountCallBack,w	;volatile
  6220     0D6B  1C03               	skipc
  6221     0D6C  2D6E               	goto	u297_21
  6222     0D6D  2D6F               	goto	u297_20
  6223     0D6E                     u297_21:
  6224     0D6E  2D75               	goto	i1l336
  6225     0D6F                     u297_20:
  6226     0D6F                     i1l2707:
  6227                           
  6228                           ;mcc_generated_files/tmr0.c: 119:     {;mcc_generated_files/tmr0.c: 121:         TMR0_Ca
      +                          llBack();
  6229     0D6F  318D  2526  318D   	fcall	_TMR0_CallBack
  6230     0D72                     i1l2709:
  6231                           
  6232                           ;mcc_generated_files/tmr0.c: 124:         CountCallBack = 0;
  6233     0D72  0020               	movlb	0	; select bank0
  6234     0D73  01C6               	clrf	TMR0_ISR@CountCallBack	;volatile
  6235     0D74  01C7               	clrf	TMR0_ISR@CountCallBack+1	;volatile
  6236     0D75                     i1l336:
  6237     0D75  0008               	return
  6238     0D76                     __end_of_TMR0_ISR:
  6239                           
  6240                           	psect	text29
  6241     0D26                     __ptext29:	
  6242 ;; *************** function _TMR0_CallBack *****************
  6243 ;; Defined at:
  6244 ;;		line 130 in file "mcc_generated_files/tmr0.c"
  6245 ;; Parameters:    Size  Location     Type
  6246 ;;		None
  6247 ;; Auto vars:     Size  Location     Type
  6248 ;;		None
  6249 ;; Return value:  Size  Location     Type
  6250 ;;                  1    wreg      void 
  6251 ;; Registers used:
  6252 ;;		wreg, status,2, status,0, pclath, cstack
  6253 ;; Tracked objects:
  6254 ;;		On entry : 0/0
  6255 ;;		On exit  : 0/0
  6256 ;;		Unchanged: 0/0
  6257 ;; Data sizes:     COMMON   BANK0   BANK1   BANK2   BANK3   BANK4
  6258 ;;      Params:         0       0       0       0       0       0
  6259 ;;      Locals:         0       0       0       0       0       0
  6260 ;;      Temps:          0       0       0       0       0       0
  6261 ;;      Totals:         0       0       0       0       0       0
  6262 ;;Total ram usage:        0 bytes
  6263 ;; Hardware stack levels used: 1
  6264 ;; Hardware stack levels required when called: 3
  6265 ;; This function calls:
  6266 ;;		NULL
  6267 ;;		_TMR0_DefaultInterruptHandler
  6268 ;;		_send_data
  6269 ;; This function is called by:
  6270 ;;		_TMR0_ISR
  6271 ;; This function uses a non-reentrant model
  6272 ;;
  6273                           
  6274     0D26                     _TMR0_CallBack:	
  6275                           ;psect for function _TMR0_CallBack
  6276                           
  6277     0D26                     i1l2319:	
  6278                           ;incstack = 0
  6279                           ; Regs used in _TMR0_CallBack: [wreg+status,2+status,0+pclath+cstack]
  6280                           
  6281                           
  6282                           ;mcc_generated_files/tmr0.c: 134:     if(TMR0_InterruptHandler)
  6283     0D26  0020               	movlb	0	; select bank0
  6284     0D27  0854               	movf	_TMR0_InterruptHandler,w
  6285     0D28  0455               	iorwf	_TMR0_InterruptHandler+1,w
  6286     0D29  1903               	btfsc	3,2
  6287     0D2A  2D2C               	goto	u214_21
  6288     0D2B  2D2D               	goto	u214_20
  6289     0D2C                     u214_21:
  6290     0D2C  2D32               	goto	i1l340
  6291     0D2D                     u214_20:
  6292     0D2D                     i1l2321:
  6293                           
  6294                           ;mcc_generated_files/tmr0.c: 135:     {;mcc_generated_files/tmr0.c: 136:         TMR0_In
      +                          terruptHandler();
  6295     0D2D  0855               	movf	_TMR0_InterruptHandler+1,w
  6296     0D2E  008A               	movwf	10
  6297     0D2F  0854               	movf	_TMR0_InterruptHandler,w
  6298     0D30  000A               	callw
  6299     0D31  318D               	pagesel	$
  6300     0D32                     i1l340:
  6301     0D32  0008               	return
  6302     0D33                     __end_of_TMR0_CallBack:
  6303                           
  6304                           	psect	text30
  6305     0003                     __ptext30:	
  6306 ;; *************** function _TMR0_DefaultInterruptHandler *****************
  6307 ;; Defined at:
  6308 ;;		line 144 in file "mcc_generated_files/tmr0.c"
  6309 ;; Parameters:    Size  Location     Type
  6310 ;;		None
  6311 ;; Auto vars:     Size  Location     Type
  6312 ;;		None
  6313 ;; Return value:  Size  Location     Type
  6314 ;;                  1    wreg      void 
  6315 ;; Registers used:
  6316 ;;		None
  6317 ;; Tracked objects:
  6318 ;;		On entry : 0/0
  6319 ;;		On exit  : 0/0
  6320 ;;		Unchanged: 0/0
  6321 ;; Data sizes:     COMMON   BANK0   BANK1   BANK2   BANK3   BANK4
  6322 ;;      Params:         0       0       0       0       0       0
  6323 ;;      Locals:         0       0       0       0       0       0
  6324 ;;      Temps:          0       0       0       0       0       0
  6325 ;;      Totals:         0       0       0       0       0       0
  6326 ;;Total ram usage:        0 bytes
  6327 ;; Hardware stack levels used: 1
  6328 ;; This function calls:
  6329 ;;		Nothing
  6330 ;; This function is called by:
  6331 ;;		_TMR0_Initialize
  6332 ;;		_TMR0_CallBack
  6333 ;; This function uses a non-reentrant model
  6334 ;;
  6335                           
  6336     0003                     _TMR0_DefaultInterruptHandler:	
  6337                           ;psect for function _TMR0_DefaultInterruptHandler
  6338                           
  6339     0003                     i1l346:	
  6340                           ;incstack = 0
  6341                           ; Regs used in _TMR0_DefaultInterruptHandler: []
  6342                           
  6343     0003  0008               	return
  6344     0004                     __end_of_TMR0_DefaultInterruptHandler:
  6345                           
  6346                           	psect	text31
  6347     0799                     __ptext31:	
  6348 ;; *************** function _send_data *****************
  6349 ;; Defined at:
  6350 ;;		line 50 in file "main.c"
  6351 ;; Parameters:    Size  Location     Type
  6352 ;;		None
  6353 ;; Auto vars:     Size  Location     Type
  6354 ;;		None
  6355 ;; Return value:  Size  Location     Type
  6356 ;;                  1    wreg      void 
  6357 ;; Registers used:
  6358 ;;		wreg, status,2, status,0, pclath, cstack
  6359 ;; Tracked objects:
  6360 ;;		On entry : 0/0
  6361 ;;		On exit  : 0/0
  6362 ;;		Unchanged: 0/0
  6363 ;; Data sizes:     COMMON   BANK0   BANK1   BANK2   BANK3   BANK4
  6364 ;;      Params:         0       0       0       0       0       0
  6365 ;;      Locals:         0       0       0       0       0       0
  6366 ;;      Temps:          0       0       0       0       0       0
  6367 ;;      Totals:         0       0       0       0       0       0
  6368 ;;Total ram usage:        0 bytes
  6369 ;; Hardware stack levels used: 1
  6370 ;; Hardware stack levels required when called: 2
  6371 ;; This function calls:
  6372 ;;		_ADC_GetConversion
  6373 ;;		_EUSART_Write
  6374 ;;		i1___flmul
  6375 ;;		i1___fltol
  6376 ;;		i1___xxtofl
  6377 ;; This function is called by:
  6378 ;;		_main
  6379 ;;		_TMR0_CallBack
  6380 ;; This function uses a non-reentrant model
  6381 ;;
  6382                           
  6383     0799                     _send_data:	
  6384                           ;psect for function _send_data
  6385                           
  6386     0799                     i1l2177:	
  6387                           ;incstack = 0
  6388                           ; Regs used in _send_data: [wreg+status,2+status,0+pclath+cstack]
  6389                           
  6390                           
  6391                           ;main.c: 51:     temp = ADC_GetConversion(0);
  6392     0799  3000               	movlw	0
  6393     079A  318D  258F  3187   	fcall	_ADC_GetConversion
  6394     079D  0871               	movf	?_ADC_GetConversion+1,w
  6395     079E  0020               	movlb	0	; select bank0
  6396     079F  00CB               	movwf	_temp+1
  6397     07A0  0870               	movf	?_ADC_GetConversion,w
  6398     07A1  00CA               	movwf	_temp
  6399                           
  6400                           ;main.c: 52:     temp = (temp * 4.88);
  6401     07A2  084A               	movf	_temp,w
  6402     07A3  00F0               	movwf	i1___xxtofl@val
  6403     07A4  084B               	movf	_temp+1,w
  6404     07A5  00F1               	movwf	i1___xxtofl@val+1
  6405     07A6  01F2               	clrf	i1___xxtofl@val+2
  6406     07A7  01F3               	clrf	i1___xxtofl@val+3
  6407     07A8  3000               	movlw	0
  6408     07A9  3186  26EF  3187   	fcall	i1___xxtofl
  6409     07AC  0873               	movf	?i1___xxtofl+3,w
  6410     07AD  0020               	movlb	0	; select bank0
  6411     07AE  00A7               	movwf	i1___flmul@a+3
  6412     07AF  0872               	movf	?i1___xxtofl+2,w
  6413     07B0  00A6               	movwf	i1___flmul@a+2
  6414     07B1  0871               	movf	?i1___xxtofl+1,w
  6415     07B2  00A5               	movwf	i1___flmul@a+1
  6416     07B3  0870               	movf	?i1___xxtofl,w
  6417     07B4  00A4               	movwf	i1___flmul@a
  6418     07B5  3040               	movlw	64
  6419     07B6  00A3               	movwf	i1___flmul@b+3
  6420     07B7  309C               	movlw	156
  6421     07B8  00A2               	movwf	i1___flmul@b+2
  6422     07B9  3028               	movlw	40
  6423     07BA  00A1               	movwf	i1___flmul@b+1
  6424     07BB  30F6               	movlw	246
  6425     07BC  00A0               	movwf	i1___flmul@b
  6426     07BD  3182  225F  3187   	fcall	i1___flmul
  6427     07C0  0020               	movlb	0	; select bank0
  6428     07C1  0823               	movf	?i1___flmul+3,w
  6429     07C2  00BD               	movwf	i1___fltol@f1+3
  6430     07C3  0822               	movf	?i1___flmul+2,w
  6431     07C4  00BC               	movwf	i1___fltol@f1+2
  6432     07C5  0821               	movf	?i1___flmul+1,w
  6433     07C6  00BB               	movwf	i1___fltol@f1+1
  6434     07C7  0820               	movf	?i1___flmul,w
  6435     07C8  00BA               	movwf	i1___fltol@f1
  6436     07C9  318F  271E  3187   	fcall	i1___fltol
  6437     07CC  0020               	movlb	0	; select bank0
  6438     07CD  083B               	movf	?i1___fltol+1,w
  6439     07CE  00CB               	movwf	_temp+1
  6440     07CF  083A               	movf	?i1___fltol,w
  6441     07D0  00CA               	movwf	_temp
  6442     07D1                     i1l2179:
  6443                           
  6444                           ;main.c: 54:     distanceL = distance & 0xFF;
  6445     07D1  084C               	movf	_distance,w
  6446     07D2  00D3               	movwf	_distanceL
  6447     07D3                     i1l2181:
  6448                           
  6449                           ;main.c: 55:     EUSART_Write(distanceL);
  6450     07D3  0853               	movf	_distanceL,w
  6451     07D4  318D  2510  3187   	fcall	_EUSART_Write
  6452     07D7                     i1l2183:
  6453                           
  6454                           ;main.c: 56:     distanceH = (distance >> 8) & 0xFF;
  6455     07D7  0020               	movlb	0	; select bank0
  6456     07D8  084D               	movf	_distance+1,w
  6457     07D9  00D2               	movwf	_distanceH
  6458     07DA                     i1l2185:
  6459                           
  6460                           ;main.c: 57:     EUSART_Write(distanceH);
  6461     07DA  0852               	movf	_distanceH,w
  6462     07DB  318D  2510  3187   	fcall	_EUSART_Write
  6463     07DE                     i1l2187:
  6464                           
  6465                           ;main.c: 58:     tempL = temp & 0xFF;
  6466     07DE  0020               	movlb	0	; select bank0
  6467     07DF  084A               	movf	_temp,w
  6468     07E0  00D0               	movwf	_tempL
  6469     07E1                     i1l2189:
  6470                           
  6471                           ;main.c: 59:     EUSART_Write(tempL);
  6472     07E1  0850               	movf	_tempL,w
  6473     07E2  318D  2510  3187   	fcall	_EUSART_Write
  6474                           
  6475                           ;main.c: 60:     tempH = (temp >> 8) & 0xFF;
  6476     07E5  0020               	movlb	0	; select bank0
  6477     07E6  084B               	movf	_temp+1,w
  6478     07E7  00D1               	movwf	_tempH
  6479     07E8                     i1l2191:
  6480                           
  6481                           ;main.c: 61:     EUSART_Write(tempH);
  6482     07E8  0851               	movf	_tempH,w
  6483     07E9  318D  2510  3187   	fcall	_EUSART_Write
  6484     07EC                     i1l51:
  6485     07EC  0008               	return
  6486     07ED                     __end_of_send_data:
  6487                           
  6488                           	psect	text32
  6489     06EF                     __ptext32:	
  6490 ;; *************** function i1___xxtofl *****************
  6491 ;; Defined at:
  6492 ;;		line 10 in file "C:\Program Files\Microchip\xc8\v2.46\pic\sources\c99\common\xxtofl.c"
  6493 ;; Parameters:    Size  Location     Type
  6494 ;;  sign            1    wreg     unsigned char 
  6495 ;;  val             4    0[COMMON] long 
  6496 ;; Auto vars:     Size  Location     Type
  6497 ;;  sign            1    8[COMMON] unsigned char 
  6498 ;;  arg             4   10[COMMON] unsigned long 
  6499 ;;  exp             1    9[COMMON] unsigned char 
  6500 ;; Return value:  Size  Location     Type
  6501 ;;                  4    0[COMMON] unsigned char 
  6502 ;; Registers used:
  6503 ;;		wreg, status,2, status,0
  6504 ;; Tracked objects:
  6505 ;;		On entry : 0/0
  6506 ;;		On exit  : 0/0
  6507 ;;		Unchanged: 0/0
  6508 ;; Data sizes:     COMMON   BANK0   BANK1   BANK2   BANK3   BANK4
  6509 ;;      Params:         4       0       0       0       0       0
  6510 ;;      Locals:         6       0       0       0       0       0
  6511 ;;      Temps:          4       0       0       0       0       0
  6512 ;;      Totals:        14       0       0       0       0       0
  6513 ;;Total ram usage:       14 bytes
  6514 ;; Hardware stack levels used: 1
  6515 ;; This function calls:
  6516 ;;		Nothing
  6517 ;; This function is called by:
  6518 ;;		_send_data
  6519 ;; This function uses a non-reentrant model
  6520 ;;
  6521                           
  6522     06EF                     i1___xxtofl:	
  6523                           ;psect for function i1___xxtofl
  6524                           
  6525                           
  6526                           ;incstack = 0
  6527                           ; Regs used in i1___xxtofl: [wreg+status,2+status,0]
  6528                           ;i1___xxtofl@sign stored from wreg
  6529     06EF  00F8               	movwf	i1___xxtofl@sign
  6530     06F0                     i1l2133:
  6531     06F0  0878               	movf	i1___xxtofl@sign,w
  6532     06F1  1903               	btfsc	3,2
  6533     06F2  2EF4               	goto	u196_21
  6534     06F3  2EF5               	goto	u196_20
  6535     06F4                     u196_21:
  6536     06F4  2F09               	goto	i1l2139
  6537     06F5                     u196_20:
  6538     06F5                     i1l2135:
  6539     06F5  1FF3               	btfss	i1___xxtofl@val+3,7
  6540     06F6  2EF8               	goto	u197_21
  6541     06F7  2EF9               	goto	u197_20
  6542     06F8                     u197_21:
  6543     06F8  2F09               	goto	i1l2139
  6544     06F9                     u197_20:
  6545     06F9                     i1l2137:
  6546     06F9  0970               	comf	i1___xxtofl@val,w
  6547     06FA  00FA               	movwf	i1___xxtofl@arg
  6548     06FB  0971               	comf	i1___xxtofl@val+1,w
  6549     06FC  00FB               	movwf	i1___xxtofl@arg+1
  6550     06FD  0972               	comf	i1___xxtofl@val+2,w
  6551     06FE  00FC               	movwf	i1___xxtofl@arg+2
  6552     06FF  0973               	comf	i1___xxtofl@val+3,w
  6553     0700  00FD               	movwf	i1___xxtofl@arg+3
  6554     0701  0AFA               	incf	i1___xxtofl@arg,f
  6555     0702  1903               	skipnz
  6556     0703  0AFB               	incf	i1___xxtofl@arg+1,f
  6557     0704  1903               	skipnz
  6558     0705  0AFC               	incf	i1___xxtofl@arg+2,f
  6559     0706  1903               	skipnz
  6560     0707  0AFD               	incf	i1___xxtofl@arg+3,f
  6561     0708  2F11               	goto	i1l1006
  6562     0709                     i1l2139:
  6563     0709  0873               	movf	i1___xxtofl@val+3,w
  6564     070A  00FD               	movwf	i1___xxtofl@arg+3
  6565     070B  0872               	movf	i1___xxtofl@val+2,w
  6566     070C  00FC               	movwf	i1___xxtofl@arg+2
  6567     070D  0871               	movf	i1___xxtofl@val+1,w
  6568     070E  00FB               	movwf	i1___xxtofl@arg+1
  6569     070F  0870               	movf	i1___xxtofl@val,w
  6570     0710  00FA               	movwf	i1___xxtofl@arg
  6571     0711                     i1l1006:
  6572     0711  0873               	movf	i1___xxtofl@val+3,w
  6573     0712  0472               	iorwf	i1___xxtofl@val+2,w
  6574     0713  0471               	iorwf	i1___xxtofl@val+1,w
  6575     0714  0470               	iorwf	i1___xxtofl@val,w
  6576     0715  1D03               	skipz
  6577     0716  2F18               	goto	u198_21
  6578     0717  2F19               	goto	u198_20
  6579     0718                     u198_21:
  6580     0718  2F22               	goto	i1l2145
  6581     0719                     u198_20:
  6582     0719                     i1l2141:
  6583     0719  3000               	movlw	0
  6584     071A  00F3               	movwf	?i1___xxtofl+3
  6585     071B  3000               	movlw	0
  6586     071C  00F2               	movwf	?i1___xxtofl+2
  6587     071D  3000               	movlw	0
  6588     071E  00F1               	movwf	?i1___xxtofl+1
  6589     071F  3000               	movlw	0
  6590     0720  00F0               	movwf	?i1___xxtofl
  6591     0721  2F98               	goto	i1l1008
  6592     0722                     i1l2145:
  6593     0722  3096               	movlw	150
  6594     0723  00F9               	movwf	i1___xxtofl@exp
  6595     0724  2F30               	goto	i1l2149
  6596     0725                     i1l2147:
  6597     0725  3001               	movlw	1
  6598     0726  00F4               	movwf	??i1___xxtofl
  6599     0727  0874               	movf	??i1___xxtofl,w
  6600     0728  07F9               	addwf	i1___xxtofl@exp,f
  6601     0729  3001               	movlw	1
  6602     072A                     u199_25:
  6603     072A  36FD               	lsrf	i1___xxtofl@arg+3,f
  6604     072B  0CFC               	rrf	i1___xxtofl@arg+2,f
  6605     072C  0CFB               	rrf	i1___xxtofl@arg+1,f
  6606     072D  0CFA               	rrf	i1___xxtofl@arg,f
  6607     072E  0B89               	decfsz	9,f
  6608     072F  2F2A               	goto	u199_25
  6609     0730                     i1l2149:
  6610     0730  30FE               	movlw	254
  6611     0731  057D               	andwf	i1___xxtofl@arg+3,w
  6612     0732  1D03               	btfss	3,2
  6613     0733  2F35               	goto	u200_21
  6614     0734  2F36               	goto	u200_20
  6615     0735                     u200_21:
  6616     0735  2F25               	goto	i1l2147
  6617     0736                     u200_20:
  6618     0736  2F4A               	goto	i1l1012
  6619     0737                     i1l2151:
  6620     0737  3001               	movlw	1
  6621     0738  00F4               	movwf	??i1___xxtofl
  6622     0739  0874               	movf	??i1___xxtofl,w
  6623     073A  07F9               	addwf	i1___xxtofl@exp,f
  6624     073B                     i1l2153:
  6625     073B  3001               	movlw	1
  6626     073C  07FA               	addwf	i1___xxtofl@arg,f
  6627     073D  3000               	movlw	0
  6628     073E  3DFB               	addwfc	i1___xxtofl@arg+1,f
  6629     073F  3000               	movlw	0
  6630     0740  3DFC               	addwfc	i1___xxtofl@arg+2,f
  6631     0741  3000               	movlw	0
  6632     0742  3DFD               	addwfc	i1___xxtofl@arg+3,f
  6633     0743                     i1l2155:
  6634     0743  3001               	movlw	1
  6635     0744                     u201_25:
  6636     0744  36FD               	lsrf	i1___xxtofl@arg+3,f
  6637     0745  0CFC               	rrf	i1___xxtofl@arg+2,f
  6638     0746  0CFB               	rrf	i1___xxtofl@arg+1,f
  6639     0747  0CFA               	rrf	i1___xxtofl@arg,f
  6640     0748  0B89               	decfsz	9,f
  6641     0749  2F44               	goto	u201_25
  6642     074A                     i1l1012:
  6643     074A  30FF               	movlw	255
  6644     074B  057D               	andwf	i1___xxtofl@arg+3,w
  6645     074C  1D03               	btfss	3,2
  6646     074D  2F4F               	goto	u202_21
  6647     074E  2F50               	goto	u202_20
  6648     074F                     u202_21:
  6649     074F  2F37               	goto	i1l2151
  6650     0750                     u202_20:
  6651     0750  2F5A               	goto	i1l2159
  6652     0751                     i1l2157:
  6653     0751  3001               	movlw	1
  6654     0752  02F9               	subwf	i1___xxtofl@exp,f
  6655     0753  3001               	movlw	1
  6656     0754                     u203_25:
  6657     0754  35FA               	lslf	i1___xxtofl@arg,f
  6658     0755  0DFB               	rlf	i1___xxtofl@arg+1,f
  6659     0756  0DFC               	rlf	i1___xxtofl@arg+2,f
  6660     0757  0DFD               	rlf	i1___xxtofl@arg+3,f
  6661     0758  0B89               	decfsz	9,f
  6662     0759  2F54               	goto	u203_25
  6663     075A                     i1l2159:
  6664     075A  1BFC               	btfsc	i1___xxtofl@arg+2,7
  6665     075B  2F5D               	goto	u204_21
  6666     075C  2F5E               	goto	u204_20
  6667     075D                     u204_21:
  6668     075D  2F64               	goto	i1l1019
  6669     075E                     u204_20:
  6670     075E                     i1l2161:
  6671     075E  3002               	movlw	2
  6672     075F  0279               	subwf	i1___xxtofl@exp,w
  6673     0760  1803               	skipnc
  6674     0761  2F63               	goto	u205_21
  6675     0762  2F64               	goto	u205_20
  6676     0763                     u205_21:
  6677     0763  2F51               	goto	i1l2157
  6678     0764                     u205_20:
  6679     0764                     i1l1019:
  6680     0764  1879               	btfsc	i1___xxtofl@exp,0
  6681     0765  2F67               	goto	u206_21
  6682     0766  2F68               	goto	u206_20
  6683     0767                     u206_21:
  6684     0767  2F70               	goto	i1l1020
  6685     0768                     u206_20:
  6686     0768                     i1l2163:
  6687     0768  30FF               	movlw	255
  6688     0769  05FA               	andwf	i1___xxtofl@arg,f
  6689     076A  30FF               	movlw	255
  6690     076B  05FB               	andwf	i1___xxtofl@arg+1,f
  6691     076C  307F               	movlw	127
  6692     076D  05FC               	andwf	i1___xxtofl@arg+2,f
  6693     076E  30FF               	movlw	255
  6694     076F  05FD               	andwf	i1___xxtofl@arg+3,f
  6695     0770                     i1l1020:
  6696     0770  1003               	clrc
  6697     0771  0CF9               	rrf	i1___xxtofl@exp,f
  6698     0772                     i1l2165:
  6699     0772  0879               	movf	i1___xxtofl@exp,w
  6700     0773  00F4               	movwf	??i1___xxtofl
  6701     0774  01F5               	clrf	??i1___xxtofl+1
  6702     0775  01F6               	clrf	??i1___xxtofl+2
  6703     0776  01F7               	clrf	??i1___xxtofl+3
  6704     0777  3018               	movlw	24
  6705     0778                     u207_25:
  6706     0778  35F4               	lslf	??i1___xxtofl,f
  6707     0779  0DF5               	rlf	??i1___xxtofl+1,f
  6708     077A  0DF6               	rlf	??i1___xxtofl+2,f
  6709     077B  0DF7               	rlf	??i1___xxtofl+3,f
  6710     077C                     u207_20:
  6711     077C  0B89               	decfsz	9,f
  6712     077D  2F78               	goto	u207_25
  6713     077E  0874               	movf	??i1___xxtofl,w
  6714     077F  04FA               	iorwf	i1___xxtofl@arg,f
  6715     0780  0875               	movf	??i1___xxtofl+1,w
  6716     0781  04FB               	iorwf	i1___xxtofl@arg+1,f
  6717     0782  0876               	movf	??i1___xxtofl+2,w
  6718     0783  04FC               	iorwf	i1___xxtofl@arg+2,f
  6719     0784  0877               	movf	??i1___xxtofl+3,w
  6720     0785  04FD               	iorwf	i1___xxtofl@arg+3,f
  6721     0786                     i1l2167:
  6722     0786  0878               	movf	i1___xxtofl@sign,w
  6723     0787  1903               	btfsc	3,2
  6724     0788  2F8A               	goto	u208_21
  6725     0789  2F8B               	goto	u208_20
  6726     078A                     u208_21:
  6727     078A  2F90               	goto	i1l2173
  6728     078B                     u208_20:
  6729     078B                     i1l2169:
  6730     078B  1FF3               	btfss	i1___xxtofl@val+3,7
  6731     078C  2F8E               	goto	u209_21
  6732     078D  2F8F               	goto	u209_20
  6733     078E                     u209_21:
  6734     078E  2F90               	goto	i1l2173
  6735     078F                     u209_20:
  6736     078F                     i1l2171:
  6737     078F  17FD               	bsf	i1___xxtofl@arg+3,7
  6738     0790                     i1l2173:
  6739     0790  087D               	movf	i1___xxtofl@arg+3,w
  6740     0791  00F3               	movwf	?i1___xxtofl+3
  6741     0792  087C               	movf	i1___xxtofl@arg+2,w
  6742     0793  00F2               	movwf	?i1___xxtofl+2
  6743     0794  087B               	movf	i1___xxtofl@arg+1,w
  6744     0795  00F1               	movwf	?i1___xxtofl+1
  6745     0796  087A               	movf	i1___xxtofl@arg,w
  6746     0797  00F0               	movwf	?i1___xxtofl
  6747     0798                     i1l1008:
  6748     0798  0008               	return
  6749     0799                     __end_ofi1___xxtofl:
  6750                           
  6751                           	psect	text33
  6752     0F1E                     __ptext33:	
  6753 ;; *************** function i1___fltol *****************
  6754 ;; Defined at:
  6755 ;;		line 43 in file "C:\Program Files\Microchip\xc8\v2.46\pic\sources\c99\common\fltol.c"
  6756 ;; Parameters:    Size  Location     Type
  6757 ;;  f1              4   26[BANK0 ] unsigned char 
  6758 ;; Auto vars:     Size  Location     Type
  6759 ;;  exp1            1   35[BANK0 ] unsigned char 
  6760 ;;  sign1           1   34[BANK0 ] unsigned char 
  6761 ;; Return value:  Size  Location     Type
  6762 ;;                  4   26[BANK0 ] long 
  6763 ;; Registers used:
  6764 ;;		wreg, status,2, status,0
  6765 ;; Tracked objects:
  6766 ;;		On entry : 0/0
  6767 ;;		On exit  : 0/0
  6768 ;;		Unchanged: 0/0
  6769 ;; Data sizes:     COMMON   BANK0   BANK1   BANK2   BANK3   BANK4
  6770 ;;      Params:         0       4       0       0       0       0
  6771 ;;      Locals:         0       2       0       0       0       0
  6772 ;;      Temps:          0       4       0       0       0       0
  6773 ;;      Totals:         0      10       0       0       0       0
  6774 ;;Total ram usage:       10 bytes
  6775 ;; Hardware stack levels used: 1
  6776 ;; This function calls:
  6777 ;;		Nothing
  6778 ;; This function is called by:
  6779 ;;		_send_data
  6780 ;; This function uses a non-reentrant model
  6781 ;;
  6782                           
  6783     0F1E                     i1___fltol:	
  6784                           ;psect for function i1___fltol
  6785                           
  6786     0F1E                     i1l1957:	
  6787                           ;incstack = 0
  6788                           ; Regs used in i1___fltol: [wreg+status,2+status,0]
  6789                           
  6790     0F1E  1003               	clrc
  6791     0F1F  0020               	movlb	0	; select bank0
  6792     0F20  0D3C               	rlf	i1___fltol@f1+2,w
  6793     0F21  0D3D               	rlf	i1___fltol@f1+3,w
  6794     0F22  00C3               	movwf	i1___fltol@exp1
  6795     0F23  0843               	movf	i1___fltol@exp1,w
  6796     0F24  1D03               	btfss	3,2
  6797     0F25  2F27               	goto	u160_21
  6798     0F26  2F28               	goto	u160_20
  6799     0F27                     u160_21:
  6800     0F27  2F31               	goto	i1l1963
  6801     0F28                     u160_20:
  6802     0F28                     i1l1959:
  6803     0F28  3000               	movlw	0
  6804     0F29  00BD               	movwf	?i1___fltol+3
  6805     0F2A  3000               	movlw	0
  6806     0F2B  00BC               	movwf	?i1___fltol+2
  6807     0F2C  3000               	movlw	0
  6808     0F2D  00BB               	movwf	?i1___fltol+1
  6809     0F2E  3000               	movlw	0
  6810     0F2F  00BA               	movwf	?i1___fltol
  6811     0F30  2F8E               	goto	i1l759
  6812     0F31                     i1l1963:
  6813     0F31  083A               	movf	i1___fltol@f1,w
  6814     0F32  00BE               	movwf	??i1___fltol
  6815     0F33  083B               	movf	i1___fltol@f1+1,w
  6816     0F34  00BF               	movwf	??i1___fltol+1
  6817     0F35  083C               	movf	i1___fltol@f1+2,w
  6818     0F36  00C0               	movwf	??i1___fltol+2
  6819     0F37  083D               	movf	i1___fltol@f1+3,w
  6820     0F38  00C1               	movwf	??i1___fltol+3
  6821     0F39  301F               	movlw	31
  6822     0F3A                     u161_25:
  6823     0F3A  36C1               	lsrf	??i1___fltol+3,f
  6824     0F3B  0CC0               	rrf	??i1___fltol+2,f
  6825     0F3C  0CBF               	rrf	??i1___fltol+1,f
  6826     0F3D  0CBE               	rrf	??i1___fltol,f
  6827     0F3E                     u161_20:
  6828     0F3E  0B89               	decfsz	9,f
  6829     0F3F  2F3A               	goto	u161_25
  6830     0F40  083E               	movf	??i1___fltol,w
  6831     0F41  00C2               	movwf	i1___fltol@sign1
  6832     0F42                     i1l1965:
  6833     0F42  17BC               	bsf	i1___fltol@f1+2,7
  6834     0F43                     i1l1967:
  6835     0F43  30FF               	movlw	255
  6836     0F44  05BA               	andwf	i1___fltol@f1,f
  6837     0F45  30FF               	movlw	255
  6838     0F46  05BB               	andwf	i1___fltol@f1+1,f
  6839     0F47  30FF               	movlw	255
  6840     0F48  05BC               	andwf	i1___fltol@f1+2,f
  6841     0F49  3000               	movlw	0
  6842     0F4A  05BD               	andwf	i1___fltol@f1+3,f
  6843     0F4B                     i1l1969:
  6844     0F4B  3096               	movlw	150
  6845     0F4C  02C3               	subwf	i1___fltol@exp1,f
  6846     0F4D                     i1l1971:
  6847     0F4D  1FC3               	btfss	i1___fltol@exp1,7
  6848     0F4E  2F50               	goto	u162_21
  6849     0F4F  2F51               	goto	u162_20
  6850     0F50                     u162_21:
  6851     0F50  2F69               	goto	i1l1981
  6852     0F51                     u162_20:
  6853     0F51                     i1l1973:
  6854     0F51  0843               	movf	i1___fltol@exp1,w
  6855     0F52  3A80               	xorlw	128
  6856     0F53  3E97               	addlw	151
  6857     0F54  1803               	skipnc
  6858     0F55  2F57               	goto	u163_21
  6859     0F56  2F58               	goto	u163_20
  6860     0F57                     u163_21:
  6861     0F57  2F59               	goto	i1l1979
  6862     0F58                     u163_20:
  6863     0F58  2F28               	goto	i1l1959
  6864     0F59                     i1l1979:
  6865     0F59  3001               	movlw	1
  6866     0F5A                     u164_25:
  6867     0F5A  36BD               	lsrf	i1___fltol@f1+3,f
  6868     0F5B  0CBC               	rrf	i1___fltol@f1+2,f
  6869     0F5C  0CBB               	rrf	i1___fltol@f1+1,f
  6870     0F5D  0CBA               	rrf	i1___fltol@f1,f
  6871     0F5E  0B89               	decfsz	9,f
  6872     0F5F  2F5A               	goto	u164_25
  6873     0F60  3001               	movlw	1
  6874     0F61  00BE               	movwf	??i1___fltol
  6875     0F62  083E               	movf	??i1___fltol,w
  6876     0F63  07C3               	addwf	i1___fltol@exp1,f
  6877     0F64  1D03               	btfss	3,2
  6878     0F65  2F67               	goto	u165_21
  6879     0F66  2F68               	goto	u165_20
  6880     0F67                     u165_21:
  6881     0F67  2F59               	goto	i1l1979
  6882     0F68                     u165_20:
  6883     0F68  2F7E               	goto	i1l1989
  6884     0F69                     i1l1981:
  6885     0F69  3020               	movlw	32
  6886     0F6A  0243               	subwf	i1___fltol@exp1,w
  6887     0F6B  1C03               	skipc
  6888     0F6C  2F6E               	goto	u166_21
  6889     0F6D  2F6F               	goto	u166_20
  6890     0F6E                     u166_21:
  6891     0F6E  2F79               	goto	i1l766
  6892     0F6F                     u166_20:
  6893     0F6F  2F28               	goto	i1l1959
  6894     0F70                     i1l1987:
  6895     0F70  3001               	movlw	1
  6896     0F71                     u167_25:
  6897     0F71  35BA               	lslf	i1___fltol@f1,f
  6898     0F72  0DBB               	rlf	i1___fltol@f1+1,f
  6899     0F73  0DBC               	rlf	i1___fltol@f1+2,f
  6900     0F74  0DBD               	rlf	i1___fltol@f1+3,f
  6901     0F75  0B89               	decfsz	9,f
  6902     0F76  2F71               	goto	u167_25
  6903     0F77  3001               	movlw	1
  6904     0F78  02C3               	subwf	i1___fltol@exp1,f
  6905     0F79                     i1l766:
  6906     0F79  0843               	movf	i1___fltol@exp1,w
  6907     0F7A  1D03               	btfss	3,2
  6908     0F7B  2F7D               	goto	u168_21
  6909     0F7C  2F7E               	goto	u168_20
  6910     0F7D                     u168_21:
  6911     0F7D  2F70               	goto	i1l1987
  6912     0F7E                     u168_20:
  6913     0F7E                     i1l1989:
  6914     0F7E  0842               	movf	i1___fltol@sign1,w
  6915     0F7F  1903               	btfsc	3,2
  6916     0F80  2F82               	goto	u169_21
  6917     0F81  2F83               	goto	u169_20
  6918     0F82                     u169_21:
  6919     0F82  2F8E               	goto	i1l769
  6920     0F83                     u169_20:
  6921     0F83                     i1l1991:
  6922     0F83  09BA               	comf	i1___fltol@f1,f
  6923     0F84  09BB               	comf	i1___fltol@f1+1,f
  6924     0F85  09BC               	comf	i1___fltol@f1+2,f
  6925     0F86  09BD               	comf	i1___fltol@f1+3,f
  6926     0F87  0ABA               	incf	i1___fltol@f1,f
  6927     0F88  1903               	skipnz
  6928     0F89  0ABB               	incf	i1___fltol@f1+1,f
  6929     0F8A  1903               	skipnz
  6930     0F8B  0ABC               	incf	i1___fltol@f1+2,f
  6931     0F8C  1903               	skipnz
  6932     0F8D  0ABD               	incf	i1___fltol@f1+3,f
  6933     0F8E                     i1l769:
  6934     0F8E                     i1l759:
  6935     0F8E  0008               	return
  6936     0F8F                     __end_ofi1___fltol:
  6937                           
  6938                           	psect	text34
  6939     025F                     __ptext34:	
  6940 ;; *************** function i1___flmul *****************
  6941 ;; Defined at:
  6942 ;;		line 8 in file "C:\Program Files\Microchip\xc8\v2.46\pic\sources\c99\common\sprcmul.c"
  6943 ;; Parameters:    Size  Location     Type
  6944 ;;  b               4    0[BANK0 ] long 
  6945 ;;  a               4    4[BANK0 ] long 
  6946 ;; Auto vars:     Size  Location     Type
  6947 ;;  prod            4   20[BANK0 ] struct .
  6948 ;;  grs             4   14[BANK0 ] unsigned long 
  6949 ;;  temp            2   24[BANK0 ] struct .
  6950 ;;  bexp            1   19[BANK0 ] unsigned char 
  6951 ;;  aexp            1   18[BANK0 ] unsigned char 
  6952 ;;  sign            1   13[BANK0 ] unsigned char 
  6953 ;; Return value:  Size  Location     Type
  6954 ;;                  4    0[BANK0 ] unsigned char 
  6955 ;; Registers used:
  6956 ;;		wreg, status,2, status,0, pclath, cstack
  6957 ;; Tracked objects:
  6958 ;;		On entry : 0/0
  6959 ;;		On exit  : 0/0
  6960 ;;		Unchanged: 0/0
  6961 ;; Data sizes:     COMMON   BANK0   BANK1   BANK2   BANK3   BANK4
  6962 ;;      Params:         0       8       0       0       0       0
  6963 ;;      Locals:         0      13       0       0       0       0
  6964 ;;      Temps:          0       5       0       0       0       0
  6965 ;;      Totals:         0      26       0       0       0       0
  6966 ;;Total ram usage:       26 bytes
  6967 ;; Hardware stack levels used: 1
  6968 ;; Hardware stack levels required when called: 1
  6969 ;; This function calls:
  6970 ;;		i1__Umul8_16
  6971 ;; This function is called by:
  6972 ;;		_send_data
  6973 ;; This function uses a non-reentrant model
  6974 ;;
  6975                           
  6976     025F                     i1___flmul:	
  6977                           ;psect for function i1___flmul
  6978                           
  6979     025F                     i1l1993:	
  6980                           ;incstack = 0
  6981                           ; Regs used in i1___flmul: [wreg+status,2+status,0+pclath+cstack]
  6982                           
  6983     025F  0020               	movlb	0	; select bank0
  6984     0260  0823               	movf	i1___flmul@b+3,w
  6985     0261  3980               	andlw	128
  6986     0262  00AD               	movwf	i1___flmul@sign
  6987     0263                     i1l1995:
  6988     0263  3523               	lslf	i1___flmul@b+3,w
  6989     0264  00B3               	movwf	i1___flmul@bexp
  6990     0265                     i1l1997:
  6991     0265  1FA2               	btfss	i1___flmul@b+2,7
  6992     0266  2A68               	goto	u170_21
  6993     0267  2A69               	goto	u170_20
  6994     0268                     u170_21:
  6995     0268  2A6A               	goto	i1l2001
  6996     0269                     u170_20:
  6997     0269                     i1l1999:
  6998     0269  1433               	bsf	i1___flmul@bexp,0
  6999     026A                     i1l2001:
  7000     026A  0833               	movf	i1___flmul@bexp,w
  7001     026B  1903               	btfsc	3,2
  7002     026C  2A6E               	goto	u171_21
  7003     026D  2A6F               	goto	u171_20
  7004     026E                     u171_21:
  7005     026E  2A7E               	goto	i1l2009
  7006     026F                     u171_20:
  7007     026F                     i1l2003:
  7008     026F  0A33               	incf	i1___flmul@bexp,w
  7009     0270  1D03               	btfss	3,2
  7010     0271  2A73               	goto	u172_21
  7011     0272  2A74               	goto	u172_20
  7012     0273                     u172_21:
  7013     0273  2A7C               	goto	i1l2007
  7014     0274                     u172_20:
  7015     0274                     i1l2005:
  7016     0274  3000               	movlw	0
  7017     0275  00A3               	movwf	i1___flmul@b+3
  7018     0276  3000               	movlw	0
  7019     0277  00A2               	movwf	i1___flmul@b+2
  7020     0278  3000               	movlw	0
  7021     0279  00A1               	movwf	i1___flmul@b+1
  7022     027A  3000               	movlw	0
  7023     027B  00A0               	movwf	i1___flmul@b
  7024     027C                     i1l2007:
  7025     027C  17A2               	bsf	i1___flmul@b+2,7
  7026     027D  2A86               	goto	i1l2011
  7027     027E                     i1l2009:
  7028     027E  3000               	movlw	0
  7029     027F  00A3               	movwf	i1___flmul@b+3
  7030     0280  3000               	movlw	0
  7031     0281  00A2               	movwf	i1___flmul@b+2
  7032     0282  3000               	movlw	0
  7033     0283  00A1               	movwf	i1___flmul@b+1
  7034     0284  3000               	movlw	0
  7035     0285  00A0               	movwf	i1___flmul@b
  7036     0286                     i1l2011:
  7037     0286  0827               	movf	i1___flmul@a+3,w
  7038     0287  3980               	andlw	128
  7039     0288  00A8               	movwf	??i1___flmul
  7040     0289  0828               	movf	??i1___flmul,w
  7041     028A  06AD               	xorwf	i1___flmul@sign,f
  7042     028B                     i1l2013:
  7043     028B  3527               	lslf	i1___flmul@a+3,w
  7044     028C  00B2               	movwf	i1___flmul@aexp
  7045     028D                     i1l2015:
  7046     028D  1FA6               	btfss	i1___flmul@a+2,7
  7047     028E  2A90               	goto	u173_21
  7048     028F  2A91               	goto	u173_20
  7049     0290                     u173_21:
  7050     0290  2A92               	goto	i1l2019
  7051     0291                     u173_20:
  7052     0291                     i1l2017:
  7053     0291  1432               	bsf	i1___flmul@aexp,0
  7054     0292                     i1l2019:
  7055     0292  0832               	movf	i1___flmul@aexp,w
  7056     0293  1903               	btfsc	3,2
  7057     0294  2A96               	goto	u174_21
  7058     0295  2A97               	goto	u174_20
  7059     0296                     u174_21:
  7060     0296  2AA6               	goto	i1l2027
  7061     0297                     u174_20:
  7062     0297                     i1l2021:
  7063     0297  0A32               	incf	i1___flmul@aexp,w
  7064     0298  1D03               	btfss	3,2
  7065     0299  2A9B               	goto	u175_21
  7066     029A  2A9C               	goto	u175_20
  7067     029B                     u175_21:
  7068     029B  2AA4               	goto	i1l2025
  7069     029C                     u175_20:
  7070     029C                     i1l2023:
  7071     029C  3000               	movlw	0
  7072     029D  00A7               	movwf	i1___flmul@a+3
  7073     029E  3000               	movlw	0
  7074     029F  00A6               	movwf	i1___flmul@a+2
  7075     02A0  3000               	movlw	0
  7076     02A1  00A5               	movwf	i1___flmul@a+1
  7077     02A2  3000               	movlw	0
  7078     02A3  00A4               	movwf	i1___flmul@a
  7079     02A4                     i1l2025:
  7080     02A4  17A6               	bsf	i1___flmul@a+2,7
  7081     02A5  2AAE               	goto	i1l2029
  7082     02A6                     i1l2027:
  7083     02A6  3000               	movlw	0
  7084     02A7  00A7               	movwf	i1___flmul@a+3
  7085     02A8  3000               	movlw	0
  7086     02A9  00A6               	movwf	i1___flmul@a+2
  7087     02AA  3000               	movlw	0
  7088     02AB  00A5               	movwf	i1___flmul@a+1
  7089     02AC  3000               	movlw	0
  7090     02AD  00A4               	movwf	i1___flmul@a
  7091     02AE                     i1l2029:
  7092     02AE  0832               	movf	i1___flmul@aexp,w
  7093     02AF  1903               	btfsc	3,2
  7094     02B0  2AB2               	goto	u176_21
  7095     02B1  2AB3               	goto	u176_20
  7096     02B2                     u176_21:
  7097     02B2  2AB8               	goto	i1l2033
  7098     02B3                     u176_20:
  7099     02B3                     i1l2031:
  7100     02B3  0833               	movf	i1___flmul@bexp,w
  7101     02B4  1D03               	btfss	3,2
  7102     02B5  2AB7               	goto	u177_21
  7103     02B6  2AB8               	goto	u177_20
  7104     02B7                     u177_21:
  7105     02B7  2AC1               	goto	i1l2037
  7106     02B8                     u177_20:
  7107     02B8                     i1l2033:
  7108     02B8  3000               	movlw	0
  7109     02B9  00A3               	movwf	?i1___flmul+3
  7110     02BA  3000               	movlw	0
  7111     02BB  00A2               	movwf	?i1___flmul+2
  7112     02BC  3000               	movlw	0
  7113     02BD  00A1               	movwf	?i1___flmul+1
  7114     02BE  3000               	movlw	0
  7115     02BF  00A0               	movwf	?i1___flmul
  7116     02C0  2C99               	goto	i1l962
  7117     02C1                     i1l2037:
  7118     02C1  0820               	movf	i1___flmul@b,w
  7119     02C2  00F0               	movwf	i1__Umul8_16@multiplicand
  7120     02C3  0826               	movf	i1___flmul@a+2,w
  7121     02C4  318E  2601  3182   	fcall	i1__Umul8_16
  7122     02C7  0871               	movf	?i1__Umul8_16+1,w
  7123     02C8  0020               	movlb	0	; select bank0
  7124     02C9  00B9               	movwf	i1___flmul@temp+1
  7125     02CA  0870               	movf	?i1__Umul8_16,w
  7126     02CB  00B8               	movwf	i1___flmul@temp
  7127     02CC                     i1l2039:
  7128     02CC  0838               	movf	i1___flmul@temp,w
  7129     02CD  00A8               	movwf	??i1___flmul
  7130     02CE  01A9               	clrf	??i1___flmul+1
  7131     02CF  01AA               	clrf	??i1___flmul+2
  7132     02D0  01AB               	clrf	??i1___flmul+3
  7133     02D1  082B               	movf	??i1___flmul+3,w
  7134     02D2  00B1               	movwf	i1___flmul@grs+3
  7135     02D3  082A               	movf	??i1___flmul+2,w
  7136     02D4  00B0               	movwf	i1___flmul@grs+2
  7137     02D5  0829               	movf	??i1___flmul+1,w
  7138     02D6  00AF               	movwf	i1___flmul@grs+1
  7139     02D7  0828               	movf	??i1___flmul,w
  7140     02D8  00AE               	movwf	i1___flmul@grs
  7141     02D9                     i1l2041:
  7142     02D9  0839               	movf	i1___flmul@temp+1,w
  7143     02DA  00A8               	movwf	??i1___flmul
  7144     02DB  01A9               	clrf	??i1___flmul+1
  7145     02DC  01AA               	clrf	??i1___flmul+2
  7146     02DD  01AB               	clrf	??i1___flmul+3
  7147     02DE  082B               	movf	??i1___flmul+3,w
  7148     02DF  00B7               	movwf	i1___flmul@prod+3
  7149     02E0  082A               	movf	??i1___flmul+2,w
  7150     02E1  00B6               	movwf	i1___flmul@prod+2
  7151     02E2  0829               	movf	??i1___flmul+1,w
  7152     02E3  00B5               	movwf	i1___flmul@prod+1
  7153     02E4  0828               	movf	??i1___flmul,w
  7154     02E5  00B4               	movwf	i1___flmul@prod
  7155     02E6  0821               	movf	i1___flmul@b+1,w
  7156     02E7  00F0               	movwf	i1__Umul8_16@multiplicand
  7157     02E8  0825               	movf	i1___flmul@a+1,w
  7158     02E9  318E  2601  3182   	fcall	i1__Umul8_16
  7159     02EC  0871               	movf	?i1__Umul8_16+1,w
  7160     02ED  0020               	movlb	0	; select bank0
  7161     02EE  00B9               	movwf	i1___flmul@temp+1
  7162     02EF  0870               	movf	?i1__Umul8_16,w
  7163     02F0  00B8               	movwf	i1___flmul@temp
  7164     02F1                     i1l2043:
  7165     02F1  0838               	movf	i1___flmul@temp,w
  7166     02F2  00A8               	movwf	??i1___flmul
  7167     02F3  01A9               	clrf	??i1___flmul+1
  7168     02F4  01AA               	clrf	??i1___flmul+2
  7169     02F5  01AB               	clrf	??i1___flmul+3
  7170     02F6  0828               	movf	??i1___flmul,w
  7171     02F7  07AE               	addwf	i1___flmul@grs,f
  7172     02F8  0829               	movf	??i1___flmul+1,w
  7173     02F9  3DAF               	addwfc	i1___flmul@grs+1,f
  7174     02FA  082A               	movf	??i1___flmul+2,w
  7175     02FB  3DB0               	addwfc	i1___flmul@grs+2,f
  7176     02FC  082B               	movf	??i1___flmul+3,w
  7177     02FD  3DB1               	addwfc	i1___flmul@grs+3,f
  7178     02FE                     i1l2045:
  7179     02FE  0839               	movf	i1___flmul@temp+1,w
  7180     02FF  00A8               	movwf	??i1___flmul
  7181     0300  01A9               	clrf	??i1___flmul+1
  7182     0301  01AA               	clrf	??i1___flmul+2
  7183     0302  01AB               	clrf	??i1___flmul+3
  7184     0303  0828               	movf	??i1___flmul,w
  7185     0304  07B4               	addwf	i1___flmul@prod,f
  7186     0305  0829               	movf	??i1___flmul+1,w
  7187     0306  3DB5               	addwfc	i1___flmul@prod+1,f
  7188     0307  082A               	movf	??i1___flmul+2,w
  7189     0308  3DB6               	addwfc	i1___flmul@prod+2,f
  7190     0309  082B               	movf	??i1___flmul+3,w
  7191     030A  3DB7               	addwfc	i1___flmul@prod+3,f
  7192     030B  0822               	movf	i1___flmul@b+2,w
  7193     030C  00F0               	movwf	i1__Umul8_16@multiplicand
  7194     030D  0824               	movf	i1___flmul@a,w
  7195     030E  318E  2601  3182   	fcall	i1__Umul8_16
  7196     0311  0871               	movf	?i1__Umul8_16+1,w
  7197     0312  0020               	movlb	0	; select bank0
  7198     0313  00B9               	movwf	i1___flmul@temp+1
  7199     0314  0870               	movf	?i1__Umul8_16,w
  7200     0315  00B8               	movwf	i1___flmul@temp
  7201     0316                     i1l2047:
  7202     0316  0838               	movf	i1___flmul@temp,w
  7203     0317  00A8               	movwf	??i1___flmul
  7204     0318  01A9               	clrf	??i1___flmul+1
  7205     0319  01AA               	clrf	??i1___flmul+2
  7206     031A  01AB               	clrf	??i1___flmul+3
  7207     031B  0828               	movf	??i1___flmul,w
  7208     031C  07AE               	addwf	i1___flmul@grs,f
  7209     031D  0829               	movf	??i1___flmul+1,w
  7210     031E  3DAF               	addwfc	i1___flmul@grs+1,f
  7211     031F  082A               	movf	??i1___flmul+2,w
  7212     0320  3DB0               	addwfc	i1___flmul@grs+2,f
  7213     0321  082B               	movf	??i1___flmul+3,w
  7214     0322  3DB1               	addwfc	i1___flmul@grs+3,f
  7215     0323                     i1l2049:
  7216     0323  0839               	movf	i1___flmul@temp+1,w
  7217     0324  00A8               	movwf	??i1___flmul
  7218     0325  01A9               	clrf	??i1___flmul+1
  7219     0326  01AA               	clrf	??i1___flmul+2
  7220     0327  01AB               	clrf	??i1___flmul+3
  7221     0328  0828               	movf	??i1___flmul,w
  7222     0329  07B4               	addwf	i1___flmul@prod,f
  7223     032A  0829               	movf	??i1___flmul+1,w
  7224     032B  3DB5               	addwfc	i1___flmul@prod+1,f
  7225     032C  082A               	movf	??i1___flmul+2,w
  7226     032D  3DB6               	addwfc	i1___flmul@prod+2,f
  7227     032E  082B               	movf	??i1___flmul+3,w
  7228     032F  3DB7               	addwfc	i1___flmul@prod+3,f
  7229     0330                     i1l2051:
  7230     0330  3008               	movlw	8
  7231     0331                     u178_25:
  7232     0331  35AE               	lslf	i1___flmul@grs,f
  7233     0332  0DAF               	rlf	i1___flmul@grs+1,f
  7234     0333  0DB0               	rlf	i1___flmul@grs+2,f
  7235     0334  0DB1               	rlf	i1___flmul@grs+3,f
  7236     0335  0B89               	decfsz	9,f
  7237     0336  2B31               	goto	u178_25
  7238     0337                     i1l2053:
  7239     0337  0821               	movf	i1___flmul@b+1,w
  7240     0338  00F0               	movwf	i1__Umul8_16@multiplicand
  7241     0339  0824               	movf	i1___flmul@a,w
  7242     033A  318E  2601  3182   	fcall	i1__Umul8_16
  7243     033D  0871               	movf	?i1__Umul8_16+1,w
  7244     033E  0020               	movlb	0	; select bank0
  7245     033F  00B9               	movwf	i1___flmul@temp+1
  7246     0340  0870               	movf	?i1__Umul8_16,w
  7247     0341  00B8               	movwf	i1___flmul@temp
  7248     0342                     i1l2055:
  7249     0342  0838               	movf	i1___flmul@temp,w
  7250     0343  07AE               	addwf	i1___flmul@grs,f
  7251     0344  0839               	movf	i1___flmul@temp+1,w
  7252     0345  3DAF               	addwfc	i1___flmul@grs+1,f
  7253     0346  3000               	movlw	0
  7254     0347  3DB0               	addwfc	i1___flmul@grs+2,f
  7255     0348  3DB1               	addwfc	i1___flmul@grs+3,f
  7256     0349                     i1l2057:
  7257     0349  0820               	movf	i1___flmul@b,w
  7258     034A  00F0               	movwf	i1__Umul8_16@multiplicand
  7259     034B  0825               	movf	i1___flmul@a+1,w
  7260     034C  318E  2601  3182   	fcall	i1__Umul8_16
  7261     034F  0871               	movf	?i1__Umul8_16+1,w
  7262     0350  0020               	movlb	0	; select bank0
  7263     0351  00B9               	movwf	i1___flmul@temp+1
  7264     0352  0870               	movf	?i1__Umul8_16,w
  7265     0353  00B8               	movwf	i1___flmul@temp
  7266     0354                     i1l2059:
  7267     0354  0838               	movf	i1___flmul@temp,w
  7268     0355  07AE               	addwf	i1___flmul@grs,f
  7269     0356  0839               	movf	i1___flmul@temp+1,w
  7270     0357  3DAF               	addwfc	i1___flmul@grs+1,f
  7271     0358  3000               	movlw	0
  7272     0359  3DB0               	addwfc	i1___flmul@grs+2,f
  7273     035A  3DB1               	addwfc	i1___flmul@grs+3,f
  7274     035B                     i1l2061:
  7275     035B  3008               	movlw	8
  7276     035C                     u179_25:
  7277     035C  35AE               	lslf	i1___flmul@grs,f
  7278     035D  0DAF               	rlf	i1___flmul@grs+1,f
  7279     035E  0DB0               	rlf	i1___flmul@grs+2,f
  7280     035F  0DB1               	rlf	i1___flmul@grs+3,f
  7281     0360  0B89               	decfsz	9,f
  7282     0361  2B5C               	goto	u179_25
  7283     0362  0820               	movf	i1___flmul@b,w
  7284     0363  00F0               	movwf	i1__Umul8_16@multiplicand
  7285     0364  0824               	movf	i1___flmul@a,w
  7286     0365  318E  2601  3182   	fcall	i1__Umul8_16
  7287     0368  0871               	movf	?i1__Umul8_16+1,w
  7288     0369  0020               	movlb	0	; select bank0
  7289     036A  00B9               	movwf	i1___flmul@temp+1
  7290     036B  0870               	movf	?i1__Umul8_16,w
  7291     036C  00B8               	movwf	i1___flmul@temp
  7292     036D                     i1l2063:
  7293     036D  0838               	movf	i1___flmul@temp,w
  7294     036E  07AE               	addwf	i1___flmul@grs,f
  7295     036F  0839               	movf	i1___flmul@temp+1,w
  7296     0370  3DAF               	addwfc	i1___flmul@grs+1,f
  7297     0371  3000               	movlw	0
  7298     0372  3DB0               	addwfc	i1___flmul@grs+2,f
  7299     0373  3DB1               	addwfc	i1___flmul@grs+3,f
  7300     0374                     i1l2065:
  7301     0374  0821               	movf	i1___flmul@b+1,w
  7302     0375  00F0               	movwf	i1__Umul8_16@multiplicand
  7303     0376  0826               	movf	i1___flmul@a+2,w
  7304     0377  318E  2601  3182   	fcall	i1__Umul8_16
  7305     037A  0871               	movf	?i1__Umul8_16+1,w
  7306     037B  0020               	movlb	0	; select bank0
  7307     037C  00B9               	movwf	i1___flmul@temp+1
  7308     037D  0870               	movf	?i1__Umul8_16,w
  7309     037E  00B8               	movwf	i1___flmul@temp
  7310     037F  0838               	movf	i1___flmul@temp,w
  7311     0380  07B4               	addwf	i1___flmul@prod,f
  7312     0381  0839               	movf	i1___flmul@temp+1,w
  7313     0382  3DB5               	addwfc	i1___flmul@prod+1,f
  7314     0383  3000               	movlw	0
  7315     0384  3DB6               	addwfc	i1___flmul@prod+2,f
  7316     0385  3DB7               	addwfc	i1___flmul@prod+3,f
  7317     0386                     i1l2067:
  7318     0386  0822               	movf	i1___flmul@b+2,w
  7319     0387  00F0               	movwf	i1__Umul8_16@multiplicand
  7320     0388  0825               	movf	i1___flmul@a+1,w
  7321     0389  318E  2601  3182   	fcall	i1__Umul8_16
  7322     038C  0871               	movf	?i1__Umul8_16+1,w
  7323     038D  0020               	movlb	0	; select bank0
  7324     038E  00B9               	movwf	i1___flmul@temp+1
  7325     038F  0870               	movf	?i1__Umul8_16,w
  7326     0390  00B8               	movwf	i1___flmul@temp
  7327     0391                     i1l2069:
  7328     0391  0838               	movf	i1___flmul@temp,w
  7329     0392  07B4               	addwf	i1___flmul@prod,f
  7330     0393  0839               	movf	i1___flmul@temp+1,w
  7331     0394  3DB5               	addwfc	i1___flmul@prod+1,f
  7332     0395  3000               	movlw	0
  7333     0396  3DB6               	addwfc	i1___flmul@prod+2,f
  7334     0397  3DB7               	addwfc	i1___flmul@prod+3,f
  7335     0398  0822               	movf	i1___flmul@b+2,w
  7336     0399  00F0               	movwf	i1__Umul8_16@multiplicand
  7337     039A  0826               	movf	i1___flmul@a+2,w
  7338     039B  318E  2601  3182   	fcall	i1__Umul8_16
  7339     039E  0871               	movf	?i1__Umul8_16+1,w
  7340     039F  0020               	movlb	0	; select bank0
  7341     03A0  00B9               	movwf	i1___flmul@temp+1
  7342     03A1  0870               	movf	?i1__Umul8_16,w
  7343     03A2  00B8               	movwf	i1___flmul@temp
  7344     03A3                     i1l2071:
  7345     03A3  0838               	movf	i1___flmul@temp,w
  7346     03A4  00A8               	movwf	??i1___flmul
  7347     03A5  0839               	movf	i1___flmul@temp+1,w
  7348     03A6  00A9               	movwf	??i1___flmul+1
  7349     03A7  01AA               	clrf	??i1___flmul+2
  7350     03A8  01AB               	clrf	??i1___flmul+3
  7351     03A9  3008               	movlw	8
  7352     03AA                     u180_25:
  7353     03AA  35A8               	lslf	??i1___flmul,f
  7354     03AB  0DA9               	rlf	??i1___flmul+1,f
  7355     03AC  0DAA               	rlf	??i1___flmul+2,f
  7356     03AD  0DAB               	rlf	??i1___flmul+3,f
  7357     03AE                     u180_20:
  7358     03AE  0B89               	decfsz	9,f
  7359     03AF  2BAA               	goto	u180_25
  7360     03B0  0828               	movf	??i1___flmul,w
  7361     03B1  07B4               	addwf	i1___flmul@prod,f
  7362     03B2  0829               	movf	??i1___flmul+1,w
  7363     03B3  3DB5               	addwfc	i1___flmul@prod+1,f
  7364     03B4  082A               	movf	??i1___flmul+2,w
  7365     03B5  3DB6               	addwfc	i1___flmul@prod+2,f
  7366     03B6  082B               	movf	??i1___flmul+3,w
  7367     03B7  3DB7               	addwfc	i1___flmul@prod+3,f
  7368     03B8                     i1l2073:
  7369     03B8  082E               	movf	i1___flmul@grs,w
  7370     03B9  00A8               	movwf	??i1___flmul
  7371     03BA  082F               	movf	i1___flmul@grs+1,w
  7372     03BB  00A9               	movwf	??i1___flmul+1
  7373     03BC  0830               	movf	i1___flmul@grs+2,w
  7374     03BD  00AA               	movwf	??i1___flmul+2
  7375     03BE  0831               	movf	i1___flmul@grs+3,w
  7376     03BF  00AB               	movwf	??i1___flmul+3
  7377     03C0  3018               	movlw	24
  7378     03C1                     u181_25:
  7379     03C1  36AB               	lsrf	??i1___flmul+3,f
  7380     03C2  0CAA               	rrf	??i1___flmul+2,f
  7381     03C3  0CA9               	rrf	??i1___flmul+1,f
  7382     03C4  0CA8               	rrf	??i1___flmul,f
  7383     03C5                     u181_20:
  7384     03C5  0B89               	decfsz	9,f
  7385     03C6  2BC1               	goto	u181_25
  7386     03C7  0828               	movf	??i1___flmul,w
  7387     03C8  07B4               	addwf	i1___flmul@prod,f
  7388     03C9  0829               	movf	??i1___flmul+1,w
  7389     03CA  3DB5               	addwfc	i1___flmul@prod+1,f
  7390     03CB  082A               	movf	??i1___flmul+2,w
  7391     03CC  3DB6               	addwfc	i1___flmul@prod+2,f
  7392     03CD  082B               	movf	??i1___flmul+3,w
  7393     03CE  3DB7               	addwfc	i1___flmul@prod+3,f
  7394     03CF                     i1l2075:
  7395     03CF  3008               	movlw	8
  7396     03D0                     u182_25:
  7397     03D0  35AE               	lslf	i1___flmul@grs,f
  7398     03D1  0DAF               	rlf	i1___flmul@grs+1,f
  7399     03D2  0DB0               	rlf	i1___flmul@grs+2,f
  7400     03D3  0DB1               	rlf	i1___flmul@grs+3,f
  7401     03D4  0B89               	decfsz	9,f
  7402     03D5  2BD0               	goto	u182_25
  7403     03D6                     i1l2077:
  7404     03D6  0833               	movf	i1___flmul@bexp,w
  7405     03D7  0732               	addwf	i1___flmul@aexp,w
  7406     03D8  00A8               	movwf	??i1___flmul
  7407     03D9  01A9               	clrf	??i1___flmul+1
  7408     03DA  0DA9               	rlf	??i1___flmul+1,f
  7409     03DB  0828               	movf	??i1___flmul,w
  7410     03DC  3E82               	addlw	130
  7411     03DD  00B8               	movwf	i1___flmul@temp
  7412     03DE  30FF               	movlw	255
  7413     03DF  3D29               	addwfc	??i1___flmul+1,w
  7414     03E0  00B9               	movwf	i1___flmul@temp+1
  7415     03E1  2BF9               	goto	i1l2089
  7416     03E2                     i1l2079:
  7417     03E2  3001               	movlw	1
  7418     03E3                     u183_25:
  7419     03E3  35B4               	lslf	i1___flmul@prod,f
  7420     03E4  0DB5               	rlf	i1___flmul@prod+1,f
  7421     03E5  0DB6               	rlf	i1___flmul@prod+2,f
  7422     03E6  0DB7               	rlf	i1___flmul@prod+3,f
  7423     03E7  0B89               	decfsz	9,f
  7424     03E8  2BE3               	goto	u183_25
  7425     03E9                     i1l2081:
  7426     03E9  1FB1               	btfss	i1___flmul@grs+3,7
  7427     03EA  2BEC               	goto	u184_21
  7428     03EB  2BED               	goto	u184_20
  7429     03EC                     u184_21:
  7430     03EC  2BEE               	goto	i1l2085
  7431     03ED                     u184_20:
  7432     03ED                     i1l2083:
  7433     03ED  1434               	bsf	i1___flmul@prod,0
  7434     03EE                     i1l2085:
  7435     03EE  3001               	movlw	1
  7436     03EF                     u185_25:
  7437     03EF  35AE               	lslf	i1___flmul@grs,f
  7438     03F0  0DAF               	rlf	i1___flmul@grs+1,f
  7439     03F1  0DB0               	rlf	i1___flmul@grs+2,f
  7440     03F2  0DB1               	rlf	i1___flmul@grs+3,f
  7441     03F3  0B89               	decfsz	9,f
  7442     03F4  2BEF               	goto	u185_25
  7443     03F5                     i1l2087:
  7444     03F5  30FF               	movlw	255
  7445     03F6  07B8               	addwf	i1___flmul@temp,f
  7446     03F7  30FF               	movlw	255
  7447     03F8  3DB9               	addwfc	i1___flmul@temp+1,f
  7448     03F9                     i1l2089:
  7449     03F9  1FB6               	btfss	i1___flmul@prod+2,7
  7450     03FA  2BFC               	goto	u186_21
  7451     03FB  2BFD               	goto	u186_20
  7452     03FC                     u186_21:
  7453     03FC  2BE2               	goto	i1l2079
  7454     03FD                     u186_20:
  7455     03FD                     i1l2091:
  7456     03FD  01B2               	clrf	i1___flmul@aexp
  7457     03FE                     i1l2093:
  7458     03FE  1FB1               	btfss	i1___flmul@grs+3,7
  7459     03FF  2C01               	goto	u187_21
  7460     0400  2C02               	goto	u187_20
  7461     0401                     u187_21:
  7462     0401  2C1E               	goto	i1l2101
  7463     0402                     u187_20:
  7464     0402                     i1l2095:
  7465     0402  30FF               	movlw	255
  7466     0403  052E               	andwf	i1___flmul@grs,w
  7467     0404  00A8               	movwf	??i1___flmul
  7468     0405  30FF               	movlw	255
  7469     0406  052F               	andwf	i1___flmul@grs+1,w
  7470     0407  00A9               	movwf	??i1___flmul+1
  7471     0408  30FF               	movlw	255
  7472     0409  0530               	andwf	i1___flmul@grs+2,w
  7473     040A  00AA               	movwf	??i1___flmul+2
  7474     040B  307F               	movlw	127
  7475     040C  0531               	andwf	i1___flmul@grs+3,w
  7476     040D  00AB               	movwf	??i1___flmul+3
  7477     040E  082B               	movf	??i1___flmul+3,w
  7478     040F  042A               	iorwf	??i1___flmul+2,w
  7479     0410  0429               	iorwf	??i1___flmul+1,w
  7480     0411  0428               	iorwf	??i1___flmul,w
  7481     0412  1903               	skipnz
  7482     0413  2C15               	goto	u188_21
  7483     0414  2C16               	goto	u188_20
  7484     0415                     u188_21:
  7485     0415  2C19               	goto	i1l968
  7486     0416                     u188_20:
  7487     0416                     i1l2097:
  7488     0416  01B2               	clrf	i1___flmul@aexp
  7489     0417  0AB2               	incf	i1___flmul@aexp,f
  7490     0418  2C1E               	goto	i1l2101
  7491     0419                     i1l968:
  7492     0419  1C34               	btfss	i1___flmul@prod,0
  7493     041A  2C1C               	goto	u189_21
  7494     041B  2C1D               	goto	u189_20
  7495     041C                     u189_21:
  7496     041C  2C1E               	goto	i1l2101
  7497     041D                     u189_20:
  7498     041D  2C16               	goto	i1l2097
  7499     041E                     i1l2101:
  7500     041E  0832               	movf	i1___flmul@aexp,w
  7501     041F  1903               	btfsc	3,2
  7502     0420  2C22               	goto	u190_21
  7503     0421  2C23               	goto	u190_20
  7504     0422                     u190_21:
  7505     0422  2C4B               	goto	i1l2111
  7506     0423                     u190_20:
  7507     0423                     i1l2103:
  7508     0423  3001               	movlw	1
  7509     0424  07B4               	addwf	i1___flmul@prod,f
  7510     0425  3000               	movlw	0
  7511     0426  3DB5               	addwfc	i1___flmul@prod+1,f
  7512     0427  3000               	movlw	0
  7513     0428  3DB6               	addwfc	i1___flmul@prod+2,f
  7514     0429  3000               	movlw	0
  7515     042A  3DB7               	addwfc	i1___flmul@prod+3,f
  7516     042B                     i1l2105:
  7517     042B  1C37               	btfss	i1___flmul@prod+3,0
  7518     042C  2C2E               	goto	u191_21
  7519     042D  2C2F               	goto	u191_20
  7520     042E                     u191_21:
  7521     042E  2C4B               	goto	i1l2111
  7522     042F                     u191_20:
  7523     042F                     i1l2107:
  7524     042F  0834               	movf	i1___flmul@prod,w
  7525     0430  00A8               	movwf	??i1___flmul
  7526     0431  0835               	movf	i1___flmul@prod+1,w
  7527     0432  00A9               	movwf	??i1___flmul+1
  7528     0433  0836               	movf	i1___flmul@prod+2,w
  7529     0434  00AA               	movwf	??i1___flmul+2
  7530     0435  0837               	movf	i1___flmul@prod+3,w
  7531     0436  00AB               	movwf	??i1___flmul+3
  7532     0437  3001               	movlw	1
  7533     0438  00AC               	movwf	??i1___flmul+4
  7534     0439                     u192_25:
  7535     0439  37AB               	asrf	??i1___flmul+3,f
  7536     043A  0CAA               	rrf	??i1___flmul+2,f
  7537     043B  0CA9               	rrf	??i1___flmul+1,f
  7538     043C  0CA8               	rrf	??i1___flmul,f
  7539     043D                     u192_20:
  7540     043D  0BAC               	decfsz	??i1___flmul+4,f
  7541     043E  2C39               	goto	u192_25
  7542     043F  082B               	movf	??i1___flmul+3,w
  7543     0440  00B7               	movwf	i1___flmul@prod+3
  7544     0441  082A               	movf	??i1___flmul+2,w
  7545     0442  00B6               	movwf	i1___flmul@prod+2
  7546     0443  0829               	movf	??i1___flmul+1,w
  7547     0444  00B5               	movwf	i1___flmul@prod+1
  7548     0445  0828               	movf	??i1___flmul,w
  7549     0446  00B4               	movwf	i1___flmul@prod
  7550     0447                     i1l2109:
  7551     0447  3001               	movlw	1
  7552     0448  07B8               	addwf	i1___flmul@temp,f
  7553     0449  3000               	movlw	0
  7554     044A  3DB9               	addwfc	i1___flmul@temp+1,f
  7555     044B                     i1l2111:
  7556     044B  0839               	movf	i1___flmul@temp+1,w
  7557     044C  3A80               	xorlw	128
  7558     044D  00A8               	movwf	??i1___flmul
  7559     044E  3080               	movlw	128
  7560     044F  0228               	subwf	??i1___flmul,w
  7561     0450  1D03               	skipz
  7562     0451  2C54               	goto	u193_25
  7563     0452  30FF               	movlw	255
  7564     0453  0238               	subwf	i1___flmul@temp,w
  7565     0454                     u193_25:
  7566     0454  1C03               	skipc
  7567     0455  2C57               	goto	u193_21
  7568     0456  2C58               	goto	u193_20
  7569     0457                     u193_21:
  7570     0457  2C62               	goto	i1l2115
  7571     0458                     u193_20:
  7572     0458                     i1l2113:
  7573     0458  307F               	movlw	127
  7574     0459  0020               	movlb	0	; select bank0
  7575     045A  00B7               	movwf	i1___flmul@prod+3
  7576     045B  3080               	movlw	128
  7577     045C  00B6               	movwf	i1___flmul@prod+2
  7578     045D  3000               	movlw	0
  7579     045E  00B5               	movwf	i1___flmul@prod+1
  7580     045F  3000               	movlw	0
  7581     0460  00B4               	movwf	i1___flmul@prod
  7582     0461  2C8D               	goto	i1l974
  7583     0462                     i1l2115:
  7584     0462  0020               	movlb	0	; select bank0
  7585     0463  0839               	movf	i1___flmul@temp+1,w
  7586     0464  3A80               	xorlw	128
  7587     0465  00A8               	movwf	??i1___flmul
  7588     0466  3080               	movlw	128
  7589     0467  0228               	subwf	??i1___flmul,w
  7590     0468  1D03               	skipz
  7591     0469  2C6C               	goto	u194_25
  7592     046A  3001               	movlw	1
  7593     046B  0238               	subwf	i1___flmul@temp,w
  7594     046C                     u194_25:
  7595     046C  1803               	skipnc
  7596     046D  2C6F               	goto	u194_21
  7597     046E  2C70               	goto	u194_20
  7598     046F                     u194_21:
  7599     046F  2C7B               	goto	i1l2121
  7600     0470                     u194_20:
  7601     0470                     i1l2117:
  7602     0470  3000               	movlw	0
  7603     0471  0020               	movlb	0	; select bank0
  7604     0472  00B7               	movwf	i1___flmul@prod+3
  7605     0473  3000               	movlw	0
  7606     0474  00B6               	movwf	i1___flmul@prod+2
  7607     0475  3000               	movlw	0
  7608     0476  00B5               	movwf	i1___flmul@prod+1
  7609     0477  3000               	movlw	0
  7610     0478  00B4               	movwf	i1___flmul@prod
  7611     0479                     i1l2119:
  7612     0479  01AD               	clrf	i1___flmul@sign
  7613     047A  2C8D               	goto	i1l974
  7614     047B                     i1l2121:
  7615     047B  0020               	movlb	0	; select bank0
  7616     047C  0838               	movf	i1___flmul@temp,w
  7617     047D  00B3               	movwf	i1___flmul@bexp
  7618     047E  30FF               	movlw	255
  7619     047F  05B4               	andwf	i1___flmul@prod,f
  7620     0480  30FF               	movlw	255
  7621     0481  05B5               	andwf	i1___flmul@prod+1,f
  7622     0482  307F               	movlw	127
  7623     0483  05B6               	andwf	i1___flmul@prod+2,f
  7624     0484  3000               	movlw	0
  7625     0485  05B7               	andwf	i1___flmul@prod+3,f
  7626     0486                     i1l2123:
  7627     0486  1C33               	btfss	i1___flmul@bexp,0
  7628     0487  2C89               	goto	u195_21
  7629     0488  2C8A               	goto	u195_20
  7630     0489                     u195_21:
  7631     0489  2C8B               	goto	i1l2127
  7632     048A                     u195_20:
  7633     048A                     i1l2125:
  7634     048A  17B6               	bsf	i1___flmul@prod+2,7
  7635     048B                     i1l2127:
  7636     048B  3633               	lsrf	i1___flmul@bexp,w
  7637     048C  00B7               	movwf	i1___flmul@prod+3
  7638     048D                     i1l974:
  7639     048D  082D               	movf	i1___flmul@sign,w
  7640     048E  00A8               	movwf	??i1___flmul
  7641     048F  0828               	movf	??i1___flmul,w
  7642     0490  04B7               	iorwf	i1___flmul@prod+3,f
  7643     0491                     i1l2129:
  7644     0491  0837               	movf	i1___flmul@prod+3,w
  7645     0492  00A3               	movwf	?i1___flmul+3
  7646     0493  0836               	movf	i1___flmul@prod+2,w
  7647     0494  00A2               	movwf	?i1___flmul+2
  7648     0495  0835               	movf	i1___flmul@prod+1,w
  7649     0496  00A1               	movwf	?i1___flmul+1
  7650     0497  0834               	movf	i1___flmul@prod,w
  7651     0498  00A0               	movwf	?i1___flmul
  7652     0499                     i1l962:
  7653     0499  0008               	return
  7654     049A                     __end_ofi1___flmul:
  7655                           
  7656                           	psect	text35
  7657     0E01                     __ptext35:	
  7658 ;; *************** function i1__Umul8_16 *****************
  7659 ;; Defined at:
  7660 ;;		line 4 in file "C:\Program Files\Microchip\xc8\v2.46\pic\sources\c99\common\Umul8_16.c"
  7661 ;; Parameters:    Size  Location     Type
  7662 ;;  multiplier      1    wreg     unsigned char 
  7663 ;;  multiplicand    1    0[COMMON] unsigned char 
  7664 ;; Auto vars:     Size  Location     Type
  7665 ;;  multiplier      1    8[COMMON] unsigned char 
  7666 ;;  word_mpld       2    6[COMMON] unsigned short 
  7667 ;;  product         2    4[COMMON] unsigned short 
  7668 ;; Return value:  Size  Location     Type
  7669 ;;                  2    0[COMMON] unsigned int 
  7670 ;; Registers used:
  7671 ;;		wreg, status,2, status,0
  7672 ;; Tracked objects:
  7673 ;;		On entry : 0/0
  7674 ;;		On exit  : 0/0
  7675 ;;		Unchanged: 0/0
  7676 ;; Data sizes:     COMMON   BANK0   BANK1   BANK2   BANK3   BANK4
  7677 ;;      Params:         2       0       0       0       0       0
  7678 ;;      Locals:         5       0       0       0       0       0
  7679 ;;      Temps:          2       0       0       0       0       0
  7680 ;;      Totals:         9       0       0       0       0       0
  7681 ;;Total ram usage:        9 bytes
  7682 ;; Hardware stack levels used: 1
  7683 ;; This function calls:
  7684 ;;		Nothing
  7685 ;; This function is called by:
  7686 ;;		i1___flmul
  7687 ;; This function uses a non-reentrant model
  7688 ;;
  7689                           
  7690     0E01                     i1__Umul8_16:	
  7691                           ;psect for function i1__Umul8_16
  7692                           
  7693                           
  7694                           ;incstack = 0
  7695                           ; Regs used in i1__Umul8_16: [wreg+status,2+status,0]
  7696                           ;i1__Umul8_16@multiplier stored from wreg
  7697     0E01  00F8               	movwf	i1__Umul8_16@multiplier
  7698     0E02                     i1l1927:
  7699     0E02  01F4               	clrf	i1__Umul8_16@product
  7700     0E03  01F5               	clrf	i1__Umul8_16@product+1
  7701     0E04                     i1l1929:
  7702     0E04  0870               	movf	i1__Umul8_16@multiplicand,w
  7703     0E05  00F2               	movwf	??i1__Umul8_16
  7704     0E06  01F3               	clrf	??i1__Umul8_16+1
  7705     0E07  0872               	movf	??i1__Umul8_16,w
  7706     0E08  00F6               	movwf	i1__Umul8_16@word_mpld
  7707     0E09  0873               	movf	??i1__Umul8_16+1,w
  7708     0E0A  00F7               	movwf	i1__Umul8_16@word_mpld+1
  7709     0E0B                     i1l1931:
  7710     0E0B  1C78               	btfss	i1__Umul8_16@multiplier,0
  7711     0E0C  2E0E               	goto	u155_21
  7712     0E0D  2E0F               	goto	u155_20
  7713     0E0E                     u155_21:
  7714     0E0E  2E13               	goto	i1l981
  7715     0E0F                     u155_20:
  7716     0E0F                     i1l1933:
  7717     0E0F  0876               	movf	i1__Umul8_16@word_mpld,w
  7718     0E10  07F4               	addwf	i1__Umul8_16@product,f
  7719     0E11  0877               	movf	i1__Umul8_16@word_mpld+1,w
  7720     0E12  3DF5               	addwfc	i1__Umul8_16@product+1,f
  7721     0E13                     i1l981:
  7722     0E13  3001               	movlw	1
  7723     0E14                     u156_25:
  7724     0E14  35F6               	lslf	i1__Umul8_16@word_mpld,f
  7725     0E15  0DF7               	rlf	i1__Umul8_16@word_mpld+1,f
  7726     0E16  0B89               	decfsz	9,f
  7727     0E17  2E14               	goto	u156_25
  7728     0E18  1003               	clrc
  7729     0E19  0CF8               	rrf	i1__Umul8_16@multiplier,f
  7730     0E1A                     i1l1935:
  7731     0E1A  0878               	movf	i1__Umul8_16@multiplier,w
  7732     0E1B  1D03               	btfss	3,2
  7733     0E1C  2E1E               	goto	u157_21
  7734     0E1D  2E1F               	goto	u157_20
  7735     0E1E                     u157_21:
  7736     0E1E  2E0B               	goto	i1l1931
  7737     0E1F                     u157_20:
  7738     0E1F                     i1l1937:
  7739     0E1F  0875               	movf	i1__Umul8_16@product+1,w
  7740     0E20  00F1               	movwf	?i1__Umul8_16+1
  7741     0E21  0874               	movf	i1__Umul8_16@product,w
  7742     0E22  00F0               	movwf	?i1__Umul8_16
  7743     0E23                     i1l983:
  7744     0E23  0008               	return
  7745     0E24                     __end_ofi1__Umul8_16:
  7746                           
  7747                           	psect	text36
  7748     0D10                     __ptext36:	
  7749 ;; *************** function _EUSART_Write *****************
  7750 ;; Defined at:
  7751 ;;		line 132 in file "mcc_generated_files/eusart.c"
  7752 ;; Parameters:    Size  Location     Type
  7753 ;;  txData          1    wreg     unsigned char 
  7754 ;; Auto vars:     Size  Location     Type
  7755 ;;  txData          1    0[COMMON] unsigned char 
  7756 ;; Return value:  Size  Location     Type
  7757 ;;                  1    wreg      void 
  7758 ;; Registers used:
  7759 ;;		wreg
  7760 ;; Tracked objects:
  7761 ;;		On entry : 0/0
  7762 ;;		On exit  : 0/0
  7763 ;;		Unchanged: 0/0
  7764 ;; Data sizes:     COMMON   BANK0   BANK1   BANK2   BANK3   BANK4
  7765 ;;      Params:         0       0       0       0       0       0
  7766 ;;      Locals:         1       0       0       0       0       0
  7767 ;;      Temps:          0       0       0       0       0       0
  7768 ;;      Totals:         1       0       0       0       0       0
  7769 ;;Total ram usage:        1 bytes
  7770 ;; Hardware stack levels used: 1
  7771 ;; This function calls:
  7772 ;;		Nothing
  7773 ;; This function is called by:
  7774 ;;		_send_data
  7775 ;; This function uses a non-reentrant model
  7776 ;;
  7777                           
  7778     0D10                     _EUSART_Write:	
  7779                           ;psect for function _EUSART_Write
  7780                           
  7781                           
  7782                           ;incstack = 0
  7783                           ; Regs used in _EUSART_Write: [wreg]
  7784                           ;EUSART_Write@txData stored from wreg
  7785     0D10  00F0               	movwf	EUSART_Write@txData
  7786     0D11                     i1l1953:
  7787     0D11                     i1l281:	
  7788                           ;mcc_generated_files/eusart.c: 135:     {;mcc_generated_files/eusart.c: 136:     }
  7789                           
  7790                           
  7791                           ;mcc_generated_files/eusart.c: 134:     while(0 == PIR1bits.TXIF)
  7792     0D11  0020               	movlb	0	; select bank0
  7793     0D12  1E11               	btfss	17,4	;volatile
  7794     0D13  2D15               	goto	u159_21
  7795     0D14  2D16               	goto	u159_20
  7796     0D15                     u159_21:
  7797     0D15  2D11               	goto	i1l281
  7798     0D16                     u159_20:
  7799     0D16                     i1l1955:
  7800                           
  7801                           ;mcc_generated_files/eusart.c: 138:     TXREG = txData;
  7802     0D16  0870               	movf	EUSART_Write@txData,w
  7803     0D17  0023               	movlb	3	; select bank3
  7804     0D18  009A               	movwf	26	;volatile
  7805     0D19                     i1l284:
  7806     0D19  0008               	return
  7807     0D1A                     __end_of_EUSART_Write:
  7808                           
  7809                           	psect	text37
  7810     0D8F                     __ptext37:	
  7811 ;; *************** function _ADC_GetConversion *****************
  7812 ;; Defined at:
  7813 ;;		line 112 in file "mcc_generated_files/adc.c"
  7814 ;; Parameters:    Size  Location     Type
  7815 ;;  channel         1    wreg     enum E2495
  7816 ;; Auto vars:     Size  Location     Type
  7817 ;;  channel         1    3[COMMON] enum E2495
  7818 ;; Return value:  Size  Location     Type
  7819 ;;                  2    0[COMMON] unsigned short 
  7820 ;; Registers used:
  7821 ;;		wreg, status,2, status,0
  7822 ;; Tracked objects:
  7823 ;;		On entry : 0/0
  7824 ;;		On exit  : 0/0
  7825 ;;		Unchanged: 0/0
  7826 ;; Data sizes:     COMMON   BANK0   BANK1   BANK2   BANK3   BANK4
  7827 ;;      Params:         2       0       0       0       0       0
  7828 ;;      Locals:         1       0       0       0       0       0
  7829 ;;      Temps:          1       0       0       0       0       0
  7830 ;;      Totals:         4       0       0       0       0       0
  7831 ;;Total ram usage:        4 bytes
  7832 ;; Hardware stack levels used: 1
  7833 ;; This function calls:
  7834 ;;		Nothing
  7835 ;; This function is called by:
  7836 ;;		_send_data
  7837 ;; This function uses a non-reentrant model
  7838 ;;
  7839                           
  7840     0D8F                     _ADC_GetConversion:	
  7841                           ;psect for function _ADC_GetConversion
  7842                           
  7843                           
  7844                           ;incstack = 0
  7845                           ; Regs used in _ADC_GetConversion: [wreg+status,2+status,0]
  7846                           ;ADC_GetConversion@channel stored from wreg
  7847     0D8F  00F3               	movwf	ADC_GetConversion@channel
  7848     0D90                     i1l1941:
  7849                           
  7850                           ;mcc_generated_files/adc.c: 112: adc_result_t ADC_GetConversion(adc_channel_t channel);m
      +                          cc_generated_files/adc.c: 113: {;mcc_generated_files/adc.c: 115:     ADCON0bits.CHS = ch
      +                          annel;
  7851     0D90  0873               	movf	ADC_GetConversion@channel,w
  7852     0D91  00F2               	movwf	??_ADC_GetConversion
  7853     0D92  0DF2               	rlf	??_ADC_GetConversion,f
  7854     0D93  0DF2               	rlf	??_ADC_GetConversion,f
  7855     0D94  0021               	movlb	1	; select bank1
  7856     0D95  081D               	movf	29,w	;volatile
  7857     0D96  0672               	xorwf	??_ADC_GetConversion,w
  7858     0D97  3983               	andlw	-125
  7859     0D98  0672               	xorwf	??_ADC_GetConversion,w
  7860     0D99  009D               	movwf	29	;volatile
  7861     0D9A                     i1l1943:
  7862                           
  7863                           ;mcc_generated_files/adc.c: 118:     ADCON0bits.ADON = 1;
  7864     0D9A  141D               	bsf	29,0	;volatile
  7865     0D9B                     i1l1945:
  7866                           
  7867                           ;mcc_generated_files/adc.c: 121:     _delay((unsigned long)((5)*(16000000/4000000.0)));
  7868     0D9B  3006               	movlw	6
  7869     0D9C                     u358_27:
  7870     0D9C  0B89               	decfsz	9,f
  7871     0D9D  2D9C               	goto	u358_27
  7872     0D9E  3200               	nop2
  7873     0D9F                     i1l1947:
  7874                           
  7875                           ;mcc_generated_files/adc.c: 124:     ADCON0bits.GO_nDONE = 1;
  7876     0D9F  0021               	movlb	1	; select bank1
  7877     0DA0  149D               	bsf	29,1	;volatile
  7878     0DA1                     i1l378:	
  7879                           ;mcc_generated_files/adc.c: 128:     {;mcc_generated_files/adc.c: 129:     }
  7880                           
  7881                           
  7882                           ;mcc_generated_files/adc.c: 127:     while (ADCON0bits.GO_nDONE)
  7883     0DA1  189D               	btfsc	29,1	;volatile
  7884     0DA2  2DA4               	goto	u158_21
  7885     0DA3  2DA5               	goto	u158_20
  7886     0DA4                     u158_21:
  7887     0DA4  2DA1               	goto	i1l378
  7888     0DA5                     u158_20:
  7889     0DA5                     i1l1949:
  7890                           
  7891                           ;mcc_generated_files/adc.c: 132:     return ((adc_result_t)((ADRESH << 8) + ADRESL));
  7892     0DA5  081C               	movf	28,w	;volatile
  7893     0DA6  00F1               	movwf	?_ADC_GetConversion+1
  7894     0DA7  081B               	movf	27,w	;volatile
  7895     0DA8  00F0               	movwf	?_ADC_GetConversion
  7896     0DA9                     i1l381:
  7897     0DA9  0008               	return
  7898     0DAA                     __end_of_ADC_GetConversion:
  7899     007E                     btemp	set	126	;btemp
  7900     007E                     int$flags	set	126
  7901     007E                     wtemp0	set	126
  7902                           
  7903                           	psect	config
  7904                           
  7905                           ;Config register CONFIG1 @ 0x8007
  7906                           ;	Oscillator Selection
  7907                           ;	FOSC = INTOSC, INTOSC oscillator: I/O function on CLKIN pin
  7908                           ;	Watchdog Timer Enable
  7909                           ;	WDTE = OFF, WDT disabled
  7910                           ;	Power-up Timer Enable
  7911                           ;	PWRTE = OFF, PWRT disabled
  7912                           ;	MCLR Pin Function Select
  7913                           ;	MCLRE = ON, MCLR/VPP pin function is MCLR
  7914                           ;	Flash Program Memory Code Protection
  7915                           ;	CP = OFF, Program memory code protection is disabled
  7916                           ;	Data Memory Code Protection
  7917                           ;	CPD = OFF, Data memory code protection is disabled
  7918                           ;	Brown-out Reset Enable
  7919                           ;	BOREN = ON, Brown-out Reset enabled
  7920                           ;	Clock Out Enable
  7921                           ;	CLKOUTEN = OFF, CLKOUT function is disabled. I/O or oscillator function on the CLKOUT 
      +                          pin
  7922                           ;	Internal/External Switchover
  7923                           ;	IESO = ON, Internal/External Switchover mode is enabled
  7924                           ;	Fail-Safe Clock Monitor Enable
  7925                           ;	FCMEN = ON, Fail-Safe Clock Monitor is enabled
  7926     8007                     	org	32775
  7927     8007  3FE4               	dw	16356
  7928                           
  7929                           ;Config register CONFIG2 @ 0x8008
  7930                           ;	Flash Memory Self-Write Protection
  7931                           ;	WRT = OFF, Write protection off
  7932                           ;	PLL Enable
  7933                           ;	PLLEN = OFF, 4x PLL disabled
  7934                           ;	Stack Overflow/Underflow Reset Enable
  7935                           ;	STVREN = ON, Stack Overflow or Underflow will cause a Reset
  7936                           ;	Brown-out Reset Voltage Selection
  7937                           ;	BORV = LO, Brown-out Reset Voltage (Vbor), low trip point selected.
  7938                           ;	In-Circuit Debugger Mode
  7939                           ;	DEBUG = 0x1, unprogrammed default
  7940                           ;	Low-Voltage Programming Enable
  7941                           ;	LVP = ON, Low-voltage programming enabled
  7942     8008                     	org	32776
  7943     8008  3EFF               	dw	16127

Data Sizes:
    Strings     0
    Constant    0
    Data        0
    BSS         18
    Persistent  40
    Stack       0

Auto Spaces:
    Space          Size  Autos    Used
    COMMON           14     14      14
    BANK0            80     36      60
    BANK1            80     78      80
    BANK2            80      0       0
    BANK3            80      0       0
    BANK4            48      0       0

Pointer List with Targets:

    ADC_InterruptHandler	PTR FTN()void  size(2) Largest target is 1
		 -> NULL(), 

    EUSART_ErrorHandler	PTR FTN()void  size(2) Largest target is 1
		 -> EUSART_DefaultErrorHandler(), NULL(), 

    EUSART_FramingErrorHandler	PTR FTN()void  size(2) Largest target is 1
		 -> EUSART_DefaultFramingErrorHandler(), NULL(), 

    EUSART_OverrunErrorHandler	PTR FTN()void  size(2) Largest target is 1
		 -> EUSART_DefaultOverrunErrorHandler(), NULL(), 

    EUSART_SetErrorHandler@interruptHandler	PTR FTN()void  size(2) Largest target is 1
		 -> EUSART_DefaultErrorHandler(), 

    EUSART_SetFramingErrorHandler@interruptHandler	PTR FTN()void  size(2) Largest target is 1
		 -> EUSART_DefaultFramingErrorHandler(), 

    EUSART_SetOverrunErrorHandler@interruptHandler	PTR FTN()void  size(2) Largest target is 1
		 -> EUSART_DefaultOverrunErrorHandler(), 

    TMR0_InterruptHandler	PTR FTN()void  size(2) Largest target is 1
		 -> send_data(), TMR0_DefaultInterruptHandler(), NULL(), 

    TMR0_SetInterruptHandler@InterruptHandler	PTR FTN()void  size(2) Largest target is 1
		 -> send_data(), TMR0_DefaultInterruptHandler(), 


Critical Paths under _main in COMMON

    None.

Critical Paths under _INTERRUPT_InterruptManager in COMMON

    _send_data->i1___xxtofl
    i1___fltol->i1___xxtofl
    i1___flmul->i1___xxtofl

Critical Paths under _main in BANK0

    None.

Critical Paths under _INTERRUPT_InterruptManager in BANK0

    _send_data->i1___fltol
    i1___fltol->i1___flmul

Critical Paths under _main in BANK1

    _main->_Trigger_and_Echo
    _Trigger_and_Echo->___fltol
    ___fltol->___fldiv
    ___flmul->___xxtofl
    ___fldiv->___flmul
    _TMR0_Initialize->_TMR0_SetInterruptHandler
    _EUSART_Initialize->_EUSART_SetErrorHandler
    _EUSART_Initialize->_EUSART_SetFramingErrorHandler
    _EUSART_Initialize->_EUSART_SetOverrunErrorHandler

Critical Paths under _INTERRUPT_InterruptManager in BANK1

    None.

Critical Paths under _main in BANK2

    None.

Critical Paths under _INTERRUPT_InterruptManager in BANK2

    None.

Critical Paths under _main in BANK3

    None.

Critical Paths under _INTERRUPT_InterruptManager in BANK3

    None.

Critical Paths under _main in BANK4

    None.

Critical Paths under _INTERRUPT_InterruptManager in BANK4

    None.

Call Graph Tables:

 ---------------------------------------------------------------------------------
 (Depth) Function   	        Calls       Base Space   Used Autos Params    Refs
 ---------------------------------------------------------------------------------
 (0) _main                                                 0     0      0    7089
                _EPWM1_LoadDutyValue
                  _SYSTEM_Initialize
           _TMR0_SetInterruptHandler
                   _Trigger_and_Echo
 ---------------------------------------------------------------------------------
 (1) _Trigger_and_Echo                                     2     2      0    6152
                                             76 BANK1      2     2      0
                     _TMR1_ReadTimer
                    _TMR1_StartTimer
                     _TMR1_StopTimer
                    _TMR1_WriteTimer
                            ___fldiv
                            ___flmul
                            ___fltol
                           ___xxtofl
 ---------------------------------------------------------------------------------
 (2) ___xxtofl                                            14    10      4     621
                                              0 BANK1     14    10      4
 ---------------------------------------------------------------------------------
 (2) ___fltol                                             10     6      4     355
                                             66 BANK1     10     6      4
                            ___fldiv (ARG)
                            ___flmul (ARG)
                           ___xxtofl (ARG)
 ---------------------------------------------------------------------------------
 (2) ___flmul                                             26    18      8    3463
                                             14 BANK1     26    18      8
                          __Umul8_16
                           ___xxtofl (ARG)
 ---------------------------------------------------------------------------------
 (3) __Umul8_16                                            9     7      2     980
                                              0 BANK1      9     7      2
 ---------------------------------------------------------------------------------
 (2) ___fldiv                                             26    18      8    1273
                                             40 BANK1     26    18      8
                            ___flmul (ARG)
                           ___xxtofl (ARG)
 ---------------------------------------------------------------------------------
 (2) _TMR1_WriteTimer                                      2     0      2     304
                                              0 BANK1      2     0      2
 ---------------------------------------------------------------------------------
 (2) _TMR1_StopTimer                                       0     0      0       0
 ---------------------------------------------------------------------------------
 (2) _TMR1_StartTimer                                      0     0      0       0
 ---------------------------------------------------------------------------------
 (2) _TMR1_ReadTimer                                      11     9      2     102
                                              0 BANK1     11     9      2
 ---------------------------------------------------------------------------------
 (1) _SYSTEM_Initialize                                    0     0      0     574
                     _ADC_Initialize
                   _EPWM1_Initialize
                  _EUSART_Initialize
                     _FVR_Initialize
              _OSCILLATOR_Initialize
             _PIN_MANAGER_Initialize
                    _TMR0_Initialize
                    _TMR1_Initialize
                    _TMR2_Initialize
                     _WDT_Initialize
 ---------------------------------------------------------------------------------
 (2) _WDT_Initialize                                       0     0      0       0
 ---------------------------------------------------------------------------------
 (2) _TMR2_Initialize                                      0     0      0       0
 ---------------------------------------------------------------------------------
 (2) _TMR1_Initialize                                      0     0      0       0
 ---------------------------------------------------------------------------------
 (2) _TMR0_Initialize                                      0     0      0     211
           _TMR0_SetInterruptHandler
 ---------------------------------------------------------------------------------
 (1) _TMR0_SetInterruptHandler                             2     0      2     211
                                              0 BANK1      2     0      2
 ---------------------------------------------------------------------------------
 (2) _PIN_MANAGER_Initialize                               0     0      0       0
 ---------------------------------------------------------------------------------
 (2) _OSCILLATOR_Initialize                                0     0      0       0
 ---------------------------------------------------------------------------------
 (2) _FVR_Initialize                                       0     0      0       0
 ---------------------------------------------------------------------------------
 (2) _EUSART_Initialize                                    0     0      0     363
             _EUSART_SetErrorHandler
      _EUSART_SetFramingErrorHandler
      _EUSART_SetOverrunErrorHandler
 ---------------------------------------------------------------------------------
 (3) _EUSART_SetOverrunErrorHandler                        2     0      2     121
                                              0 BANK1      2     0      2
 ---------------------------------------------------------------------------------
 (3) _EUSART_SetFramingErrorHandler                        2     0      2     121
                                              0 BANK1      2     0      2
 ---------------------------------------------------------------------------------
 (3) _EUSART_SetErrorHandler                               2     0      2     121
                                              0 BANK1      2     0      2
 ---------------------------------------------------------------------------------
 (2) _EPWM1_Initialize                                     0     0      0       0
 ---------------------------------------------------------------------------------
 (2) _ADC_Initialize                                       0     0      0       0
 ---------------------------------------------------------------------------------
 (1) _EPWM1_LoadDutyValue                                  4     2      2     152
                                              0 BANK1      4     2      2
 ---------------------------------------------------------------------------------
 Estimated maximum stack depth 3
 ---------------------------------------------------------------------------------
 (Depth) Function   	        Calls       Base Space   Used Autos Params    Refs
 ---------------------------------------------------------------------------------
 (4) _INTERRUPT_InterruptManager                           0     0      0    2514
                           _TMR0_ISR
 ---------------------------------------------------------------------------------
 (5) _TMR0_ISR                                             0     0      0    2514
                      _TMR0_CallBack
 ---------------------------------------------------------------------------------
 (6) _TMR0_CallBack                                        0     0      0    2514
                                NULL *
       _TMR0_DefaultInterruptHandler *
                          _send_data *
 ---------------------------------------------------------------------------------
 (7) _send_data                                            0     0      0    2514
                  _ADC_GetConversion
                       _EUSART_Write
                          i1___flmul
                          i1___fltol
                         i1___xxtofl
 ---------------------------------------------------------------------------------
 (8) i1___xxtofl                                          14    10      4     348
                                              0 COMMON    14    10      4
 ---------------------------------------------------------------------------------
 (8) i1___fltol                                           10     6      4     255
                                             26 BANK0     10     6      4
                          i1___flmul (ARG)
                         i1___xxtofl (ARG)
 ---------------------------------------------------------------------------------
 (8) i1___flmul                                           26    18      8    1867
                                              0 BANK0     26    18      8
                        i1__Umul8_16
                         i1___xxtofl (ARG)
 ---------------------------------------------------------------------------------
 (9) i1__Umul8_16                                          9     7      2     349
                                              0 COMMON     9     7      2
 ---------------------------------------------------------------------------------
 (8) _EUSART_Write                                         1     1      0      22
                                              0 COMMON     1     1      0
 ---------------------------------------------------------------------------------
 (8) _ADC_GetConversion                                    4     2      2      22
                                              0 COMMON     4     2      2
 ---------------------------------------------------------------------------------
 (7) _TMR0_DefaultInterruptHandler                         0     0      0       0
 ---------------------------------------------------------------------------------
 (7) NULL(Fake)                                            0     0      0       0
 ---------------------------------------------------------------------------------
 Estimated maximum stack depth 9
 ---------------------------------------------------------------------------------

 Call Graph Graphs:

 _main (ROOT)
   _EPWM1_LoadDutyValue
   _SYSTEM_Initialize
     _ADC_Initialize
     _EPWM1_Initialize
     _EUSART_Initialize
       _EUSART_SetErrorHandler
       _EUSART_SetFramingErrorHandler
       _EUSART_SetOverrunErrorHandler
     _FVR_Initialize
     _OSCILLATOR_Initialize
     _PIN_MANAGER_Initialize
     _TMR0_Initialize
       _TMR0_SetInterruptHandler
     _TMR1_Initialize
     _TMR2_Initialize
     _WDT_Initialize
   _TMR0_SetInterruptHandler
   _Trigger_and_Echo
     _TMR1_ReadTimer
     _TMR1_StartTimer
     _TMR1_StopTimer
     _TMR1_WriteTimer
     ___fldiv
       ___flmul (ARG)
         __Umul8_16
         ___xxtofl (ARG)
       ___xxtofl (ARG)
     ___flmul
     ___fltol
       ___fldiv (ARG)
       ___flmul (ARG)
       ___xxtofl (ARG)
     ___xxtofl

 _INTERRUPT_InterruptManager (ROOT)
   _TMR0_ISR
     _TMR0_CallBack
       NULL(Fake) *
       _TMR0_DefaultInterruptHandler *
       _send_data *
         _ADC_GetConversion
         _EUSART_Write
         i1___flmul
           i1__Umul8_16
           i1___xxtofl (ARG)
         i1___fltol
           i1___flmul (ARG)
           i1___xxtofl (ARG)
         i1___xxtofl

 Address spaces:
Name               Size   Autos  Total    Cost      Usage
BIGRAM             170      0       0       0        0.0%
EEDATA             100      0       0       0        0.0%
NULL                 0      0       0       0        0.0%
CODE                 0      0       0       0        0.0%
BITCOMMON            E      0       0       1        0.0%
BITSFR0              0      0       0       1        0.0%
SFR0                 0      0       0       1        0.0%
COMMON               E      E       E       2      100.0%
BITSFR1              0      0       0       2        0.0%
SFR1                 0      0       0       2        0.0%
BITSFR2              0      0       0       3        0.0%
SFR2                 0      0       0       3        0.0%
STACK                0      0       0       3        0.0%
BITSFR3              0      0       0       4        0.0%
SFR3                 0      0       0       4        0.0%
ABS                  0      0      9A       4        0.0%
BITBANK0            50      0       0       5        0.0%
BITSFR4              0      0       0       5        0.0%
SFR4                 0      0       0       5        0.0%
BANK0               50     24      3C       6       75.0%
BITSFR5              0      0       0       6        0.0%
SFR5                 0      0       0       6        0.0%
BITBANK1            50      0       0       7        0.0%
BITSFR6              0      0       0       7        0.0%
SFR6                 0      0       0       7        0.0%
BANK1               50     4E      50       8      100.0%
BITSFR7              0      0       0       8        0.0%
SFR7                 0      0       0       8        0.0%
BITBANK2            50      0       0       9        0.0%
BITSFR8              0      0       0       9        0.0%
SFR8                 0      0       0       9        0.0%
BANK2               50      0       0      10        0.0%
BITSFR9              0      0       0      10        0.0%
SFR9                 0      0       0      10        0.0%
BITBANK3            50      0       0      11        0.0%
BITSFR10             0      0       0      11        0.0%
SFR10                0      0       0      11        0.0%
BANK3               50      0       0      12        0.0%
BITSFR11             0      0       0      12        0.0%
SFR11                0      0       0      12        0.0%
BITBANK4            30      0       0      13        0.0%
BITSFR12             0      0       0      13        0.0%
SFR12                0      0       0      13        0.0%
BANK4               30      0       0      14        0.0%
BITSFR13             0      0       0      14        0.0%
SFR13                0      0       0      14        0.0%
BITSFR14             0      0       0      15        0.0%
SFR14                0      0       0      15        0.0%
DATA                 0      0      9A      15        0.0%
BITSFR15             0      0       0      16        0.0%
SFR15                0      0       0      16        0.0%
BITSFR16             0      0       0      17        0.0%
SFR16                0      0       0      17        0.0%
BITSFR17             0      0       0      18        0.0%
SFR17                0      0       0      18        0.0%
BITSFR18             0      0       0      19        0.0%
SFR18                0      0       0      19        0.0%
BITSFR19             0      0       0      20        0.0%
SFR19                0      0       0      20        0.0%
BITSFR20             0      0       0      21        0.0%
SFR20                0      0       0      21        0.0%
BITSFR21             0      0       0      22        0.0%
SFR21                0      0       0      22        0.0%
BITSFR22             0      0       0      23        0.0%
SFR22                0      0       0      23        0.0%
BITSFR23             0      0       0      24        0.0%
SFR23                0      0       0      24        0.0%
BITSFR24             0      0       0      25        0.0%
SFR24                0      0       0      25        0.0%
BITSFR25             0      0       0      26        0.0%
SFR25                0      0       0      26        0.0%
BITSFR26             0      0       0      27        0.0%
SFR26                0      0       0      27        0.0%
BITSFR27             0      0       0      28        0.0%
SFR27                0      0       0      28        0.0%
BITSFR28             0      0       0      29        0.0%
SFR28                0      0       0      29        0.0%
BITSFR29             0      0       0      30        0.0%
SFR29                0      0       0      30        0.0%
BITSFR30             0      0       0      31        0.0%
SFR30                0      0       0      31        0.0%
BITSFR31             0      0       0      32        0.0%
SFR31                0      0       0      32        0.0%


Microchip Technology PIC Macro Assembler V2.46 build 20240104201356 
Symbol Table                                                                                   Mon Aug 19 21:13:07 2024

                                            l7 0CD0                                   ___fldiv@aexp 00E1  
                                 ___fldiv@bexp 00E0                                   ___fldiv@sign 00D9  
                                           l60 0F1D                                             l54 0EB9  
                                           l57 0EC7                                             l91 0D25  
                                           l67 0E8E                                             l94 0CC9  
                                           l97 0CCC                                    i1___flmul@a 0024  
                                  i1___flmul@b 0020                         __end_of_FVR_Initialize 0CD1  
                              _timer0ReloadVal 004E                            __Umul8_16@word_mpld 00A6  
                                   i1___xxtofl 06EF                                            l100 0DE1  
                                          l105 0D8E                                            l211 0D5D  
                                          l302 0CF4                                            l151 0CDB  
                                          l401 07F9                                            l321 0D47  
                                          l154 0CD4                                            l404 0DC5  
                                          l148 0E00                                            l343 0D0F  
                                          l167 0CEB                                            l257 0E6C  
                                          l363 0CE3                                            l296 0CFD  
                                          l299 0D06                                            l922 04EB  
                                          l924 0643                                            l766 0FEA  
                                          l943 0615                                            l759 0FFF  
                                          l944 062F                                            l769 0FFF  
                                          l946 063C                                            l938 05C9  
                                          l962 025E                                            l981 0E37  
                                          l974 0252                                            l983 0E47  
                                          l968 01DE                                            _PR2 001B  
                              _timer1ReloadVal 0048                 ?_EUSART_SetFramingErrorHandler 00A0  
                                 i1___fltol@f1 003A                                _TMR2_Initialize 0CE4  
                                          wreg 0009                                   ___flmul@aexp 00BC  
                                 ___flmul@bexp 00C1                                   ___flmul@sign 00BB  
                                 ___flmul@temp 00C6                                   ___flmul@prod 00C2  
                                 ___fltol@exp1 00EB                                           l1020 06C6  
                                         l1012 06A0                                           l1006 0667  
                                         l1008 06EE                                           l1019 06BA  
                                         l3001 0210                                           l3011 0240  
                                         l3003 021D                                           l3013 024B  
                                         l3005 0227                                           l3101 0E98  
                                         l3015 024F                                           l3007 0235  
                                         l3031 066F                                           l3023 0646  
                                         l3103 0E9C                                           l2401 04FF  
                                         l3017 0250                                           l3009 023E  
                                         l3041 068D                                           l3025 064B  
                                         l3105 0EA2                                           l2403 0503  
                                         l3019 0256                                           l2331 0FB3  
                                         l2323 0F8F                                           l3051 06B4  
                                         l3043 0691                                           l3035 0678  
                                         l3027 064F                                           l3107 0EA4  
                                         l2421 0542                                           l2413 051A  
                                         l2333 0FB4                                           l2325 0F99  
                                         l3061 06E5                                           l3053 06BE  
                                         l3045 0699                                           l3037 067B  
                                         l3029 065F                                           l3109 0EAB  
                                         l2431 055C                                           l2423 0544  
                                         l2415 052A                                           l2407 050C  
                                         l2335 0FBC                                           l3063 06E6  
                                         l3055 06C8                                           l3047 06A7  
                                         l3039 0686                                           l3071 0EB7  
                                         l2425 0549                                           l2433 0563  
                                         l2441 0582                                           l2417 0532  
                                         l2409 0511                                           l2361 049E  
                                         l2353 0FE1                                           l2345 0FCA  
                                         l2337 0FBE                                           l2329 0FA2  
                                         l3057 06DC                                           l3049 06B0  
                                         l3081 0ED7                                           l3073 0EBD  
                                         l3083 0DE2                                           l2451 059D  
                                         l2443 0588                                           l2435 0575  
                                         l2427 0557                                           l2419 053A  
                                         l2371 04AF                                           l2363 04A0  
                                         l2355 0FEF                                           l2339 0FC2  
                                         l2347 0FDA                                           l3059 06E1  
                                         l3075 0EC4                                           l3067 0EB1  
                                         l3091 0E71                                           l3085 0DAA  
                                         l2461 05AE                                           l2453 059E  
                                         l2445 0590                                           l2437 0576  
                                         l2429 055B                                           l2381 04C7  
                                         l2373 04B7                                           l2365 04A4  
                                         l2357 0FF4                                           l3077 0ECC  
                                         l3069 0EB3                                           l3093 0E7A  
                                         l2471 05D3                                           l2463 05B2  
                                         l2455 05A5                                           l2447 0592  
                                         l2439 057E                                           l2391 04D8  
                                         l2383 04C9                                           l2375 04B8  
                                         l2367 04A5                                           l2359 049A  
                                         l3079 0ECF                                           l3095 0E7F  
                                         l3087 0E6D                                           l2481 0608  
                                         l2473 05DB                                           l2465 05C6  
                                         l2449 0599                                           l2457 05A9  
                                         l2393 04E0                                           l2385 04CD  
                                         l2369 04AA                                           l2377 04BA  
                                         l3097 0E84                                           l3089 0E70  
                                         l2811 0D48                                           l2803 0D1A  
                                         l2491 0636                                           l2483 0623  
                                         l2475 05DF                                           l2459 05AD  
                                         l2395 04E1                                           l2387 04CE  
                                         l2379 04C2                                           l3099 0E89  
                                         l2821 0D58                                           l2813 0D4B  
                                         l2805 0D1E                                           l2493 0638  
                                         l2485 0626                                           l2477 05F7  
                                         l2469 05CE                                           l2389 04D3  
                                         l2397 04E3                                           l2901 004B  
                                         l2831 0CDC                                           l2823 0CD5  
                                         l2815 0D4E                                           l2807 0D1F  
                                         l2487 062E                                           l2479 05FB  
                                         l2399 04F3                                           l2911 005C  
                                         l2903 0050                                           l2833 0CDF  
                                         l2841 07F1                                           l2761 0CFE  
                                         l2825 0CD8                                           l2817 0D50  
                                         l2809 0D23                                           l2489 0632  
                                         l2921 0078                                           l2913 0061  
                                         l2905 0052                                           l2835 0CE0  
                                         l2843 07F3                                           l2763 0CEC  
                                         l2827 0CD9                                           l2819 0D53  
                                         l2851 0CE4                                           l2771 0E33  
                                         l2931 009E                                           l2923 007D  
                                         l2915 0069                                           l2907 0056  
                                         l2845 07F5                                           l2837 07ED  
                                         l2757 0D07                                           l2861 0D38  
                                         l2853 0CE7                                           l2829 0CD1  
                                         l2781 0D76                                           l2773 0E3E  
                                         l2765 0E26                                           l2941 00F5  
                                         l2933 00B6                                           l2917 006B  
                                         l2909 0057                                           l2847 07F6  
                                         l2839 07F0                                           l2759 0CF5  
                                         l2871 0E48                                           l2863 0D3B  
                                         l2855 0CE8                                           l2783 0D7B  
                                         l2791 0D86                                           l2775 0E43  
                                         l2767 0E28                                           l2951 0120  
                                         l2943 00FC                                           l2935 00C3  
                                         l2927 0086                                           l2919 0073  
                                         l2849 07F7                                           l2881 0E6A  
                                         l2873 0E51                                           l2865 0D3D  
                                         l2857 0CE9                                           l2793 0D8A  
                                         l2785 0D7C                                           l2769 0E2F  
                                         l2961 0168                                           l2953 0132  
                                         l2945 0107                                           l2937 00DB  
                                         l2929 0091                                           l2875 0E52  
                                         l2779 0CCD                                           l2867 0D3E  
                                         l2859 0D33                                           l2795 0CC7  
                                         l2787 0D80                                           l2971 01AE  
                                         l2963 017D                                           l2955 0139  
                                         l2947 010E                                           l2939 00E8  
                                         l2891 002F                                           l2883 0024  
                                         l2877 0E5A                                           l2869 0D3F  
                                         l2797 0CCA                                           l2789 0D84  
                                         l2981 01C2                                           l2973 01B2  
                                         l2965 0194                                           l2957 014B  
                                         l2949 0119                                           l2893 0034  
                                         l2885 0028                                           l2879 0E62  
                                         l2799 0DC6                                           l2991 01E3  
                                         l2983 01C3                                           l2975 01B3  
                                         l2967 019B                                           l2959 0156  
                                         l2895 0039                                           l2887 002A  
                                         l2993 01E8                                           l2985 01C7  
                                         l2977 01BA                                           l2969 01A7  
                                         l2897 0041                                           l2889 002E  
                                         l2995 01F0                                           l2987 01DB  
                                         l2979 01BE                                           l2899 0043  
                                         l2997 01F4                                           l2999 020C  
                                         u2200 0FD9                                           u2201 0FD8  
                                         u2210 0FE0                                           u2211 0FDF  
                                         u2300 04D8                                           u3100 002E  
                                         u2301 04D7                                           u3101 002D  
                                         _LATA 010C                                           u2310 04F3  
                                         u3110 0034                                           u2230 0FEF  
                                         u2150 0F99                                           _LATB 010D  
                                         u2311 04F2                                           u3111 0033  
                                         u2231 0FEE                                           u2151 0F98  
                                         u2400 0590                                           u2320 0511  
                                         u3200 0173                                           u3120 0039  
                                         u2240 0FF4                                           u2160 0FAF  
                                         u2401 058F                                           u2321 0510  
                                         u3121 0038                                           u2241 0FF3  
                                         u2225 0FE2                                           u2330 0549  
                                         u2250 04A4                                           u3210 018A  
                                         u3130 0056                                           u2170 0FC2  
                                         u2331 0548                                           u2251 04A3  
                                         u3131 0055                                           u2171 0FC1  
                                         u2500 05ED                                           u2420 059D  
                                         u2260 04AA                                           u3060 0E33  
                                         u3300 01E8                                           u3140 005C  
                                         u2180 0FC9                                           u2421 059C  
                                         u2261 04A9                                           u3061 0E32  
                                         u3301 01E7                                           u3205 016F  
                                         u3141 005B                                           u2181 0FC8  
                                         u2165 0FAB                                           u2510 0608  
                                         u2270 04AF                                           u3310 01F4  
                                         u3150 0061                                           u2511 0607  
                                         u2415 0593                                           u2271 04AE  
                                         u3311 01F3                                           u3215 0186  
                                         u3151 0060                                           u2520 0623  
                                         u2440 05AD                                           u2360 055B  
                                         u2280 04CD                                           u3080 0E43  
                                         u3320 0202                                           u3240 01B2  
                                         u3160 0078                                           u3400 068C  
                                         u2521 0622                                           u2505 05E9  
                                         u2441 05AC                                           u2361 055A  
                                         u2345 054A                                           u2281 04CC  
                                         u3081 0E42                                           u3241 01B1  
                                         u3225 0195                                           u3161 0077  
                                         u3401 068B                                           u3090 0D7B  
                                         u2530 0636                                           u2450 05B2  
                                         u2290 04D3                                           u3330 021D  
                                         u3170 007D                                           u3091 0D7A  
                                         u2531 0635                                           u2515 0604  
                                         u2451 05B1                                           u2435 059F  
                                         u2355 0551                                           u2291 04D2  
                                         u3075 0E38                                           u3331 021C  
                                         u3235 01A8                                           u3171 007C  
                                         u2195 0FCB                                           u2460 05C6  
                                         u2380 0575                                           u3340 0235  
                                         u3260 01C2                                           u3420 06A6  
                                         u3500 0EBD                                           u2525 061F  
                                         u2461 05C5                                           u2381 0574  
                                         u3341 0234                                           u3325 01FE  
                                         u3261 01C1                                           u3421 06A5  
                                         u3501 0EBC                                           u2470 05CD  
                                         u2390 0588                                           u3350 024F  
                                         u3270 01C7                                           u3510 0ECC  
                                         u2471 05CC                                           u2391 0587  
                                         u2375 055D                                           u3351 024E  
                                         u3335 0219                                           u3271 01C6  
                                         u3255 01B4                                           u3415 069A  
                                         u3511 0ECB                                           u2480 05D3  
                                         u3280 01DB                                           u3440 06B4  
                                         u3360 064B                                           u2481 05D2  
                                         u2385 0571                                           u3345 0231  
                                         u3281 01DA                                           u3185 00F6  
                                         u3441 06B3                                           u3361 064A  
                                         u2490 05DF                                           u3290 01E2  
                                         u3450 06BA                                           u3370 064F  
                                         u3530 0E7F                                           u2491 05DE  
                                         u3291 01E1                                           u3195 0121  
                                         u3451 06B9                                           u3435 06AA  
                                         u3371 064E                                           u3531 0E7E  
                                         u3460 06BE                                           u3380 066F  
                                         u3540 0E89                                           u3525 0DBB  
                                         u3461 06BD                                           u3381 066E  
                                         u3541 0E88                                           u3470 06D2  
                                         u3550 0E98                                           u3551 0E97  
                                         u3480 06E1                                           u3560 0EA2  
                                         u3481 06E0                                           u3561 0EA1  
                                         u3490 06E5                                           u3491 06E4  
                                         u3475 06CE                                           u3395 0680  
                                         u3577 0EB4                                           i1l51 07EC  
                                         _TMR0 0015                                           _TMR2 001A  
                                         _WPUA 020C                                           _WPUB 020D  
                                         _main 0E6D                                  i1___flmul@grs 002E  
                                         _temp 004A                                           fsr0h 0005  
                                         indf0 0000                                           fsr0l 0004  
                                         btemp 007E                                           start 0013  
                              ___fldiv@new_exp 00DA                          ??_EPWM1_LoadDutyValue 00A2  
                      __end_of_TMR0_Initialize 0D48                 ??_TMR0_DefaultInterruptHandler 0070  
                              ?_FVR_Initialize 0070                                  ?_EUSART_Write 0070  
                __end_of_OSCILLATOR_Initialize 0CDC                                  ___fltol@sign1 00EA  
                                        ?_main 0070                                __end_of___fldiv 0644  
                              __end_of___flmul 025F                                __end_of___fltol 1000  
                              _TMR1_StartTimer 0CC7                                          _T1CON 0018  
                                        _T2CON 001C                                          i1l340 0D32  
                                        i1l415 0011                                          i1l336 0D75  
                                        i1l281 0D11                                          i1l346 0003  
                                        i1l284 0D19                                          i1l381 0DA9  
                                        i1l378 0DA1                                          i1l766 0F79  
                                        i1l759 0F8E                                          i1l769 0F8E  
                                        i1l962 0499                                          i1l981 0E13  
                                        i1l974 048D                                          i1l983 0E23  
                                        i1l968 0419                                          _RCREG 0199  
                                        _RCSTA 019D                                          _TMR1H 0017  
                                        _TMR1L 0016                                          _TRISA 008C  
                                        _TRISB 008D                                          _TXREG 019A  
                                        _TXSTA 019E                      ?_TMR0_SetInterruptHandler 00A0  
                             __end_of_TMR0_ISR 0D76                                 _WDT_Initialize 0CD1  
                               i1___flmul@aexp 0032                                 i1___flmul@bexp 0033  
                                        _tempH 0051                                          _tempL 0050  
                               i1___flmul@sign 002D                                 i1___flmul@temp 0038  
                               i1___flmul@prod 0034                        __end_of_TMR1_Initialize 0D26  
                                        pclath 000A                                 i1___fltol@exp1 0043  
                                        status 0003                                          wtemp0 007E  
                              _TMR1_WriteTimer 0D76                                __initialization 0015  
                                 __end_of_main 0EB1                                 ??_EUSART_Write 0070  
                      __end_of_TMR2_Initialize 0CEC                    ?_INTERRUPT_InterruptManager 0070  
                                       ??_main 00EE                                    ?i1___xxtofl 0070  
                       __end_of_WDT_Initialize 0CD5              _EUSART_DefaultFramingErrorHandler 0000  
                                       _ADCON0 009D                                         _ADCON1 009E  
                   _EUSART_OverrunErrorHandler 0058                                         _ADRESH 009C  
                                       _ADRESL 009B                                         _CCPR1H 0292  
                                       _CCPR1L 0291                                         _ANSELA 018C  
                                       _ANSELB 018D                                         _BORCON 0116  
                                       _T1GCON 0019                                         i1l1020 0770  
                                       i1l1012 074A                                         i1l1006 0711  
                                       i1l1008 0798                                         i1l2001 026A  
                      TMR1_WriteTimer@timerVal 00A0                                         i1l2011 0286  
                                       i1l2003 026F                                         i1l1019 0764  
                                       i1l2101 041E                                         i1l2021 0297  
                                       i1l2013 028B                                         i1l2005 0274  
                                       i1l2103 0423                                         i1l2111 044B  
                                       i1l2031 02B3                                         i1l2023 029C  
                                       i1l2015 028D                                         i1l2007 027C  
                                       i1l2121 047B                                         i1l2113 0458  
                                       i1l2105 042B                                         i1l2041 02D9  
                                       i1l2033 02B8                                         i1l2025 02A4  
                                       i1l2017 0291                                         i1l2009 027E  
                                       i1l2123 0486                                         i1l2115 0462  
                                       i1l2107 042F                                         i1l2051 0330  
                                       i1l2043 02F1                                         i1l2027 02A6  
                                       i1l2019 0292                                         i1l2125 048A  
                                       i1l2117 0470                                         i1l2109 0447  
                                       i1l2061 035B                                         i1l2053 0337  
                                       i1l2045 02FE                                         i1l2037 02C1  
                                       i1l2029 02AE                                         i1l2141 0719  
                                       i1l2133 06F0                                         i1l2127 048B  
                                       i1l2119 0479                                         i1l2071 03A3  
                                       i1l2063 036D                                         i1l2055 0342  
                                       i1l2047 0316                                         i1l2039 02CC  
                                       i1l2151 0737                                         i1l2135 06F5  
                                       u200_20 0736                                         i1l2129 0491  
                                       i1l2081 03E9                                         i1l2073 03B8  
                                       i1l2065 0374                                         i1l2057 0349  
                                       i1l2049 0323                                         i1l2161 075E  
                                       i1l2153 073B                                         u200_21 0735  
                                       i1l2145 0722                                         i1l2137 06F9  
                                       i1l2321 0D2D                                         i1l2091 03FD  
                                       i1l2083 03ED                                         i1l2075 03CF  
                                       i1l2067 0386                                         i1l2059 0354  
                                       i1l2171 078F                                         i1l2163 0768  
                                       i1l2155 0743                                         i1l2147 0725  
                                       i1l2139 0709                                         i1l2093 03FE  
                                       i1l2085 03EE                                         i1l2077 03D6  
                                       i1l2069 0391                                         i1l2173 0790  
                                       i1l2165 0772                                         i1l2157 0751  
                                       i1l2149 0730                                         i1l2181 07D3  
                                       i1l2095 0402                                         i1l2087 03F5  
                                       i1l2079 03E2                                         i1l2167 0786  
                                       i1l2159 075A                                         i1l2191 07E8  
                                       i1l2183 07D7                                         i1l2319 0D26  
                                       i1l2097 0416                                         i1l2089 03F9  
                                       i1l2169 078B                                         i1l2185 07DA  
                                       i1l2177 0799                                         i1l2187 07DE  
                                       i1l2179 07D1                                         u201_25 0744  
                                       i1l2189 07E1                                         i1l2703 0D5E  
                                       u202_20 0750                                         u202_21 074F  
                                       i1l2705 0D5F                                         i1l1931 0E0B  
                                       i1l2707 0D6F                                         i1l1941 0D90  
                                       i1l1933 0E0F                                         i1l2709 0D72  
                                       i1l1943 0D9A                                         i1l1935 0E1A  
                                       i1l1927 0E02                                         i1l2751 0006  
                                       i1l1945 0D9B                                         i1l1953 0D11  
                                       i1l1937 0E1F                                         i1l1929 0E04  
                                       i1l2753 000A                                         i1l1947 0D9F  
                                       i1l1955 0D16                                         i1l1971 0F4D  
                                       i1l1963 0F31                                         i1l2755 000E  
                                       i1l1949 0DA5                                         i1l1973 0F51  
                                       i1l1981 0F69                                         i1l1965 0F42  
                                       i1l1957 0F1E                                         u203_25 0754  
                                       i1l1991 0F83                                         i1l1967 0F43  
                                       i1l1959 0F28                                         u204_20 075E  
                                       i1l1993 025F                                         i1l1969 0F4B  
                                       u204_21 075D                                         i1l1995 0263  
                                       i1l1987 0F70                                         i1l1979 0F59  
                                       i1l1997 0265                                         i1l1989 0F7E  
                                       i1l1999 0269                                         u205_20 0764  
                                       u205_21 0763                                         u206_20 0768  
                                       u214_20 0D2D                                         u206_21 0767  
                                       u214_21 0D2C                                         u207_20 077C  
                                       u207_25 0778                                         u160_20 0F28  
                                       u208_20 078B                                         u304_20 000A  
                                       u160_21 0F27                                         u208_21 078A  
                                       u304_21 0009                                         u161_20 0F3E  
                                       u209_20 078F                                         u305_20 000E  
                                       u209_21 078E                                         u305_21 000D  
                                       u161_25 0F3A                                         u170_20 0269  
                                       u162_20 0F51                                         u170_21 0268  
                                       u162_21 0F50                                         u155_20 0E0F  
                                       u171_20 026F                                         u163_20 0F58  
                                       _FVRCON 0117                                         u155_21 0E0E  
                                       u171_21 026E                                         u163_21 0F57  
                                       u180_20 03AE                                         u172_20 0274  
                                       u172_21 0273                                         u156_25 0E14  
                                       u180_25 03AA                                         u164_25 0F5A  
                                       u157_20 0E1F                                         u181_20 03C5  
                                       u173_20 0291                                         u165_20 0F68  
                                       u157_21 0E1E                                         u173_21 0290  
                                       u165_21 0F67                                         u181_25 03C1  
                                       u158_20 0DA5                                         u190_20 0423  
                                       u174_20 0297                                         u166_20 0F6F  
                                       u158_21 0DA4                                         u190_21 0422  
                                       u174_21 0296                                         u166_21 0F6E  
                                       u182_25 03D0                                         u159_20 0D16  
                                       u191_20 042F                                         u175_20 029C  
                                       u159_21 0D15                                         u191_21 042E  
                                       u175_21 029B                                         u183_25 03E3  
                                       u167_25 0F71                                         u192_20 043D  
                                       u184_20 03ED                                         u176_20 02B3  
                                       u168_20 0F7E                                         u184_21 03EC  
                                       u176_21 02B2                                         u168_21 0F7D  
                                       u192_25 0439                                         u193_20 0458  
                                       u177_20 02B8                                         u169_20 0F83  
                                       u193_21 0457                                         u177_21 02B7  
                                       u169_21 0F82                                         u193_25 0454  
                                       u185_25 03EF                                         u194_20 0470  
                                       u186_20 03FD                                         u194_21 046F  
                                       u186_21 03FC                                         u194_25 046C  
                                       u178_25 0331                                         u195_20 048A  
                                       u187_20 0402                                         u195_21 0489  
                                       u187_21 0401                                         u179_25 035C  
                                       u188_20 0416                                         u196_20 06F5  
                                       u188_21 0415                                         u196_21 06F4  
                                       u189_20 041D                                         u197_20 06F9  
                                       u189_21 041C                                         u197_21 06F8  
                                       u198_20 0719                                         u198_21 0718  
                                       u358_27 0D9C                                         u199_25 072A  
                                       u297_20 0D6F                                         u297_21 0D6E  
                                       _OSCCON 0099                                         _SPBRGH 019C  
                                       _SPBRGL 019B                                         _WDTCON 0097  
                             __end_of___xxtofl 06EF                                   _CCPTMRS0bits 029E  
                      __end_of_TMR1_StartTimer 0CCA                                      ??___fldiv 00D0  
                                    ??___flmul 00B6                                      ??___fltol 00E6  
                    Trigger_and_Echo@tempo_voo 00EC                               ?_TMR0_Initialize 0070  
                            __end_ofi1___flmul 049A                              __end_ofi1___fltol 0F8F  
                              ?_WDT_Initialize 0070                                i1___fltol@sign1 0042  
                     ADC_GetConversion@channel 0073                          __end_of_TMR0_CallBack 0D33  
     TMR0_SetInterruptHandler@InterruptHandler 00A0                        __end_of_TMR1_WriteTimer 0D8F  
                             ?_TMR1_Initialize 0070                                   ___xxtofl@arg 00AA  
                                 ___xxtofl@exp 00A9                              _SYSTEM_Initialize 0DE2  
                                 ___xxtofl@val 00A0                        __end_of__initialization 0020  
                           ?_SYSTEM_Initialize 0070                                     ___fltol@f1 00E2  
                                 ?i1__Umul8_16 0070                              ?_EPWM1_Initialize 0070  
                               __pcstackCOMMON 0070                            ??_SYSTEM_Initialize 00A2  
                                    ?_TMR0_ISR 0070                             ??_EPWM1_Initialize 00A0  
                             ?_TMR2_Initialize 0070                                 _OPTION_REGbits 0095  
                        TMR0_ISR@CountCallBack 0046                ??_EUSART_SetOverrunErrorHandler 00A2  
                    __end_of_SYSTEM_Initialize 0E01                                     __pbssBANK0 0044  
                                   __pbssBANK1 00EE                           __end_of_EUSART_Write 0D1A  
                               i1___xxtofl@arg 007A                                 i1___xxtofl@exp 0079  
                               i1___xxtofl@val 0070                              __end_of__Umul8_16 0E48  
                             ??_FVR_Initialize 00A0                                     __pmaintext 0E6D  
             __end_of_TMR0_SetInterruptHandler 0D10                               ?_TMR1_StartTimer 0070  
                                   ??_TMR0_ISR 007E                                     __pintentry 0004  
                                      _CCP1CON 0293                                        _ECCP1AS 0295  
                                      _BAUDCON 019F                                        _APFCON0 011D  
                                      _APFCON1 011E                                      ?___xxtofl 00A0  
                          i1__Umul8_16@product 0074                                        _OSCTUNE 0098  
                                      _PWM1CON 0294                       ??_EUSART_SetErrorHandler 00A2  
                             ?_TMR1_WriteTimer 00A0                    __end_of_EPWM1_LoadDutyValue 0DC6  
                         _ADC_InterruptHandler 0044                                        ___fldiv 049A  
                                      ___flmul 0024                                        ___fltol 0F8F  
                     TMR1_ReadTimer@readValLow 00AA                                   ??i1___xxtofl 0074  
                                      __ptext1 0EB1                                        __ptext2 0644  
                                      __ptext3 0F8F                                        __ptext4 0024  
                                      __ptext5 0E24                                        __ptext6 049A  
                                      __ptext7 0D76                                        __ptext8 0CCA  
                                      __ptext9 0CC7                      TMR1_ReadTimer@readValHigh 00A9  
                                    _T1CONbits 0018                          _OSCILLATOR_Initialize 0CD5  
                                    _T2CONbits 001C                                     ??___xxtofl 00A4  
                     ??_PIN_MANAGER_Initialize 00A0                                        clrloop0 07FB  
                         end_of_initialization 0020                              __end_of_send_data 07ED  
        __end_of_EUSART_SetOverrunErrorHandler 0D07                  _EUSART_SetOverrunErrorHandler 0CFE  
                            _EUSART_Initialize 0E48                             __end_ofi1___xxtofl 0799  
                           ?_EUSART_Initialize 0070                                      _RCSTAbits 019D  
                             _Trigger_and_Echo 0EB1                            ??_EUSART_Initialize 00A2  
                        i1__Umul8_16@word_mpld 0076                               ??_WDT_Initialize 00A0  
                     _TMR0_SetInterruptHandler 0D07                                 _TMR1_ReadTimer 0DC6  
                                ___xxtofl@sign 00A8                                      i1___flmul 025F  
                                  ___fldiv@grs 00DC                                      i1___fltol 0F1E  
                                  ___fldiv@rem 00D5                                    ___flmul@grs 00BD  
                    __end_of_EUSART_Initialize 0E6D                                      _TXSTAbits 019E  
                   _EUSART_DefaultErrorHandler 0000                                   _EUSART_Write 0D10  
                               _ADC_Initialize 0CDC                                 _TMR1_StopTimer 0CCA  
                       ?_OSCILLATOR_Initialize 0070                         __end_of_TMR1_ReadTimer 0DE2  
                          start_initialization 0015                                     ?i1___flmul 0020  
                                   ?i1___fltol 003A                   EPWM1_LoadDutyValue@dutyValue 00A0  
               ?_EUSART_SetOverrunErrorHandler 00A0                     _EUSART_FramingErrorHandler 005A  
                       _EUSART_SetErrorHandler 0CEC                         __end_of_ADC_Initialize 0CE4  
                                    __Umul8_16 0E24                         __end_of_TMR1_StopTimer 0CCD  
                              ?_TMR1_ReadTimer 00A0                                      ___fldiv@a 00C8  
                                    ___fldiv@b 00CC                                      ___flmul@a 00B2  
                                    ___flmul@b 00AE                                      ___latbits 0001  
                                __pcstackBANK0 0020                                  __pcstackBANK1 00A0  
                              i1___xxtofl@sign 0078                          _TMR0_InterruptHandler 0054  
                                    __pnvBANK0 0054                         _PIN_MANAGER_Initialize 0D48  
                     i1__Umul8_16@multiplicand 0070                                       ?___fldiv 00C8  
                                     ?___flmul 00AE                                       ?___fltol 00E2  
                                   ?__Umul8_16 00A0                                ?_ADC_Initialize 0070  
                              ?_TMR1_StopTimer 0070                   ??_INTERRUPT_InterruptManager 007E  
                                    _distanceH 0052                                      _distanceL 0053  
                                  ??i1___flmul 0028                                    ??i1___fltol 003E  
                                _TMR0_CallBack 0D26                       __end_of_Trigger_and_Echo 0F1E  
                            ??_TMR0_Initialize 00A2                                       _LATAbits 010C  
       EUSART_SetErrorHandler@interruptHandler 00A0                                      clear_ram0 07FA  
                                    _send_data 0799                              _eusartRxLastError 004F  
                   ??_TMR0_SetInterruptHandler 00A2                                       _PIR1bits 0011  
              ??_EUSART_SetFramingErrorHandler 00A2                                       _TMR0_ISR 0D5E  
            _EUSART_DefaultOverrunErrorHandler 0000                                       _PSTR1CON 0296  
                            ??_TMR1_Initialize 00A0                                     _ADCON0bits 009D  
                             _EPWM1_Initialize 07ED                                 ?_TMR0_CallBack 0070  
                            ??_TMR2_Initialize 00A0                                  ??i1__Umul8_16 0072  
                                   ?_send_data 0070                              _ADC_GetConversion 0D8F  
                        TMR1_ReadTimer@readVal 00A7                        ??_OSCILLATOR_Initialize 00A0  
                                  ??__Umul8_16 00A2                            _EUSART_ErrorHandler 0056  
                           ?_ADC_GetConversion 0070                            ??_ADC_GetConversion 0072  
                                     ___xxtofl 0644                                       _air_flux 00EE  
                                     __ptext10 0DC6                                       __ptext11 0DE2  
                                     __ptext20 0E48                                       __ptext12 0CD1  
                                     __ptext21 0CFE                                       __ptext13 0CE4  
                                   _T1GCONbits 0019                                       __ptext30 0003  
                                     __ptext22 0CF5                                       __ptext14 0D1A  
                                     __ptext31 0799                                       __ptext23 0CEC  
                                     __ptext15 0D33                                       __ptext32 06EF  
                                     __ptext24 07ED                                       __ptext16 0D07  
                                     __ptext33 0F1E                                       __ptext25 0CDC  
                                     __ptext17 0D48                                       __ptext34 025F  
                                     __ptext26 0DAA                                       __ptext18 0CD5  
                                     __ptext35 0E01                                       __ptext19 0CCD  
                                     __ptext36 0D10                                       __ptext28 0D5E  
                                     __ptext37 0D8F                                       __ptext29 0D26  
                                     _distance 004C                              ??_TMR1_StartTimer 00A0  
         __end_of_TMR0_DefaultInterruptHandler 0004                   _TMR0_DefaultInterruptHandler 0003  
                    __end_of_ADC_GetConversion 0DAA                        ?_EUSART_SetErrorHandler 00A0  
EUSART_SetOverrunErrorHandler@interruptHandler 00A0                               ??_TMR1_ReadTimer 00A2  
                                     int$flags 007E                            __end_ofi1__Umul8_16 0E24  
           __end_of_INTERRUPT_InterruptManager 0013                     _INTERRUPT_InterruptManager 0004  
        __end_of_EUSART_SetFramingErrorHandler 0CFE                  _EUSART_SetFramingErrorHandler 0CF5  
                            ??_TMR1_WriteTimer 00A2                                     _INTCONbits 000B  
                              ??_TMR0_CallBack 007E                                     _FVRCONbits 0117  
                                     intlevel1 0000                         i1__Umul8_16@multiplier 0078  
                      ?_PIN_MANAGER_Initialize 0070                 __end_of_EUSART_SetErrorHandler 0CF5  
                                  ??_send_data 007E                               ??_ADC_Initialize 00A0  
                             ??_TMR1_StopTimer 00A0                  ?_TMR0_DefaultInterruptHandler 0070  
EUSART_SetFramingErrorHandler@interruptHandler 00A0                                 _FVR_Initialize 0CCD  
                       __Umul8_16@multiplicand 00A0                                     _OPTION_REG 0095  
                              _TMR0_Initialize 0D33                            _EPWM1_LoadDutyValue 0DAA  
                           EUSART_Write@txData 0070                 __end_of_PIN_MANAGER_Initialize 0D5E  
                            ?_Trigger_and_Echo 0070                             ??_Trigger_and_Echo 00EC  
                         __Umul8_16@multiplier 00A8                                    i1__Umul8_16 0E01  
                              _TMR1_Initialize 0D1A                       __end_of_EPWM1_Initialize 07FA  
                         ?_EPWM1_LoadDutyValue 00A0                              __Umul8_16@product 00A4  
